{"name": "Road414", "members_distance": null, "m1": {"control_nodes": [[125.0, 0.0, -28.0, 8.0], [125.0, 25.0, -28.0, 8.0], [125.0, 50.0, -28.0, 8.0], [117.86079613857109, 73.63796438998293, -28.0, 8.0], [91.43214710214681, 89.37097416622886, -28.0, 8.0], [72.89146751595521, 94.14119905064248, -28.0, 8.0], [49.13476579741595, 97.62052657464412, -28.0, 8.0], [29.85092325693669, 114.67048557620657, -28.0, 8.0], [20.485758421538886, 137.85008194037627, -28.0, 8.0], [22.229670265142015, 162.78918319687187, -28.0, 8.0], [23.973582108745145, 187.72828445336748, -28.0, 8.0]], "sample_nodes": [[125.0, 25.0, -28.0, 8.0], [125.03953764831877, 27.784466868608416, -28.0, 8.0], [125.13838176911572, 30.57896737346277, -28.0, 8.0], [125.26687912615174, 33.378484696440104, -28.0, 8.0], [125.39537648318776, 36.178002019417455, -28.0, 8.0], [125.4942206039847, 38.97250252427182, -28.0, 8.0], [125.53375825230347, 41.75696939288022, -28.0, 8.0], [125.48433619190502, 44.52638580711971, -28.0, 8.0], [125.3163011865502, 47.275734948867296, -28.0, 8.0], [125.0, 50.0, -28.0, 8.0], [124.60494794932474, 52.72877543840705, -28.0, 8.0], [124.19212557584774, 55.50699579256113, -28.0, 8.0], [123.7264852154679, 58.30250592528874, -28.0, 8.0], [123.17297920408421, 61.08315069941642, -28.0, 8.0], [122.49655987759562, 63.816774977770635, -28.0, 8.0], [121.66217957190102, 66.47122362317788, -28.0, 8.0], [120.63479062289946, 69.01434149846469, -28.0, 8.0], [119.37934536648982, 71.41397346645752, -28.0, 8.0], [117.86079613857109, 73.63796438998293, -28.0, 8.0], [115.76111677141662, 75.93856102410209, -28.0, 8.0], [113.23380668710669, 78.09716586516433, -28.0, 8.0], [110.37247506523136, 80.11543777768424, -28.0, 8.0], [107.27073108538063, 81.99503562617637, -28.0, 8.0], [104.02218392714451, 83.73761827515524, -28.0, 8.0], [100.72044277011305, 85.34484458913535, -28.0, 8.0], [97.45911679387629, 86.81837343263135, -28.0, 8.0], [94.3318151780242, 88.15986367015765, -28.0, 8.0], [91.43214710214681, 89.37097416622886, -28.0, 8.0], [89.29646369669743, 90.20549890022562, -28.0, 8.0], [87.22346090547832, 90.91424174656221, -28.0, 8.0], [85.19437645409141, 91.51848425564586, -28.0, 8.0], [83.19044806813868, 92.03950797788383, -28.0, 8.0], [81.19291347322206, 92.49859446368342, -28.0, 8.0], [79.18301039494347, 92.91702526345179, -28.0, 8.0], [77.14197655890482, 93.31608192759626, -28.0, 8.0], [75.05104969070808, 93.71704600652407, -28.0, 8.0], [72.89146751595521, 94.14119905064248, -28.0, 8.0], [70.3629819284047, 94.54416129244127, -28.0, 8.0], [67.7279190639425, 94.80159203335242, -28.0, 8.0], [65.02004619088093, 94.97410795646843, -28.0, 8.0], [62.2731305775324, 95.12232574488179, -28.0, 8.0], [59.52093949220914, 95.3068620816849, -28.0, 8.0], [56.797240203223524, 95.58833364997024, -28.0, 8.0], [54.13579997888792, 96.02735713283025, -28.0, 8.0], [51.57038608751461, 96.6845492133574, -28.0, 8.0], [49.13476579741595, 97.62052657464412, -28.0, 8.0], [46.700739000919, 98.87865124216405, -28.0, 8.0], [44.29686547037759, 100.36464269809647, -28.0, 8.0], [41.941441408810675, 102.04902037828694, -28.0, 8.0], [39.652763019237256, 103.90230371858124, -28.0, 8.0], [37.4491265046763, 105.89501215482488, -28.0, 8.0], [35.34882806814678, 107.9976651228636, -28.0, 8.0], [33.370163912667685, 110.18078205854302, -28.0, 8.0], [31.531430241257997, 112.4148823977088, -28.0, 8.0], [29.85092325693669, 114.67048557620657, -28.0, 8.0], [28.329356462478348, 116.95847696774572, -28.0, 8.0], [26.913249643126548, 119.36223604117443, -28.0, 8.0], [25.60894062282047, 121.862953716639, -28.0, 8.0], [24.422767225499328, 124.44182091428588, -28.0, 8.0], [23.36106727510228, 127.08002855426133, -28.0, 8.0], [22.430178595568513, 129.75876755671175, -28.0, 8.0], [21.636439010837243, 132.4592288417835, -28.0, 8.0], [20.98618634484764, 135.16260332962287, -28.0, 8.0], [20.485758421538886, 137.85008194037627, -28.0, 8.0], [20.191885178197083, 140.54385840844446, -28.0, 8.0], [20.126593759526074, 143.2738386808815, -28.0, 8.0], [20.24416780059171, 146.03278199681358, -28.0, 8.0], [20.49889093645983, 148.81344759536705, -28.0, 8.0], [20.845046802196265, 151.608594715668, -28.0, 8.0], [21.236919032866865, 154.41098259684273, -28.0, 8.0], [21.628791263537455, 157.21337047801748, -28.0, 8.0], [21.9749471292739, 160.00851759831846, -28.0, 8.0], [22.229670265142012, 162.78918319687187, -28.0, 8.0]], "num_spline_nodes": 10, "road_bbox_size": [0.0, 0.0, 250.0, 250.0], "distance_to_boundary": -0.5511558131795398}, "seed": {"control_nodes": [[125.0, 0.0, -28.0, 8.0], [125.0, 25.0, -28.0, 8.0], [125.0, 50.0, -28.0, 8.0], [116.86079613857109, 73.63796438998293, -28.0, 8.0], [97.43214710214681, 89.37097416622886, -28.0, 8.0], [72.89146751595521, 94.14119905064248, -28.0, 8.0], [48.13476579741595, 97.62052657464412, -28.0, 8.0], [29.85092325693669, 114.67048557620657, -28.0, 8.0], [20.485758421538886, 137.85008194037627, -28.0, 8.0], [22.229670265142015, 162.78918319687187, -28.0, 8.0], [23.973582108745145, 187.72828445336748, -28.0, 8.0]],