{"name": "Road926", "members_distance": null, "m1": {"control_nodes": [[125.0, 0.0, -28.0, 8.0], [125.0, 25.0, -28.0, 8.0], [125.0, 50.0, -28.0, 8.0], [116.69070738193159, 81.90761889907589, -28.0, 8.0], [115.51181381324014, 97.81248635136953, -28.0, 8.0], [109.46508022811146, 116.62614014240258, -28.0, 8.0], [91.77044892079964, 147.85156500177627, -28.0, 8.0], [74.4309382583696, 152.81076374040876, -28.0, 8.0], [49.4461675828922, 151.93827632284624, -28.0, 8.0], [28.967366475667408, 166.2776872316224, -28.0, 8.0], [8.488565368442611, 180.61709814039855, -28.0, 8.0]], "sample_nodes": [[125.0, 25.0, -28.0, 8.0], [125.03695775278433, 27.763557950868893, -28.0, 8.0], [125.12935213474518, 30.505786161374452, -28.0, 8.0], [125.24946483129426, 33.237349501698354, -28.0, 8.0], [125.36957752784332, 35.968912842022256, -28.0, 8.0], [125.46197190980416, 38.71114105252782, -28.0, 8.0], [125.49892966258847, 41.47469900339671, -28.0, 8.0], [125.45273247160809, 44.27025156481059, -28.0, 8.0], [125.29566202227468, 47.10846360695114, -28.0, 8.0], [124.99999999999999, 50.0, -28.0, 8.0], [124.42387557205697, 53.453761726712706, -28.0, 8.0], [123.60075120117824, 57.06560725353671, -28.0, 8.0], [122.59929147282936, 60.77759308707505, -28.0, 8.0], [121.48816097247585, 64.53177573393077, -28.0, 8.0], [120.3360242855832, 68.27021170070688, -28.0, 8.0], [119.21154599761698, 71.9349574940064, -28.0, 8.0], [118.1833906940426, 75.4680696204324, -28.0, 8.0], [117.32022296032562, 78.81160458658789, -28.0, 8.0], [116.69070738193159, 81.90761889907589, -28.0, 8.0], [116.41614837041254, 83.89603807189889, -28.0, 8.0], [116.25237375267922, 85.77057543171688, -28.0, 8.0], [116.16728709252554, 87.55633621859016, -28.0, 8.0], [116.12879195374556, 89.27842567257906, -28.0, 8.0], [116.10479190013321, 90.96194903374393, -28.0, 8.0], [116.0631904954825, 92.63201154214507, -28.0, 8.0], [115.97189130358744, 94.31371843784284, -28.0, 8.0], [115.79879788824198, 96.03217496089754, -28.0, 8.0], [115.51181381324014, 97.81248635136953, -28.0, 8.0], [115.09201399494157, 99.83122753202773, -28.0, 8.0], [114.61924606367036, 101.84346994553928, -28.0, 8.0], [114.08920426759995, 103.85967714883736, -28.0, 8.0], [113.49758285490392, 105.89031269885521, -28.0, 8.0], [112.84007607375574, 107.94584015252599, -28.0, 8.0], [112.1123781723289, 110.03672306678293, -28.0, 8.0], [111.31018339879692, 112.17342499855921, -28.0, 8.0], [110.42918600133329, 114.36640950478802, -28.0, 8.0], [109.46508022811146, 116.62614014240258, -28.0, 8.0], [108.02352759491329, 119.95534953508904, -28.0, 8.0], [106.42165148937232, 123.65664562923183, -28.0, 8.0], [104.6719636662006, 127.58559293760202, -28.0, 8.0], [102.78697588011016, 131.59775597297062, -28.0, 8.0], [100.77919988581311, 135.54869924810862, -28.0, 8.0], [98.66114743802147, 139.29398727578723, -28.0, 8.0], [96.4453302914473, 142.68918456877728, -28.0, 8.0], [94.14426020080268, 145.58985563985, -28.0, 8.0], [91.77044892079965, 147.8515650017763, -28.0, 8.0], [90.03806875651065, 149.05680409754893, -28.0, 8.0], [88.25315362202959, 150.01193945305573, -28.0, 8.0], [86.41740791905985, 150.75406370551394, -28.0, 8.0], [84.53253604930484, 151.32026949214082, -28.0, 8.0], [82.60024241446794, 151.74764945015357, -28.0, 8.0], [80.62223141625256, 152.07329621676945, -28.0, 8.0], [78.60020745636211, 152.3343024292058, -28.0, 8.0], [76.53587493650002, 152.56776072467983, -28.0, 8.0], [74.4309382583696, 152.81076374040873, -28.0, 8.0], [71.84705765511754, 152.94895099428197, -28.0, 8.0], [69.12440534810419, 152.81259485773685, -28.0, 8.0], [66.30186152886759, 152.49416425163807, -28.0, 8.0], [63.418306388945865, 152.0861280968505, -28.0, 8.0], [60.51262011987705, 151.68095531423882, -28.0, 8.0], [57.623682913199204, 151.37111482466779, -28.0, 8.0], [54.79037496045039, 151.2490755490022, -28.0, 8.0], [52.051576453168714, 151.40730640810676, -28.0, 8.0], [49.4461675828922, 151.93827632284624, -28.0, 8.0], [46.972952334786186, 152.86380655215768, -28.0, 8.0], [44.59245250989524, 154.1023388046448, -28.0, 8.0], [42.286125023576346, 155.59127267567246, -28.0, 8.0], [40.035426791186495, 157.2680077606056, -28.0, 8.0], [37.82181472808268, 159.06994365480892, -28.0, 8.0], [35.62674574962186, 160.93447995364744, -28.0, 8.0], [33.43167677116107, 162.79901625248596, -28.0, 8.0], [31.218064708057256, 164.60095214668934, -28.0, 8.0], [28.967366475667408, 166.2776872316224, -28.0, 8.0]], "num_spline_nodes": 10, "road_bbox_size": [0.0, 0.0, 250.0, 250.0], "distance_to_boundary": -0.3530841460372809}, "seed": {"control_nodes": [[125.0, 0.0, -28.0, 8.0], [125.0, 25.0, -28.0, 8.0], [125.0, 50.0, -28.0, 8.0], [117.69070738193159, 73.90761889907589, -28.0, 8.0], [115.51181381324014, 98.81248635136953, -28.0, 8.0], [112.46508022811146, 123.62614014240258, -28.0, 8.0], [97.77044892079964, 143.85156500177627, -28.0, 8.0], [74.4309382583696, 152.81076374040876, -28.0, 8.0], [49.4461675828922, 151.93827632284624, -28.0, 8.0], [28.967366475667408, 166.2776872316224, -28.0, 8.0], [8.488565368442611, 180.61709814039855, -28.0, 8.0]],