{"name": "Road682", "members_distance": null, "m1": {"control_nodes": [[125.0, 0.0, -28.0, 8.0], [125.0, 25.0, -28.0, 8.0], [125.0, 50.0, -28.0, 8.0], [110.69070738193159, 77.90761889907589, -28.0, 8.0], [115.51181381324014, 100.81248635136953, -28.0, 8.0], [112.46508022811146, 118.62614014240258, -28.0, 8.0], [100.77044892079964, 143.85156500177627, -28.0, 8.0], [74.4309382583696, 152.81076374040876, -28.0, 8.0], [49.4461675828922, 151.93827632284624, -28.0, 8.0], [28.967366475667408, 166.2776872316224, -28.0, 8.0], [8.488565368442611, 180.61709814039855, -28.0, 8.0]], "sample_nodes": [[125.0, 25.0, -28.0, 8.0], [125.06613066283506, 27.778209371443463, -28.0, 8.0], [125.23145731992274, 30.55706613338544, -28.0, 8.0], [125.4463819741367, 33.336246590576685, -28.0, 8.0], [125.66130662835064, 36.115427047767945, -28.0, 8.0], [125.8266332854383, 38.894283809709925, -28.0, 8.0], [125.89276394827337, 41.67249318115337, -28.0, 8.0], [125.81010061972955, 44.44973146684906, -28.0, 8.0], [125.52904530268052, 47.22567497154769, -28.0, 8.0], [124.99999999999999, 50.0, -28.0, 8.0], [123.95665711374431, 53.11338823025325, -28.0, 8.0], [122.42655776700603, 56.23706146645632, -28.0, 8.0], [120.55974988758997, 59.36526809685444, -28.0, 8.0], [118.50628140330099, 62.49225650969298, -28.0, 8.0], [116.41620024194393, 65.61227509321714, -28.0, 8.0], [114.43955433132363, 68.71957223567223, -28.0, 8.0], [112.7263915992449, 71.80839632530356, -28.0, 8.0], [111.4267599735126, 74.87299575035632, -28.0, 8.0], [110.69070738193159, 77.90761889907589, -28.0, 8.0], [110.57561255462667, 80.51699875443997, -28.0, 8.0], [110.86088494478967, 83.12646087102037, -28.0, 8.0], [111.44466431489923, 85.72907057441508, -28.0, 8.0], [112.22509042743411, 88.31789319022204, -28.0, 8.0], [113.10030304487285, 90.88599404403925, -28.0, 8.0], [113.96844192969417, 93.42643846146461, -28.0, 8.0], [114.72764684437671, 95.93229176809615, -28.0, 8.0], [115.27605755139912, 98.39661928953181, -28.0, 8.0], [115.51181381324014, 100.81248635136953, -28.0, 8.0], [115.5035967495623, 102.87438170275672, -28.0, 8.0], [115.40208857763459, 104.87322351893374, -28.0, 8.0], [115.21188096275426, 106.82718469152098, -28.0, 8.0], [114.93756557021851, 108.75443811213887, -28.0, 8.0], [114.58373406532455, 110.67315667240783, -28.0, 8.0], [114.15497811336965, 112.60151326394828, -28.0, 8.0], [113.65588937965103, 114.55768077838059, -28.0, 8.0], [113.09105952946588, 116.55983210732522, -28.0, 8.0], [112.46508022811147, 118.62614014240259, -28.0, 8.0], [111.63071422510222, 121.36608595866934, -28.0, 8.0], [110.73645107573903, 124.31122452300573, -28.0, 8.0], [109.75813554178993, 127.38035313996492, -28.0, 8.0], [108.67161238502287, 130.49226911410005, -28.0, 8.0], [107.45272636720595, 133.56576974996432, -28.0, 8.0], [106.07732225010716, 136.5196523521109, -28.0, 8.0], [104.52124479549447, 139.27271422509295, -28.0, 8.0], [102.76033876513597, 141.7437526734637, -28.0, 8.0], [100.77044892079964, 143.85156500177627, -28.0, 8.0], [98.48672401191004, 145.61715758081684, -28.0, 8.0], [95.9018395007513, 147.13133013327206, -28.0, 8.0], [93.07598299683853, 148.41932059347945, -28.0, 8.0], [90.06934210968677, 149.5063668957763, -28.0, 8.0], [86.94210444881104, 150.41770697449988, -28.0, 8.0], [83.75445762372641, 151.17857876398762, -28.0, 8.0], [80.56658924394793, 151.81422019857675, -28.0, 8.0], [77.43868691899064, 152.34986921260472, -28.0, 8.0], [74.4309382583696, 152.81076374040873, -28.0, 8.0], [71.63083637520153, 153.0304605439212, -28.0, 8.0], [68.79331651323278, 152.93740635562193, -28.0, 8.0], [65.93698811900933, 152.6317116166543, -28.0, 8.0], [63.080460639077096, 152.21348676816183, -28.0, 8.0], [60.242343519982015, 151.78284225128783, -28.0, 8.0], [57.441246208270066, 151.43988850717588, -28.0, 8.0], [54.69577815048714, 151.28473597696933, -28.0, 8.0], [52.0245487931792, 151.41749510181165, -28.0, 8.0], [49.446167582892194, 151.9382763228462, -28.0, 8.0], [46.972952334786186, 152.86380655215768, -28.0, 8.0], [44.59245250989524, 154.1023388046448, -28.0, 8.0], [42.286125023576346, 155.59127267567246, -28.0, 8.0], [40.035426791186495, 157.2680077606056, -28.0, 8.0], [37.82181472808268, 159.06994365480892, -28.0, 8.0], [35.62674574962186, 160.93447995364744, -28.0, 8.0], [33.43167677116107, 162.79901625248596, -28.0, 8.0], [31.218064708057256, 164.60095214668934, -28.0, 8.0], [28.967366475667408, 166.2776872316224, -28.0, 8.0]], "num_spline_nodes": 10, "road_bbox_size": [0.0, 0.0, 250.0, 250.0], "distance_to_boundary": -0.24048749068956177}, "seed": {"control_nodes": [[125.0, 0.0, -28.0, 8.0], [125.0, 25.0, -28.0, 8.0], [125.0, 50.0, -28.0, 8.0], [117.69070738193159, 73.90761889907589, -28.0, 8.0], [115.51181381324014, 98.81248635136953, -28.0, 8.0], [112.46508022811146, 123.62614014240258, -28.0, 8.0], [97.77044892079964, 143.85156500177627, -28.0, 8.0], [74.4309382583696, 152.81076374040876, -28.0, 8.0], [49.4461675828922, 151.93827632284624, -28.0, 8.0], [28.967366475667408, 166.2776872316224, -28.0, 8.0], [8.488565368442611, 180.61709814039855, -28.0, 8.0]],