{"name": "Road398", "members_distance": null, "m1": {"control_nodes": [[125.0, 0.0, -28.0, 8.0], [125.0, 25.0, -28.0, 8.0], [125.0, 50.0, -28.0, 8.0], [116.86079613857109, 73.63796438998293, -28.0, 8.0], [91.43214710214681, 89.37097416622886, -28.0, 8.0], [72.89146751595521, 94.14119905064248, -28.0, 8.0], [49.13476579741595, 97.62052657464412, -28.0, 8.0], [29.85092325693669, 114.67048557620657, -28.0, 8.0], [20.485758421538886, 137.85008194037627, -28.0, 8.0], [22.229670265142015, 162.78918319687187, -28.0, 8.0], [23.973582108745145, 187.72828445336748, -28.0, 8.0]], "sample_nodes": [[125.0, 25.0, -28.0, 8.0], [125.04465955479522, 27.785251224197626, -28.0, 8.0], [125.15630844178328, 30.581712618025016, -28.0, 8.0], [125.30145199486775, 33.3837790966673, -28.0, 8.0], [125.4465955479522, 36.185845575309585, -28.0, 8.0], [125.55824443494026, 38.98230696913698, -28.0, 8.0], [125.60290398973547, 41.767558193334594, -28.0, 8.0], [125.54707954624146, 44.535994163087565, -28.0, 8.0], [125.35727643836178, 47.282009793581004, -28.0, 8.0], [125.0, 50.0, -28.0, 8.0], [124.53212905813311, 52.73472408888326, -28.0, 8.0], [124.01559769234598, 55.514166798315024, -28.0, 8.0], [123.42449411545408, 58.307561190798694, -28.0, 8.0], [122.73290654027295, 61.08414032883772, -28.0, 8.0], [121.91492317961809, 63.81313727493551, -28.0, 8.0], [120.94463224630492, 66.46378509159548, -28.0, 8.0], [119.79612195314908, 69.00531684132112, -28.0, 8.0], [118.44348051296596, 71.40696558661577, -28.0, 8.0], [116.86079613857109, 73.63796438998293, -28.0, 8.0], [114.77955587990566, 75.9096886257657, -28.0, 8.0], [112.32239928685861, 78.05324285533311, -28.0, 8.0], [109.57070137525503, 80.06745579151794, -28.0, 8.0], [106.60583716091989, 81.95115614715301, -28.0, 8.0], [103.50918165967823, 83.70317263507107, -28.0, 8.0], [100.36210988735506, 85.32233396810487, -28.0, 8.0], [97.24599685977546, 86.80746885908728, -28.0, 8.0], [94.24221759276435, 88.15740602085101, -28.0, 8.0], [91.43214710214681, 89.37097416622886, -28.0, 8.0], [89.31543312536988, 90.21470712322422, -28.0, 8.0], [87.25250784313299, 90.92834183802881, -28.0, 8.0], [85.22638736497616, 91.53402313195598, -28.0, 8.0], [83.22008780043936, 92.05389582631912, -28.0, 8.0], [81.21662525906262, 92.51010474243165, -28.0, 8.0], [79.19901585038583, 92.92479470160686, -28.0, 8.0], [77.15027568394902, 93.32011052515816, -28.0, 8.0], [75.05342086929214, 93.7181970343989, -28.0, 8.0], [72.89146751595521, 94.14119905064248, -28.0, 8.0], [70.3629819284047, 94.54416129244127, -28.0, 8.0], [67.7279190639425, 94.80159203335242, -28.0, 8.0], [65.02004619088093, 94.97410795646843, -28.0, 8.0], [62.2731305775324, 95.12232574488179, -28.0, 8.0], [59.52093949220914, 95.3068620816849, -28.0, 8.0], [56.797240203223524, 95.58833364997024, -28.0, 8.0], [54.13579997888792, 96.02735713283025, -28.0, 8.0], [51.57038608751461, 96.6845492133574, -28.0, 8.0], [49.13476579741595, 97.62052657464412, -28.0, 8.0], [46.700739000919, 98.87865124216405, -28.0, 8.0], [44.29686547037759, 100.36464269809647, -28.0, 8.0], [41.941441408810675, 102.04902037828694, -28.0, 8.0], [39.652763019237256, 103.90230371858124, -28.0, 8.0], [37.4491265046763, 105.89501215482488, -28.0, 8.0], [35.34882806814678, 107.9976651228636, -28.0, 8.0], [33.370163912667685, 110.18078205854302, -28.0, 8.0], [31.531430241257997, 112.4148823977088, -28.0, 8.0], [29.85092325693669, 114.67048557620657, -28.0, 8.0], [28.329356462478348, 116.95847696774572, -28.0, 8.0], [26.913249643126548, 119.36223604117443, -28.0, 8.0], [25.60894062282047, 121.862953716639, -28.0, 8.0], [24.422767225499328, 124.44182091428588, -28.0, 8.0], [23.36106727510228, 127.08002855426133, -28.0, 8.0], [22.430178595568513, 129.75876755671175, -28.0, 8.0], [21.636439010837243, 132.4592288417835, -28.0, 8.0], [20.98618634484764, 135.16260332962287, -28.0, 8.0], [20.485758421538886, 137.85008194037627, -28.0, 8.0], [20.191885178197083, 140.54385840844446, -28.0, 8.0], [20.126593759526074, 143.2738386808815, -28.0, 8.0], [20.24416780059171, 146.03278199681358, -28.0, 8.0], [20.49889093645983, 148.81344759536705, -28.0, 8.0], [20.845046802196265, 151.608594715668, -28.0, 8.0], [21.236919032866865, 154.41098259684273, -28.0, 8.0], [21.628791263537455, 157.21337047801748, -28.0, 8.0], [21.9749471292739, 160.00851759831846, -28.0, 8.0], [22.229670265142012, 162.78918319687187, -28.0, 8.0]], "num_spline_nodes": 10, "road_bbox_size": [0.0, 0.0, 250.0, 250.0], "distance_to_boundary": -0.4150725280843486}, "seed": {"control_nodes": [[125.0, 0.0, -28.0, 8.0], [125.0, 25.0, -28.0, 8.0], [125.0, 50.0, -28.0, 8.0], [116.86079613857109, 73.63796438998293, -28.0, 8.0], [97.43214710214681, 89.37097416622886, -28.0, 8.0], [72.89146751595521, 94.14119905064248, -28.0, 8.0], [48.13476579741595, 97.62052657464412, -28.0, 8.0], [29.85092325693669, 114.67048557620657, -28.0, 8.0], [20.485758421538886, 137.85008194037627, -28.0, 8.0], [22.229670265142015, 162.78918319687187, -28.0, 8.0], [23.973582108745145, 187.72828445336748, -28.0, 8.0]],