{"name": "Road658", "members_distance": null, "m1": {"control_nodes": [[125.0, 0.0, -28.0, 8.0], [125.0, 25.0, -28.0, 8.0], [125.0, 50.0, -28.0, 8.0], [116.69070738193159, 73.90761889907589, -28.0, 8.0], [113.51181381324014, 100.81248635136953, -28.0, 8.0], [112.46508022811146, 118.62614014240258, -28.0, 8.0], [90.77044892079964, 143.85156500177627, -28.0, 8.0], [74.4309382583696, 152.81076374040876, -28.0, 8.0], [49.4461675828922, 151.93827632284624, -28.0, 8.0], [28.967366475667408, 166.2776872316224, -28.0, 8.0], [8.488565368442611, 180.61709814039855, -28.0, 8.0]], "sample_nodes": [[125.0, 25.0, -28.0, 8.0], [125.04517255241042, 27.784557631354026, -28.0, 8.0], [125.15810393343651, 30.579285043072414, -28.0, 8.0], [125.3049147287704, 33.37909734497299, -28.0, 8.0], [125.45172552410426, 36.17890964687358, -28.0, 8.0], [125.56465690513033, 38.973637058591976, -28.0, 8.0], [125.60982945754074, 41.758194689945995, -28.0, 8.0], [125.55336376702775, 44.52749765075347, -28.0, 8.0], [125.36138041928342, 47.2764610508322, -28.0, 8.0], [125.0, 50.0, -28.0, 8.0], [124.4143682049602, 52.7000008307256, -28.0, 8.0], [123.61486827926936, 55.35729106118024, -28.0, 8.0], [122.65698410674563, 57.9855039417484, -28.0, 8.0], [121.5961995712072, 60.59827272281464, -28.0, 8.0], [120.48799855647232, 63.209230654763516, -28.0, 8.0], [119.38786494635909, 65.83201098797954, -28.0, 8.0], [118.35128262468581, 68.48024697284725, -28.0, 8.0], [117.43373547527057, 71.16757185975119, -28.0, 8.0], [116.69070738193159, 73.90761889907589, -28.0, 8.0], [116.0841880021591, 76.83018731515247, -28.0, 8.0], [115.57387723533674, 79.84319588141152, -28.0, 8.0], [115.14568306697706, 82.91504824429389, -28.0, 8.0], [114.78551348259268, 86.0141480502405, -28.0, 8.0], [114.47927646769612, 89.10889894569226, -28.0, 8.0], [114.21288000780004, 92.16770457709015, -28.0, 8.0], [113.97223208841693, 95.15896859087503, -28.0, 8.0], [113.74324069505948, 98.05109463348789, -28.0, 8.0], [113.51181381324015, 100.81248635136954, -28.0, 8.0], [113.40406121858086, 102.94689448646743, -28.0, 8.0], [113.42785175968974, 105.00256459439917, -28.0, 8.0], [113.52589361369945, 106.99662226508299, -28.0, 8.0], [113.64089495774283, 108.94619308843716, -28.0, 8.0], [113.7155639689526, 110.86840265437996, -28.0, 8.0], [113.69260882446159, 112.78037655282967, -28.0, 8.0], [113.51473770140254, 114.6992403737045, -28.0, 8.0], [113.12465877690823, 116.64211970692268, -28.0, 8.0], [112.46508022811146, 118.62614014240258, -28.0, 8.0], [111.08243789910763, 121.466479425376, -28.0, 8.0], [109.21969084499622, 124.45301518947781, -28.0, 8.0], [106.9724690628914, 127.51907241080312, -28.0, 8.0], [104.43640254990753, 130.5979760654471, -28.0, 8.0], [101.70712130315874, 133.62305112950486, -28.0, 8.0], [98.88025531975936, 136.52762257907156, -28.0, 8.0], [96.05143459682353, 139.24501539024226, -28.0, 8.0], [93.31628913146558, 141.70855453911213, -28.0, 8.0], [90.77044892079965, 143.8515650017763, -28.0, 8.0], [88.98543904619632, 145.26916166067423, -28.0, 8.0], [87.23850247397385, 146.58610947464842, -28.0, 8.0], [85.5100551484571, 147.80031543448226, -28.0, 8.0], [83.78051301397096, 148.90968653095916, -28.0, 8.0], [82.03029201484028, 149.91212975486252, -28.0, 8.0], [80.2398080953899, 150.80555209697573, -28.0, 8.0], [78.38947719994479, 151.58786054808223, -28.0, 8.0], [76.45971527282968, 152.2569620989654, -28.0, 8.0], [74.4309382583696, 152.81076374040876, -28.0, 8.0], [71.91560512466283, 153.1603788796672, -28.0, 8.0], [69.22936866084542, 153.13634380723303, -28.0, 8.0], [66.4175353837253, 152.85094880822567, -28.0, 8.0], [63.5254118101104, 152.41648416776496, -28.0, 8.0], [60.59830445680868, 151.9452401709704, -28.0, 8.0], [57.681519840628056, 151.54950710296157, -28.0, 8.0], [54.82036447837647, 151.34157524885825, -28.0, 8.0], [52.06014488686188, 151.43373489377993, -28.0, 8.0], [49.4461675828922, 151.93827632284624, -28.0, 8.0], [46.972952334786186, 152.86380655215768, -28.0, 8.0], [44.59245250989524, 154.1023388046448, -28.0, 8.0], [42.286125023576346, 155.59127267567246, -28.0, 8.0], [40.035426791186495, 157.2680077606056, -28.0, 8.0], [37.82181472808268, 159.06994365480892, -28.0, 8.0], [35.62674574962186, 160.93447995364744, -28.0, 8.0], [33.43167677116107, 162.79901625248596, -28.0, 8.0], [31.218064708057256, 164.60095214668934, -28.0, 8.0], [28.967366475667408, 166.2776872316224, -28.0, 8.0]], "num_spline_nodes": 10, "road_bbox_size": [0.0, 0.0, 250.0, 250.0], "distance_to_boundary": -0.32355219312973427}, "seed": {"control_nodes": [[125.0, 0.0, -28.0, 8.0], [125.0, 25.0, -28.0, 8.0], [125.0, 50.0, -28.0, 8.0], [117.69070738193159, 73.90761889907589, -28.0, 8.0], [115.51181381324014, 98.81248635136953, -28.0, 8.0], [112.46508022811146, 123.62614014240258, -28.0, 8.0], [97.77044892079964, 143.85156500177627, -28.0, 8.0], [74.4309382583696, 152.81076374040876, -28.0, 8.0], [49.4461675828922, 151.93827632284624, -28.0, 8.0], [28.967366475667408, 166.2776872316224, -28.0, 8.0], [8.488565368442611, 180.61709814039855, -28.0, 8.0]],