{"name": "Road616", "members_distance": null, "m1": {"control_nodes": [[125.0, 0.0, -28.0, 8.0], [125.0, 25.0, -28.0, 8.0], [125.0, 50.0, -28.0, 8.0], [114.69070738193159, 77.90761889907589, -28.0, 8.0], [115.51181381324014, 98.81248635136953, -28.0, 8.0], [112.46508022811146, 118.62614014240258, -28.0, 8.0], [94.77044892079964, 143.85156500177627, -28.0, 8.0], [74.4309382583696, 152.81076374040876, -28.0, 8.0], [49.4461675828922, 151.93827632284624, -28.0, 8.0], [28.967366475667408, 166.2776872316224, -28.0, 8.0], [8.488565368442611, 180.61709814039855, -28.0, 8.0]], "sample_nodes": [[125.0, 25.0, -28.0, 8.0], [125.049599859118, 27.77472065294875, -28.0, 8.0], [125.17359950691304, 30.544855618653948, -28.0, 8.0], [125.33479904904652, 33.31269774073738, -28.0, 8.0], [125.49599859118005, 36.08053986282082, -28.0, 8.0], [125.61999823897506, 38.850674828526024, -28.0, 8.0], [125.66959809809305, 41.62539548147477, -28.0, 8.0], [125.60759827419555, 44.40699466528883, -28.0, 8.0], [125.39679887294405, 47.19776522358999, -28.0, 8.0], [125.0, 50.0, -28.0, 8.0], [124.25935043022452, 53.089519829260155, -28.0, 8.0], [123.19628811493914, 56.2193495026325, -28.0, 8.0], [121.90561558209936, 59.37342694925623, -28.0, 8.0], [120.48213535966083, 62.53569009827065, -28.0, 8.0], [119.02064997557912, 65.69007687881495, -28.0, 8.0], [117.61596195780976, 68.82052522002837, -28.0, 8.0], [116.36287383430837, 71.91097305105019, -28.0, 8.0], [115.35618813303043, 74.94535830101961, -28.0, 8.0], [114.69070738193159, 77.90761889907589, -28.0, 8.0], [114.42471243084304, 80.33407504230959, -28.0, 8.0], [114.3691145232203, 82.71917093567356, -28.0, 8.0], [114.4720180331864, 85.06952242629282, -28.0, 8.0], [114.68152733486446, 87.39174536129241, -28.0, 8.0], [114.94574680237743, 89.69245558779721, -28.0, 8.0], [115.21278080984845, 91.97826895293235, -28.0, 8.0], [115.43073373140052, 94.25580130382278, -28.0, 8.0], [115.54770994115673, 96.5316684875935, -28.0, 8.0], [115.51181381324015, 98.81248635136954, -28.0, 8.0], [115.39550488009536, 101.0396048307328, -28.0, 8.0], [115.28331430226461, 103.24958120423031, -28.0, 8.0], [115.14966810381787, 105.44701908243275, -28.0, 8.0], [114.9689923088249, 107.63652207591062, -28.0, 8.0], [114.71571294135555, 109.82269379523454, -28.0, 8.0], [114.36425602547968, 112.0101378509751, -28.0, 8.0], [113.88904758526715, 114.2034578537029, -28.0, 8.0], [113.2645136447878, 116.40725741398853, -28.0, 8.0], [112.46508022811147, 118.62614014240259, -28.0, 8.0], [111.21243646085209, 121.48394427104589, -28.0, 8.0], [109.69843894572259, 124.48743883537125, -28.0, 8.0], [107.95865789131042, 127.56829445462903, -28.0, 8.0], [106.02866350620309, 130.6581817480696, -28.0, 8.0], [103.944025998988, 133.68877133494328, -28.0, 8.0], [101.74031557825269, 136.59173383450047, -28.0, 8.0], [99.45310245258452, 139.29873986599145, -28.0, 8.0], [97.11795683057102, 141.7414600486666, -28.0, 8.0], [94.77044892079962, 143.85156500177624, -28.0, 8.0], [92.74179473864999, 145.40168222526142, -28.0, 8.0], [90.6384626704697, 146.79436805607844, -28.0, 8.0], [88.46767629809239, 148.03766623069538, -28.0, 8.0], [86.23665920335154, 149.13962048558037, -28.0, 8.0], [83.95263496808079, 150.10827455720144, -28.0, 8.0], [81.62282717411364, 150.95167218202675, -28.0, 8.0], [79.2544594032837, 151.67785709652435, -28.0, 8.0], [76.8547552374245, 152.29487303716235, -28.0, 8.0], [74.43093825836958, 152.81076374040873, -28.0, 8.0], [71.78434722294583, 153.09913988822845, -28.0, 8.0], [69.02837999884125, 153.0425716015924, -28.0, 8.0], [66.19603767457784, 152.74760801017277, -28.0, 8.0], [63.32032133867757, 152.32079824364192, -28.0, 8.0], [60.43423207966242, 151.86869143167195, -28.0, 8.0], [57.57077098605433, 151.49783670393515, -28.0, 8.0], [54.762939146375274, 151.3147831901038, -28.0, 8.0], [52.04373764914725, 151.42608001985008, -28.0, 8.0], [49.4461675828922, 151.93827632284624, -28.0, 8.0], [46.972952334786186, 152.86380655215768, -28.0, 8.0], [44.59245250989524, 154.1023388046448, -28.0, 8.0], [42.286125023576346, 155.59127267567246, -28.0, 8.0], [40.035426791186495, 157.2680077606056, -28.0, 8.0], [37.82181472808268, 159.06994365480892, -28.0, 8.0], [35.62674574962186, 160.93447995364744, -28.0, 8.0], [33.43167677116107, 162.79901625248596, -28.0, 8.0], [31.218064708057256, 164.60095214668934, -28.0, 8.0], [28.967366475667408, 166.2776872316224, -28.0, 8.0]], "num_spline_nodes": 10, "road_bbox_size": [0.0, 0.0, 250.0, 250.0], "distance_to_boundary": -0.47481586808940346}, "seed": {"control_nodes": [[125.0, 0.0, -28.0, 8.0], [125.0, 25.0, -28.0, 8.0], [125.0, 50.0, -28.0, 8.0], [117.69070738193159, 73.90761889907589, -28.0, 8.0], [115.51181381324014, 98.81248635136953, -28.0, 8.0], [112.46508022811146, 123.62614014240258, -28.0, 8.0], [97.77044892079964, 143.85156500177627, -28.0, 8.0], [74.4309382583696, 152.81076374040876, -28.0, 8.0], [49.4461675828922, 151.93827632284624, -28.0, 8.0], [28.967366475667408, 166.2776872316224, -28.0, 8.0], [8.488565368442611, 180.61709814039855, -28.0, 8.0]],