{"name": "Road625", "members_distance": null, "m1": {"control_nodes": [[125.0, 0.0, -28.0, 8.0], [125.0, 25.0, -28.0, 8.0], [125.0, 50.0, -28.0, 8.0], [114.69070738193159, 73.90761889907589, -28.0, 8.0], [113.51181381324014, 100.81248635136953, -28.0, 8.0], [112.46508022811146, 118.62614014240258, -28.0, 8.0], [94.77044892079964, 143.85156500177627, -28.0, 8.0], [74.4309382583696, 152.81076374040876, -28.0, 8.0], [49.4461675828922, 151.93827632284624, -28.0, 8.0], [28.967366475667408, 166.2776872316224, -28.0, 8.0], [8.488565368442611, 180.61709814039855, -28.0, 8.0]], "sample_nodes": [[125.0, 25.0, -28.0, 8.0], [125.05486779306979, 27.786319634657705, -28.0, 8.0], [125.1920372757443, 30.58545205463529, -28.0, 8.0], [125.37035760322112, 33.390990867272826, -28.0, 8.0], [125.54867793069795, 36.19652967991037, -28.0, 8.0], [125.68584741337244, 38.995662099887966, -28.0, 8.0], [125.74071520644222, 41.78198173454567, -28.0, 8.0], [125.672130465105, 44.54908219122353, -28.0, 8.0], [125.43894234455834, 47.29055707726163, -28.0, 8.0], [125.0, 50.0, -28.0, 8.0], [124.26186685842187, 52.71371392572741, -28.0, 8.0], [123.23478223255543, 55.373288057902194, -28.0, 8.0], [121.99893849252582, 57.99578461242221, -28.0, 8.0], [120.63452800845822, 60.59826580518545, -28.0, 8.0], [119.22174315047783, 63.19779385208974, -28.0, 8.0], [117.84077628870979, 65.81143096903303, -28.0, 8.0], [116.57181979327932, 68.45623937191321, -28.0, 8.0], [115.4950660343115, 71.1492812766282, -28.0, 8.0], [114.69070738193159, 73.90761889907589, -28.0, 8.0], [114.14841667698882, 76.81278164864064, -28.0, 8.0], [113.8001985554231, 79.81724390691032, -28.0, 8.0], [113.6069471812132, 82.8874773452282, -28.0, 8.0], [113.52955671833797, 85.9899536349375, -28.0, 8.0], [113.52892133077621, 89.09114444738151, -28.0, 8.0], [113.56593518250672, 92.15752145390346, -28.0, 8.0], [113.60149243750837, 95.15555632584662, -28.0, 8.0], [113.59648725975991, 98.05172073455424, -28.0, 8.0], [113.51181381324014, 100.81248635136953, -28.0, 8.0], [113.45783588293897, 102.94623184801085, -28.0, 8.0], [113.49059062614435, 104.99466684996659, -28.0, 8.0], [113.56622913263428, 106.97780471592657, -28.0, 8.0], [113.6409024921866, 108.91565880458054, -28.0, 8.0], [113.67076179457925, 110.82824247461826, -28.0, 8.0], [113.61195812959018, 112.73556908472958, -28.0, 8.0], [113.42064258699722, 114.65765199360419, -28.0, 8.0], [113.05296625657837, 116.61450455993196, -28.0, 8.0], [112.46508022811147, 118.62614014240259, -28.0, 8.0], [111.34968402487368, 121.42546004219457, -28.0, 8.0], [109.90859927813062, 124.39788485994268, -28.0, 8.0], [108.19026315559685, 127.46960231844244, -28.0, 8.0], [106.24311282498682, 130.56680014048942, -28.0, 8.0], [104.11558545401499, 133.61566604887915, -28.0, 8.0], [101.8561182103959, 136.54238776640716, -28.0, 8.0], [99.51314826184395, 139.27315301586898, -28.0, 8.0], [97.13511277607373, 141.73414952006019, -28.0, 8.0], [94.77044892079962, 143.85156500177624, -28.0, 8.0], [92.74179473864999, 145.40168222526142, -28.0, 8.0], [90.6384626704697, 146.79436805607844, -28.0, 8.0], [88.46767629809239, 148.03766623069538, -28.0, 8.0], [86.23665920335154, 149.13962048558037, -28.0, 8.0], [83.95263496808079, 150.10827455720144, -28.0, 8.0], [81.62282717411364, 150.95167218202675, -28.0, 8.0], [79.2544594032837, 151.67785709652435, -28.0, 8.0], [76.8547552374245, 152.29487303716235, -28.0, 8.0], [74.43093825836958, 152.81076374040873, -28.0, 8.0], [71.78434722294583, 153.09913988822845, -28.0, 8.0], [69.02837999884125, 153.0425716015924, -28.0, 8.0], [66.19603767457784, 152.74760801017277, -28.0, 8.0], [63.32032133867757, 152.32079824364192, -28.0, 8.0], [60.43423207966242, 151.86869143167195, -28.0, 8.0], [57.57077098605433, 151.49783670393515, -28.0, 8.0], [54.762939146375274, 151.3147831901038, -28.0, 8.0], [52.04373764914725, 151.42608001985008, -28.0, 8.0], [49.4461675828922, 151.93827632284624, -28.0, 8.0], [46.972952334786186, 152.86380655215768, -28.0, 8.0], [44.59245250989524, 154.1023388046448, -28.0, 8.0], [42.286125023576346, 155.59127267567246, -28.0, 8.0], [40.035426791186495, 157.2680077606056, -28.0, 8.0], [37.82181472808268, 159.06994365480892, -28.0, 8.0], [35.62674574962186, 160.93447995364744, -28.0, 8.0], [33.43167677116107, 162.79901625248596, -28.0, 8.0], [31.218064708057256, 164.60095214668934, -28.0, 8.0], [28.967366475667408, 166.2776872316224, -28.0, 8.0]], "num_spline_nodes": 10, "road_bbox_size": [0.0, 0.0, 250.0, 250.0], "distance_to_boundary": -0.5488782965202961}, "seed": {"control_nodes": [[125.0, 0.0, -28.0, 8.0], [125.0, 25.0, -28.0, 8.0], [125.0, 50.0, -28.0, 8.0], [117.69070738193159, 73.90761889907589, -28.0, 8.0], [115.51181381324014, 98.81248635136953, -28.0, 8.0], [112.46508022811146, 123.62614014240258, -28.0, 8.0], [97.77044892079964, 143.85156500177627, -28.0, 8.0], [74.4309382583696, 152.81076374040876, -28.0, 8.0], [49.4461675828922, 151.93827632284624, -28.0, 8.0], [28.967366475667408, 166.2776872316224, -28.0, 8.0], [8.488565368442611, 180.61709814039855, -28.0, 8.0]],