{"name": "Road782", "members_distance": null, "m1": {"control_nodes": [[125.0, 0.0, -28.0, 8.0], [125.0, 25.0, -28.0, 8.0], [125.0, 50.0, -28.0, 8.0], [118.52952387243698, 74.1481456572267, -28.0, 8.0], [127.48872261106949, 96.48765631965675, -28.0, 8.0], [136.447921349702, 123.8271669820868, -28.0, 8.0], [134.70400950609886, 145.7662682385824, -28.0, 8.0], [135.14031966703095, 170.7624606174922, -28.0, 8.0], [151.8685848260024, 189.34108125442705, -28.0, 8.0], [176.0167304832291, 195.81155738199007, -28.0, 8.0], [200.27412364012903, 201.85960477198176, -28.0, 8.0]], "sample_nodes": [[125.0, 25.0, -28.0, 8.0], [125.03550329836797, 27.782451875680515, -28.0, 8.0], [125.12426154428792, 30.57191489821512, -28.0, 8.0], [125.23964726398383, 33.36488349417678, -28.0, 8.0], [125.35503298367973, 36.157852090138455, -28.0, 8.0], [125.44379122959967, 38.94731511267307, -28.0, 8.0], [125.47929452796762, 41.729766988353575, -28.0, 8.0], [125.43491540500769, 44.50170214375294, -28.0, 8.0], [125.28402638694378, 47.259615005444104, -28.0, 8.0], [125.0, 50.0, -28.0, 8.0], [124.47866873640402, 52.72816793909084, -28.0, 8.0], [123.69457631604567, 55.45027980197873, -28.0, 8.0], [122.73916210664211, 58.1641052666246, -28.0, 8.0], [121.70386547591062, 60.86741401098931, -28.0, 8.0], [120.68012579156843, 63.557975713033755, -28.0, 8.0], [119.75938242133273, 66.23356005071884, -28.0, 8.0], [119.0330747329208, 68.89193670200544, -28.0, 8.0], [118.59264209404981, 71.53087534485444, -28.0, 8.0], [118.52952387243698, 74.1481456572267, -28.0, 8.0], [118.8634143676695, 76.67523754321684, -28.0, 8.0], [119.51530986520615, 79.1537469538735, -28.0, 8.0], [120.4198056531253, 81.59968166063139, -28.0, 8.0], [121.51149701950558, 84.02904943492544, -28.0, 8.0], [122.72497925242533, 86.45785804819045, -28.0, 8.0], [123.99484763996311, 88.90211527186126, -28.0, 8.0], [125.2556974701974, 91.37782887737268, -28.0, 8.0], [126.44212403120669, 93.90100663615955, -28.0, 8.0], [127.4887226110695, 96.48765631965675, -28.0, 8.0], [128.58663660365346, 99.40489412709762, -28.0, 8.0], [129.7627619034228, 102.40460474297794, -28.0, 8.0], [130.97260286450498, 105.46435184934109, -28.0, 8.0], [132.17166384102742, 108.5616991282304, -28.0, 8.0], [133.31544918711745, 111.67421026168921, -28.0, 8.0], [134.35946325690253, 114.77944893176091, -28.0, 8.0], [135.2592104045101, 117.85497882048885, -28.0, 8.0], [135.9701949840674, 120.87836360991635, -28.0, 8.0], [136.447921349702, 123.8271669820868, -28.0, 8.0], [136.63510666155636, 126.33760813212633, -28.0, 8.0], [136.62120026085478, 128.79810931416824, -28.0, 8.0], [136.45156788571293, 131.22227731099875, -28.0, 8.0], [136.17157527424666, 133.62371890540436, -28.0, 8.0], [135.8265881645716, 136.0160408801715, -28.0, 8.0], [135.4619722948036, 138.41285001808643, -28.0, 8.0], [135.12309340305828, 140.82775310193566, -28.0, 8.0], [134.85531722745148, 143.27435691450555, -28.0, 8.0], [134.70400950609888, 145.7662682385824, -28.0, 8.0], [134.55914641003756, 148.5057566889057, -28.0, 8.0], [134.32891903677535, 151.3323205685444, -28.0, 8.0], [134.07062729113025, 154.2126989354822, -28.0, 8.0], [133.84157107792038, 157.11363084770318, -28.0, 8.0], [133.69905030196372, 160.00185536319123, -28.0, 8.0], [133.7003648680784, 162.84411153993022, -28.0, 8.0], [133.90281468108248, 165.60713843590415, -28.0, 8.0], [134.36369964579396, 168.25767510909685, -28.0, 8.0], [135.14031966703095, 170.7624606174922, -28.0, 8.0], [136.2431556011138, 173.17489291567108, -28.0, 8.0], [137.6201479713847, 175.55493192293997, -28.0, 8.0], [139.23478618319425, 177.8791596443713, -28.0, 8.0], [141.0505596418932, 180.1241580850375, -28.0, 8.0], [143.0309577528322, 182.266509250011, -28.0, 8.0], [145.13946992136192, 184.28279514436423, -28.0, 8.0], [147.3395855528331, 186.14959777316975, -28.0, 8.0], [149.59479405259637, 187.84349914149988, -28.0, 8.0], [151.8685848260024, 189.34108125442705, -28.0, 8.0], [154.22541148209638, 190.59383695481498, -28.0, 8.0], [156.73401142005014, 191.600930659023, -28.0, 8.0], [159.3642997304045, 192.41045173236714, -28.0, 8.0], [162.08619150370032, 193.07048954016352, -28.0, 8.0], [164.86960183047833, 193.62913344772812, -28.0, 8.0], [167.68444580127942, 194.134472820377, -28.0, 8.0], [170.50063850664438, 194.6345970234263, -28.0, 8.0], [173.288095037114, 195.17759542219198, -28.0, 8.0], [176.0167304832291, 195.81155738199007, -28.0, 8.0]], "num_spline_nodes": 10, "road_bbox_size": [0.0, 0.0, 250.0, 250.0], "distance_to_boundary": -0.41337703258317005}, "seed": {"control_nodes": [[125.0, 0.0, -28.0, 8.0], [125.0, 25.0, -28.0, 8.0], [125.0, 50.0, -28.0, 8.0], [118.52952387243698, 74.1481456572267, -28.0, 8.0], [127.48872261106949, 97.48765631965675, -28.0, 8.0], [136.447921349702, 120.8271669820868, -28.0, 8.0], [134.70400950609886, 145.7662682385824, -28.0, 8.0], [135.14031966703095, 170.7624606174922, -28.0, 8.0], [151.8685848260024, 189.34108125442705, -28.0, 8.0], [176.0167304832291, 195.81155738199007, -28.0, 8.0], [200.27412364012903, 201.85960477198176, -28.0, 8.0]],