{"name": "Road754", "members_distance": null, "m1": {"control_nodes": [[125.0, 0.0, -28.0, 8.0], [125.0, 25.0, -28.0, 8.0], [125.0, 50.0, -28.0, 8.0], [118.52952387243698, 74.1481456572267, -28.0, 8.0], [127.48872261106949, 97.48765631965675, -28.0, 8.0], [136.447921349702, 123.8271669820868, -28.0, 8.0], [134.70400950609886, 145.7662682385824, -28.0, 8.0], [135.14031966703095, 170.7624606174922, -28.0, 8.0], [151.8685848260024, 189.34108125442705, -28.0, 8.0], [176.0167304832291, 195.81155738199007, -28.0, 8.0], [200.27412364012903, 201.85960477198176, -28.0, 8.0]], "sample_nodes": [[125.0, 25.0, -28.0, 8.0], [125.03550329836797, 27.782451875680515, -28.0, 8.0], [125.12426154428792, 30.57191489821512, -28.0, 8.0], [125.23964726398383, 33.36488349417678, -28.0, 8.0], [125.35503298367973, 36.157852090138455, -28.0, 8.0], [125.44379122959967, 38.94731511267307, -28.0, 8.0], [125.47929452796762, 41.729766988353575, -28.0, 8.0], [125.43491540500769, 44.50170214375294, -28.0, 8.0], [125.28402638694378, 47.259615005444104, -28.0, 8.0], [125.0, 50.0, -28.0, 8.0], [124.48042245580882, 52.724957033173254, -28.0, 8.0], [123.7007143339625, 55.43904163126717, -28.0, 8.0], [122.75099971262458, 58.14243165168087, -28.0, 8.0], [121.72140266995874, 60.83530495181343, -28.0, 8.0], [120.70204728412858, 63.51783938906391, -28.0, 8.0], [119.78305763329769, 66.19021282083139, -28.0, 8.0], [119.05455779562973, 68.85260310451497, -28.0, 8.0], [118.60667184928832, 71.50518809751372, -28.0, 8.0], [118.52952387243698, 74.1481456572267, -28.0, 8.0], [118.85018422850413, 76.76822252914901, -28.0, 8.0], [119.49206402104024, 79.35861422862902, -28.0, 8.0], [120.38979843839229, 81.92917176784597, -28.0, 8.0], [121.47802266890729, 84.48974615897902, -28.0, 8.0], [122.69137190093213, 87.05018841420731, -28.0, 8.0], [123.96448132281377, 89.62034954571004, -28.0, 8.0], [125.23198612289927, 92.21008056566643, -28.0, 8.0], [126.42852148953551, 94.82923248625559, -28.0, 8.0], [127.48872261106948, 97.48765631965674, -28.0, 8.0], [128.5697901208963, 100.34654798540862, -28.0, 8.0], [129.7355989559142, 103.25630864684385, -28.0, 8.0], [130.9406598714008, 106.20239308760611, -28.0, 8.0], [132.13948362263358, 109.17025609133893, -28.0, 8.0], [133.28658096488996, 112.14535244168587, -28.0, 8.0], [134.3364626534475, 115.11313692229058, -28.0, 8.0], [135.2436394435837, 118.05906431679658, -28.0, 8.0], [135.96262209057605, 120.96858940884745, -28.0, 8.0], [136.447921349702, 123.8271669820868, -28.0, 8.0], [136.64409128630072, 126.3182791180255, -28.0, 8.0], [136.63495796749453, 128.76851176132627, -28.0, 8.0], [136.46672943996901, 131.18965959970353, -28.0, 8.0], [136.18561375040971, 133.59351732087177, -28.0, 8.0], [135.83781894550202, 135.9918796125454, -28.0, 8.0], [135.46955307193164, 138.39654116243884, -28.0, 8.0], [135.12702417638394, 140.81929665826652, -28.0, 8.0], [134.85644030554454, 143.27194078774295, -28.0, 8.0], [134.70400950609888, 145.7662682385824, -28.0, 8.0], [134.55914641003756, 148.5057566889057, -28.0, 8.0], [134.32891903677535, 151.3323205685444, -28.0, 8.0], [134.07062729113025, 154.2126989354822, -28.0, 8.0], [133.84157107792038, 157.11363084770318, -28.0, 8.0], [133.69905030196372, 160.00185536319123, -28.0, 8.0], [133.7003648680784, 162.84411153993022, -28.0, 8.0], [133.90281468108248, 165.60713843590415, -28.0, 8.0], [134.36369964579396, 168.25767510909685, -28.0, 8.0], [135.14031966703095, 170.7624606174922, -28.0, 8.0], [136.2431556011138, 173.17489291567108, -28.0, 8.0], [137.6201479713847, 175.55493192293997, -28.0, 8.0], [139.23478618319425, 177.8791596443713, -28.0, 8.0], [141.0505596418932, 180.1241580850375, -28.0, 8.0], [143.0309577528322, 182.266509250011, -28.0, 8.0], [145.13946992136192, 184.28279514436423, -28.0, 8.0], [147.3395855528331, 186.14959777316975, -28.0, 8.0], [149.59479405259637, 187.84349914149988, -28.0, 8.0], [151.8685848260024, 189.34108125442705, -28.0, 8.0], [154.22541148209638, 190.59383695481498, -28.0, 8.0], [156.73401142005014, 191.600930659023, -28.0, 8.0], [159.3642997304045, 192.41045173236714, -28.0, 8.0], [162.08619150370032, 193.07048954016352, -28.0, 8.0], [164.86960183047833, 193.62913344772812, -28.0, 8.0], [167.68444580127942, 194.134472820377, -28.0, 8.0], [170.50063850664438, 194.6345970234263, -28.0, 8.0], [173.288095037114, 195.17759542219198, -28.0, 8.0], [176.0167304832291, 195.81155738199007, -28.0, 8.0]], "num_spline_nodes": 10, "road_bbox_size": [0.0, 0.0, 250.0, 250.0], "distance_to_boundary": -0.4258300019305681}, "seed": {"control_nodes": [[125.0, 0.0, -28.0, 8.0], [125.0, 25.0, -28.0, 8.0], [125.0, 50.0, -28.0, 8.0], [118.52952387243698, 74.1481456572267, -28.0, 8.0], [127.48872261106949, 97.48765631965675, -28.0, 8.0], [136.447921349702, 120.8271669820868, -28.0, 8.0], [134.70400950609886, 145.7662682385824, -28.0, 8.0], [135.14031966703095, 170.7624606174922, -28.0, 8.0], [151.8685848260024, 189.34108125442705, -28.0, 8.0], [176.0167304832291, 195.81155738199007, -28.0, 8.0], [200.27412364012903, 201.85960477198176, -28.0, 8.0]],