{"name": "Road865", "members_distance": null, "m1": {"control_nodes": [[125.0, 0.0, -28.0, 8.0], [125.0, 25.0, -28.0, 8.0], [125.0, 50.0, -28.0, 8.0], [116.69070738193159, 81.90761889907589, -28.0, 8.0], [115.51181381324014, 97.81248635136953, -28.0, 8.0], [108.46508022811146, 116.62614014240258, -28.0, 8.0], [92.77044892079964, 143.85156500177627, -28.0, 8.0], [74.4309382583696, 152.81076374040876, -28.0, 8.0], [49.4461675828922, 151.93827632284624, -28.0, 8.0], [28.967366475667408, 166.2776872316224, -28.0, 8.0], [8.488565368442611, 180.61709814039855, -28.0, 8.0]], "sample_nodes": [[125.0, 25.0, -28.0, 8.0], [125.03695775278433, 27.763557950868893, -28.0, 8.0], [125.12935213474518, 30.505786161374452, -28.0, 8.0], [125.24946483129426, 33.237349501698354, -28.0, 8.0], [125.36957752784332, 35.968912842022256, -28.0, 8.0], [125.46197190980416, 38.71114105252782, -28.0, 8.0], [125.49892966258847, 41.47469900339671, -28.0, 8.0], [125.45273247160809, 44.27025156481059, -28.0, 8.0], [125.29566202227468, 47.10846360695114, -28.0, 8.0], [124.99999999999999, 50.0, -28.0, 8.0], [124.42387557205697, 53.453761726712706, -28.0, 8.0], [123.60075120117824, 57.06560725353671, -28.0, 8.0], [122.59929147282936, 60.77759308707505, -28.0, 8.0], [121.48816097247585, 64.53177573393077, -28.0, 8.0], [120.3360242855832, 68.27021170070688, -28.0, 8.0], [119.21154599761698, 71.9349574940064, -28.0, 8.0], [118.1833906940426, 75.4680696204324, -28.0, 8.0], [117.32022296032562, 78.81160458658789, -28.0, 8.0], [116.69070738193159, 81.90761889907589, -28.0, 8.0], [116.42042879295552, 83.89677809417016, -28.0, 8.0], [116.26735523157959, 85.77316550966637, -28.0, 8.0], [116.19617994469056, 87.5613313689213, -28.0, 8.0], [116.17159617917521, 89.28582589529188, -28.0, 8.0], [116.15829718192028, 90.97119931213496, -28.0, 8.0], [116.12097619981253, 92.64200184280736, -28.0, 8.0], [116.02432647973876, 94.32278371066604, -28.0, 8.0], [115.83304126858569, 96.03809513906779, -28.0, 8.0], [115.51181381324014, 97.81248635136953, -28.0, 8.0], [115.02139631794533, 99.84378950464209, -28.0, 8.0], [114.44666047204214, 101.87443401344329, -28.0, 8.0], [113.7923977576071, 103.91103459935115, -28.0, 8.0], [113.06339965671674, 105.96020598394361, -28.0, 8.0], [112.26445765144746, 108.02856288879856, -28.0, 8.0], [111.40036322387581, 110.12272003549397, -28.0, 8.0], [110.47590785607828, 112.24929214560785, -28.0, 8.0], [109.49588303013134, 114.41489394071807, -28.0, 8.0], [108.46508022811147, 116.62614014240259, -28.0, 8.0], [107.09984919583675, 119.5687929196512, -28.0, 8.0], [105.64161944558367, 122.74278273616844, -28.0, 8.0], [104.08968147533295, 126.05779312112651, -28.0, 8.0], [102.44332578306532, 129.4235076036976, -28.0, 8.0], [100.70184286676152, 132.74960971305396, -28.0, 8.0], [98.86452322440232, 135.9457829783678, -28.0, 8.0], [96.93065735396843, 138.92171092881128, -28.0, 8.0], [94.89953575344062, 141.58707709355673, -28.0, 8.0], [92.77044892079964, 143.85156500177627, -28.0, 8.0], [90.97775031740782, 145.40643175763404, -28.0, 8.0], [89.11363691035686, 146.7990430784365, -28.0, 8.0], [87.18246238654943, 148.03900126892054, -28.0, 8.0], [85.18858043288822, 149.13590863382322, -28.0, 8.0], [83.13634473627593, 150.0993674778814, -28.0, 8.0], [81.03010898361524, 150.93898010583212, -28.0, 8.0], [78.87422686180881, 151.66434882241225, -28.0, 8.0], [76.67305205775936, 152.2850759323588, -28.0, 8.0], [74.4309382583696, 152.81076374040873, -28.0, 8.0], [71.84633702612697, 153.12788243947185, -28.0, 8.0], [69.1233018849624, 153.08658363318386, -28.0, 8.0], [66.30064546744603, 152.79611106539605, -28.0, 8.0], [63.417180406148134, 152.36570847995972, -28.0, 8.0], [60.51171933363885, 151.90461962072618, -28.0, 8.0], [57.623074882488424, 151.52208823154677, -28.0, 8.0], [54.79005968526703, 151.32735805627277, -28.0, 8.0], [52.05148637454489, 151.4296728387555, -28.0, 8.0], [49.44616758289221, 151.93827632284626, -28.0, 8.0], [46.972952334786186, 152.86380655215768, -28.0, 8.0], [44.59245250989524, 154.1023388046448, -28.0, 8.0], [42.286125023576346, 155.59127267567246, -28.0, 8.0], [40.035426791186495, 157.2680077606056, -28.0, 8.0], [37.82181472808268, 159.06994365480892, -28.0, 8.0], [35.62674574962186, 160.93447995364744, -28.0, 8.0], [33.43167677116107, 162.79901625248596, -28.0, 8.0], [31.218064708057256, 164.60095214668934, -28.0, 8.0], [28.967366475667408, 166.2776872316224, -28.0, 8.0]], "num_spline_nodes": 10, "road_bbox_size": [0.0, 0.0, 250.0, 250.0], "distance_to_boundary": -0.422239076179189}, "seed": {"control_nodes": [[125.0, 0.0, -28.0, 8.0], [125.0, 25.0, -28.0, 8.0], [125.0, 50.0, -28.0, 8.0], [117.69070738193159, 73.90761889907589, -28.0, 8.0], [115.51181381324014, 98.81248635136953, -28.0, 8.0], [112.46508022811146, 123.62614014240258, -28.0, 8.0], [97.77044892079964, 143.85156500177627, -28.0, 8.0], [74.4309382583696, 152.81076374040876, -28.0, 8.0], [49.4461675828922, 151.93827632284624, -28.0, 8.0], [28.967366475667408, 166.2776872316224, -28.0, 8.0], [8.488565368442611, 180.61709814039855, -28.0, 8.0]],