{"name": "Road447", "members_distance": null, "m1": {"control_nodes": [[125.0, 0.0, -28.0, 8.0], [125.0, 25.0, -28.0, 8.0], [125.0, 50.0, -28.0, 8.0], [116.86079613857109, 73.63796438998293, -28.0, 8.0], [91.43214710214681, 85.37097416622886, -28.0, 8.0], [72.89146751595521, 95.14119905064248, -28.0, 8.0], [49.13476579741595, 96.62052657464412, -28.0, 8.0], [29.85092325693669, 114.67048557620657, -28.0, 8.0], [20.485758421538886, 137.85008194037627, -28.0, 8.0], [22.229670265142015, 162.78918319687187, -28.0, 8.0], [23.973582108745145, 187.72828445336748, -28.0, 8.0]], "sample_nodes": [[125.0, 25.0, -28.0, 8.0], [125.04465955479522, 27.785251224197626, -28.0, 8.0], [125.15630844178328, 30.581712618025016, -28.0, 8.0], [125.30145199486775, 33.3837790966673, -28.0, 8.0], [125.4465955479522, 36.185845575309585, -28.0, 8.0], [125.55824443494026, 38.98230696913698, -28.0, 8.0], [125.60290398973547, 41.767558193334594, -28.0, 8.0], [125.54707954624146, 44.535994163087565, -28.0, 8.0], [125.35727643836178, 47.282009793581004, -28.0, 8.0], [125.0, 50.0, -28.0, 8.0], [124.53761610693314, 52.75314823926622, -28.0, 8.0], [124.0348023631461, 55.578651324655375, -28.0, 8.0], [123.46153169485433, 58.43192420588366, -28.0, 8.0], [122.78777702827331, 61.2683818326673, -28.0, 8.0], [121.98351128961852, 64.04343915472248, -28.0, 8.0], [121.01870740510543, 66.71251112176542, -28.0, 8.0], [119.86333830094954, 69.23101268351235, -28.0, 8.0], [118.48737690336625, 71.55435878967944, -28.0, 8.0], [116.86079613857109, 73.63796438998293, -28.0, 8.0], [114.77088648720556, 75.54392617571632, -28.0, 8.0], [112.28992271809217, 77.17264647152237, -28.0, 8.0], [109.50669633200218, 78.5784115552823, -28.0, 8.0], [106.5099988297069, 79.81550770487753, -28.0, 8.0], [103.38862171197766, 80.93822119818935, -28.0, 8.0], [100.23135647958571, 82.00083831309905, -28.0, 8.0], [97.12699463330242, 83.05764532748802, -28.0, 8.0], [94.16432767389902, 84.16292851923751, -28.0, 8.0], [91.43214710214681, 85.37097416622888, -28.0, 8.0], [89.25123351917497, 86.51654332693464, -28.0, 8.0], [87.16619321687318, 87.72165964206191, -28.0, 8.0], [85.14888458281807, 88.95437555064504, -28.0, 8.0], [83.17116600458618, 90.18274349171844, -28.0, 8.0], [81.20489586975413, 91.37481590431646, -28.0, 8.0], [79.22193256589844, 92.4986452274735, -28.0, 8.0], [77.19413448059565, 93.52228390022393, -28.0, 8.0], [75.0933600014224, 94.41378436160211, -28.0, 8.0], [72.89146751595521, 95.14119905064247, -28.0, 8.0], [70.40375956573925, 95.62649987484517, -28.0, 8.0], [67.78748763075629, 95.79664629504904, -28.0, 8.0], [65.08147282154225, 95.75231900947009, -28.0, 8.0], [62.324536248633024, 95.59419871632409, -28.0, 8.0], [59.55549902256455, 95.42296611382693, -28.0, 8.0], [56.813182253872675, 95.33930190019449, -28.0, 8.0], [54.136407053093365, 95.44388677364262, -28.0, 8.0], [51.56399453076248, 95.83740143238722, -28.0, 8.0], [49.13476579741595, 96.62052657464412, -28.0, 8.0], [46.679801099741425, 97.85120763981348, -28.0, 8.0], [44.26547428844941, 99.38185755003522, -28.0, 8.0], [41.90783150435923, 101.16694000760879, -28.0, 8.0], [39.62291888829016, 103.16091871483363, -28.0, 8.0], [37.42678258106151, 105.31825737400912, -28.0, 8.0], [35.33546872349253, 107.59341968743476, -28.0, 8.0], [33.365023456402554, 109.94086935740991, -28.0, 8.0], [31.531492920610845, 112.31507008623404, -28.0, 8.0], [29.85092325693669, 114.67048557620657, -28.0, 8.0], [28.342635714608605, 116.9930736228803, -28.0, 8.0], [26.933583497950995, 119.41521216934926, -28.0, 8.0], [25.63134936079028, 121.92133557217862, -28.0, 8.0], [24.443516056952845, 124.49587818793367, -28.0, 8.0], [23.37766634026509, 127.12327437317956, -28.0, 8.0], [22.44138296455342, 129.78795848448158, -28.0, 8.0], [21.64224868364423, 132.47436487840488, -28.0, 8.0], [20.98784625136392, 135.1669279115147, -28.0, 8.0], [20.48575842153889, 137.8500819403763, -28.0, 8.0], [20.191885178197083, 140.54385840844446, -28.0, 8.0], [20.126593759526074, 143.2738386808815, -28.0, 8.0], [20.24416780059171, 146.03278199681358, -28.0, 8.0], [20.49889093645983, 148.81344759536705, -28.0, 8.0], [20.845046802196265, 151.608594715668, -28.0, 8.0], [21.236919032866865, 154.41098259684273, -28.0, 8.0], [21.628791263537455, 157.21337047801748, -28.0, 8.0], [21.9749471292739, 160.00851759831846, -28.0, 8.0], [22.229670265142012, 162.78918319687187, -28.0, 8.0]], "num_spline_nodes": 10, "road_bbox_size": [0.0, 0.0, 250.0, 250.0], "distance_to_boundary": -1.269050803891369}, "seed": {"control_nodes": [[125.0, 0.0, -28.0, 8.0], [125.0, 25.0, -28.0, 8.0], [125.0, 50.0, -28.0, 8.0], [116.86079613857109, 73.63796438998293, -28.0, 8.0], [97.43214710214681, 89.37097416622886, -28.0, 8.0], [72.89146751595521, 94.14119905064248, -28.0, 8.0], [48.13476579741595, 97.62052657464412, -28.0, 8.0], [29.85092325693669, 114.67048557620657, -28.0, 8.0], [20.485758421538886, 137.85008194037627, -28.0, 8.0], [22.229670265142015, 162.78918319687187, -28.0, 8.0], [23.973582108745145, 187.72828445336748, -28.0, 8.0]],