{"name": "Road243", "members_distance": null, "m1": {"control_nodes": [[125.0, 0.0, -28.0, 8.0], [125.0, 25.0, -28.0, 8.0], [125.0, 50.0, -28.0, 8.0], [117.69070738193159, 68.90761889907589, -28.0, 8.0], [106.0747315065559, 94.87438309771149, -28.0, 8.0], [81.79088896607664, 111.92434209927396, -28.0, 8.0], [65.45137830364659, 119.88354083790647, -28.0, 8.0], [41.25017589973594, 134.1315224437366, -28.0, 8.0], [24.848700174973263, 152.9992619493059, -28.0, 8.0], [23.97621275741074, 177.98403262478328, -28.0, 8.0], [23.103725339848214, 202.96880330026067, -28.0, 8.0]], "sample_nodes": [[125.0, 25.0, -28.0, 8.0], [125.0468711875961, 27.80088979738693, -28.0, 8.0], [125.16404915658633, 30.63644762418757, -28.0, 8.0], [125.31638051627363, 33.48933946569508, -28.0, 8.0], [125.4687118759609, 36.3422313072026, -28.0, 8.0], [125.58588984495114, 39.17778913400325, -28.0, 8.0], [125.63276103254722, 41.97867893139018, -28.0, 8.0], [125.57417204805212, 44.727566684656516, -28.0, 8.0], [125.37496950076874, 47.407118379095415, -28.0, 8.0], [125.0, 50.0, -28.0, 8.0], [124.50444102366984, 52.23563674191999, -28.0, 8.0], [123.8851721846505, 54.378297693681105, -28.0, 8.0], [123.16129221181947, 56.45338781561088, -28.0, 8.0], [122.35189983405436, 58.48631206803692, -28.0, 8.0], [121.47609378023273, 60.502475411286795, -28.0, 8.0], [120.55297277923208, 62.527282805688046, -28.0, 8.0], [119.60163555992995, 64.58613921156828, -28.0, 8.0], [118.64118085120396, 66.70444958925502, -28.0, 8.0], [117.69070738193159, 68.90761889907589, -28.0, 8.0], [116.60685278390213, 71.67326952648118, -28.0, 8.0], [115.55604296272384, 74.59406718255437, -28.0, 8.0], [114.50195772244726, 77.61632871872334, -28.0, 8.0], [113.40827686712302, 80.68637098641604, -28.0, 8.0], [112.23868020080161, 83.7505108370603, -28.0, 8.0], [110.95684752753365, 86.75506512208408, -28.0, 8.0], [109.52645865136967, 89.64635069291528, -28.0, 8.0], [107.91119337636025, 92.37068440098179, -28.0, 8.0], [106.0747315065559, 94.8743830977115, -28.0, 8.0], [103.90650416525128, 97.23125645786892, -28.0, 8.0], [101.44856344739013, 99.4547512991926, -28.0, 8.0], [98.76828893734506, 101.55248340070831, -28.0, 8.0], [95.93306021948865, 103.5320685414417, -28.0, 8.0], [93.01025687819353, 105.4011225004185, -28.0, 8.0], [90.06725849783214, 107.16726105666442, -28.0, 8.0], [87.17144466277716, 108.83809998920515, -28.0, 8.0], [84.39019495740114, 110.42125507706642, -28.0, 8.0], [81.79088896607664, 111.92434209927396, -28.0, 8.0], [79.88793533310185, 112.9991138159656, -28.0, 8.0], [78.05611858621084, 113.95088897389373, -28.0, 8.0], [76.27432139368133, 114.81197863739038, -28.0, 8.0], [74.52142642379104, 115.61469387078773, -28.0, 8.0], [72.77631634481759, 116.39134573841775, -28.0, 8.0], [71.01787382503873, 117.17424530461258, -28.0, 8.0], [69.22498153273213, 117.99570363370427, -28.0, 8.0], [67.37652213617554, 118.88803179002485, -28.0, 8.0], [65.45137830364659, 119.88354083790647, -28.0, 8.0], [62.91312888744453, 121.2223415594253, -28.0, 8.0], [60.22841733018894, 122.61174590471242, -28.0, 8.0], [57.443858863068314, 124.05624250063101, -28.0, 8.0], [54.6060687172712, 125.56031997404409, -28.0, 8.0], [51.76166212398609, 127.12846695181483, -28.0, 8.0], [48.9572543144015, 128.76517206080632, -28.0, 8.0], [46.239460519705936, 130.47492392788172, -28.0, 8.0], [43.654895971087925, 132.2622111799041, -28.0, 8.0], [41.250175899735936, 134.13152244373657, -28.0, 8.0], [39.068438571454635, 135.9631719650827, -28.0, 8.0], [36.887395671575035, 137.8528514987972, -28.0, 8.0], [34.745251495422224, 139.80405882307286, -28.0, 8.0], [32.68021033832132, 141.8202917161025, -28.0, 8.0], [30.730476495597372, 143.90504795607873, -28.0, 8.0], [28.934254262575507, 146.06182532119448, -28.0, 8.0], [27.329747934580812, 148.29412158964243, -28.0, 8.0], [25.955161806938367, 150.60543453961532, -28.0, 8.0], [24.848700174973263, 152.9992619493059, -28.0, 8.0], [24.070100577369743, 155.50683592362225, -28.0, 8.0], [23.611027488144813, 158.14027473682555, -28.0, 8.0], [23.407575605622775, 160.87440542113848, -28.0, 8.0], [23.395839628127902, 163.68405500878362, -28.0, 8.0], [23.511914253984468, 166.54405053198354, -28.0, 8.0], [23.691894181516762, 169.42921902296092, -28.0, 8.0], [23.871874109049052, 172.31438751393824, -28.0, 8.0], [23.98794873490562, 175.17438303713817, -28.0, 8.0], [23.976212757410742, 177.9840326247833, -28.0, 8.0]], "num_spline_nodes": 10, "road_bbox_size": [0.0, 0.0, 250.0, 250.0], "distance_to_boundary": -0.015991377087384073}, "seed": {"control_nodes": [[125.0, 0.0, -28.0, 8.0], [125.0, 25.0, -28.0, 8.0], [125.0, 50.0, -28.0, 8.0], [117.69070738193159, 73.90761889907589, -28.0, 8.0], [104.0747315065559, 94.87438309771149, -28.0, 8.0], [85.79088896607664, 111.92434209927396, -28.0, 8.0], [62.45137830364659, 120.88354083790647, -28.0, 8.0], [41.25017589973594, 134.1315224437366, -28.0, 8.0], [24.848700174973263, 152.9992619493059, -28.0, 8.0], [23.97621275741074, 177.98403262478328, -28.0, 8.0], [23.103725339848214, 202.96880330026067, -28.0, 8.0]],