{"name": "Road702", "members_distance": null, "m1": {"control_nodes": [[125.0, 0.0, -28.0, 8.0], [125.0, 25.0, -28.0, 8.0], [125.0, 50.0, -28.0, 8.0], [113.69070738193159, 69.90761889907589, -28.0, 8.0], [116.51181381324014, 98.81248635136953, -28.0, 8.0], [112.46508022811146, 124.62614014240258, -28.0, 8.0], [90.77044892079964, 143.85156500177627, -28.0, 8.0], [74.4309382583696, 152.81076374040876, -28.0, 8.0], [49.4461675828922, 151.93827632284624, -28.0, 8.0], [28.967366475667408, 166.2776872316224, -28.0, 8.0], [8.488565368442611, 180.61709814039855, -28.0, 8.0]], "sample_nodes": [[125.0, 25.0, -28.0, 8.0], [125.06626778498675, 27.801316385747167, -28.0, 8.0], [125.23193724745366, 30.637940683448406, -28.0, 8.0], [125.44730754866062, 33.492218937126694, -28.0, 8.0], [125.66267784986758, 36.346497190804996, -28.0, 8.0], [125.82834731233447, 39.18312148850624, -28.0, 8.0], [125.8946150973212, 41.9844378742534, -28.0, 8.0], [125.81178036608779, 44.73279239206945, -28.0, 8.0], [125.53014227989405, 47.410531085977325, -28.0, 8.0], [125.0, 50.0, -28.0, 8.0], [124.15763434931728, 52.35470399421676, -28.0, 8.0], [122.98073622726541, 54.583999664693344, -28.0, 8.0], [121.56829571964627, 56.72633918530796, -28.0, 8.0], [120.01930291226198, 58.820174729938884, -28.0, 8.0], [118.43274789091441, 60.9039584724643, -28.0, 8.0], [116.9076207414056, 63.01614258676248, -28.0, 8.0], [115.54291154953754, 65.19517924671166, -28.0, 8.0], [114.4376104011122, 67.47952062619004, -28.0, 8.0], [113.69070738193159, 69.90761889907589, -28.0, 8.0], [113.32058399645716, 72.8272802368508, -28.0, 8.0], [113.3494736635614, 75.90255254859198, -28.0, 8.0], [113.67961146666984, 79.09803012417484, -28.0, 8.0], [114.21323248920808, 82.37830725347473, -28.0, 8.0], [114.85257181460165, 85.70797822636713, -28.0, 8.0], [115.49986452627607, 89.05163733272741, -28.0, 8.0], [116.05734570765692, 92.37387886243096, -28.0, 8.0], [116.42725044216976, 95.63929710535321, -28.0, 8.0], [116.51181381324014, 98.81248635136953, -28.0, 8.0], [116.43792926547192, 101.78959175997878, -28.0, 8.0], [116.36205705454815, 104.79519570545777, -28.0, 8.0], [116.24478983783055, 107.80541435192839, -28.0, 8.0], [116.04672027268091, 110.7963638635126, -28.0, 8.0], [115.72844101646083, 113.74416040433218, -28.0, 8.0], [115.25054472653214, 116.62492013850907, -28.0, 8.0], [114.57362406025653, 119.41475923016517, -28.0, 8.0], [113.65827167499575, 122.0897938434224, -28.0, 8.0], [112.46508022811146, 124.62614014240258, -28.0, 8.0], [110.83161278102197, 127.169975732984, -28.0, 8.0], [108.81812991541526, 129.61925450544584, -28.0, 8.0], [106.50424033109024, 131.97082110260288, -28.0, 8.0], [103.96955272784601, 134.22152016727006, -28.0, 8.0], [101.29367580548143, 136.3681963422621, -28.0, 8.0], [98.55621826379554, 138.40769427039393, -28.0, 8.0], [95.83678880258728, 140.3368585944803, -28.0, 8.0], [93.21499612165567, 142.15253395733615, -28.0, 8.0], [90.77044892079962, 143.85156500177624, -28.0, 8.0], [88.94033989901166, 145.1486032208714, -28.0, 8.0], [87.16944440484737, 146.40150436370038, -28.0, 8.0], [85.43395033758298, 147.596873067315, -28.0, 8.0], [83.71004559649494, 148.72131396876728, -28.0, 8.0], [81.97391808085945, 149.76143170510898, -28.0, 8.0], [80.20175568995285, 150.7038309133921, -28.0, 8.0], [78.36974632305149, 151.53511623066848, -28.0, 8.0], [76.45407787943161, 152.24189229399005, -28.0, 8.0], [74.4309382583696, 152.81076374040876, -28.0, 8.0], [71.91560512466283, 153.1603788796672, -28.0, 8.0], [69.22936866084542, 153.13634380723303, -28.0, 8.0], [66.4175353837253, 152.85094880822567, -28.0, 8.0], [63.5254118101104, 152.41648416776496, -28.0, 8.0], [60.59830445680868, 151.9452401709704, -28.0, 8.0], [57.681519840628056, 151.54950710296157, -28.0, 8.0], [54.82036447837647, 151.34157524885825, -28.0, 8.0], [52.06014488686188, 151.43373489377993, -28.0, 8.0], [49.4461675828922, 151.93827632284624, -28.0, 8.0], [46.972952334786186, 152.86380655215768, -28.0, 8.0], [44.59245250989524, 154.1023388046448, -28.0, 8.0], [42.286125023576346, 155.59127267567246, -28.0, 8.0], [40.035426791186495, 157.2680077606056, -28.0, 8.0], [37.82181472808268, 159.06994365480892, -28.0, 8.0], [35.62674574962186, 160.93447995364744, -28.0, 8.0], [33.43167677116107, 162.79901625248596, -28.0, 8.0], [31.218064708057256, 164.60095214668934, -28.0, 8.0], [28.967366475667408, 166.2776872316224, -28.0, 8.0]], "num_spline_nodes": 10, "road_bbox_size": [0.0, 0.0, 250.0, 250.0], "distance_to_boundary": -0.3075957698551397}, "seed": {"control_nodes": [[125.0, 0.0, -28.0, 8.0], [125.0, 25.0, -28.0, 8.0], [125.0, 50.0, -28.0, 8.0], [117.69070738193159, 73.90761889907589, -28.0, 8.0], [115.51181381324014, 98.81248635136953, -28.0, 8.0], [112.46508022811146, 123.62614014240258, -28.0, 8.0], [97.77044892079964, 143.85156500177627, -28.0, 8.0], [74.4309382583696, 152.81076374040876, -28.0, 8.0], [49.4461675828922, 151.93827632284624, -28.0, 8.0], [28.967366475667408, 166.2776872316224, -28.0, 8.0], [8.488565368442611, 180.61709814039855, -28.0, 8.0]],