{"name": "Road775", "members_distance": null, "m1": {"control_nodes": [[125.0, 0.0, -28.0, 8.0], [125.0, 25.0, -28.0, 8.0], [125.0, 50.0, -28.0, 8.0], [113.26321093035273, 72.07368982147317, -28.0, 8.0], [111.08431736166128, 90.97855727376681, -28.0, 8.0], [95.01462711949779, 116.12966835174126, -28.0, 8.0], [84.05534844977085, 138.59951950922044, -28.0, 8.0], [70.80736684394073, 159.8007219131311, -28.0, 8.0], [54.40589111917805, 178.66846141870042, -28.0, 8.0], [36.72822158951436, 196.3461309483641, -28.0, 8.0], [19.050552059850677, 214.0238004780278, -28.0, 8.0]], "sample_nodes": [[125.0, 25.0, -28.0, 8.0], [125.06439939132865, 27.79383434940207, -28.0, 8.0], [125.22539786965031, 30.611753556240565, -28.0, 8.0], [125.43469589146844, 33.441715191797286, -28.0, 8.0], [125.64399391328655, 36.271676827354014, -28.0, 8.0], [125.80499239160818, 39.08959603419251, -28.0, 8.0], [125.86939178293682, 41.88343038359457, -28.0, 8.0], [125.78889254377603, 44.641137446841995, -28.0, 8.0], [125.51519513062924, 47.35067479521655, -28.0, 8.0], [125.0, 50.0, -28.0, 8.0], [124.1569582962121, 52.583460869319765, -28.0, 8.0], [122.99119513492388, 55.11027373595774, -28.0, 8.0], [121.59162192964075, 57.59069895817749, -28.0, 8.0], [120.04715009386817, 60.03499689424261, -28.0, 8.0], [118.44669104111156, 62.45342790241662, -28.0, 8.0], [116.87915618487625, 64.85625234096312, -28.0, 8.0], [115.43345693866777, 67.25373056814567, -28.0, 8.0], [114.19850471599143, 69.65612294222784, -28.0, 8.0], [113.26321093035273, 72.07368982147315, -28.0, 8.0], [112.7432667528038, 74.1829596776035, -28.0, 8.0], [112.45574472048762, 76.27683629608785, -28.0, 8.0], [112.33080443817643, 78.36098152576395, -28.0, 8.0], [112.2986055106425, 80.4410572154697, -28.0, 8.0], [112.28930754265812, 82.52272521404291, -28.0, 8.0], [112.23307013899553, 84.61164737032139, -28.0, 8.0], [112.06005290442701, 86.71348553314299, -28.0, 8.0], [111.70041544372485, 88.83390155134553, -28.0, 8.0], [111.08431736166128, 90.97855727376681, -28.0, 8.0], [109.92655410933412, 93.70453514562831, -28.0, 8.0], [108.4283331947969, 96.4694293559794, -28.0, 8.0], [106.66830527124414, 99.26391040536281, -28.0, 8.0], [104.72512099187047, 102.07864879432145, -28.0, 8.0], [102.67743100987036, 104.9043150233981, -28.0, 8.0], [100.6038859784385, 107.73157959313559, -28.0, 8.0], [98.58313655076941, 110.55111300407671, -28.0, 8.0], [96.69383338005764, 113.35358575676433, -28.0, 8.0], [95.01462711949777, 116.12966835174126, -28.0, 8.0], [93.65225156762992, 118.6563044671576, -28.0, 8.0], [92.38241743448012, 121.18258919026249, -28.0, 8.0], [91.18096531794399, 123.70546033346005, -28.0, 8.0], [90.02373581591723, 126.22185570915437, -28.0, 8.0], [88.88656952629543, 128.7287131297495, -28.0, 8.0], [87.74530704697425, 131.2229704076496, -28.0, 8.0], [86.57578897584936, 133.70156535525874, -28.0, 8.0], [85.35385591081635, 136.161435784981, -28.0, 8.0], [84.05534844977085, 138.59951950922044, -28.0, 8.0], [82.70111794271844, 141.0237005879918, -28.0, 8.0], [81.32574946676623, 143.4409832388983, -28.0, 8.0], [79.92568421046224, 145.84698551072688, -28.0, 8.0], [78.49736336235453, 148.2373254522645, -28.0, 8.0], [77.03722811099107, 150.6076211122981, -28.0, 8.0], [75.54171964491997, 152.95349053961462, -28.0, 8.0], [74.00727915268916, 155.27055178300097, -28.0, 8.0], [72.43034782284676, 157.55442289124414, -28.0, 8.0], [70.80736684394071, 159.8007219131311, -28.0, 8.0], [69.13040806934494, 162.00609638857918, -28.0, 8.0], [67.39906623719828, 164.17325203876024, -28.0, 8.0], [65.62106686319635, 166.30689418434264, -28.0, 8.0], [63.80413546303478, 168.41172814599497, -28.0, 8.0], [61.955997552409144, 170.4924592443856, -28.0, 8.0], [60.08437864701503, 172.55379280018295, -28.0, 8.0], [58.19700426254809, 174.6004341340556, -28.0, 8.0], [56.3015999147039, 176.63708856667196, -28.0, 8.0], [54.40589111917805, 178.66846141870042, -28.0, 8.0], [52.497725097030006, 180.68488593328442, -28.0, 8.0], [50.56329994309387, 182.67682341132718, -28.0, 8.0], [48.60786748372725, 184.64917126013685, -28.0, 8.0], [46.636679545287805, 186.60682688702184, -28.0, 8.0], [44.65498795413312, 188.55468769929024, -28.0, 8.0], [42.66804453662081, 190.4976511042505, -28.0, 8.0], [40.681101119108504, 192.44061450921066, -28.0, 8.0], [38.69940952795382, 194.38847532147915, -28.0, 8.0], [36.72822158951436, 196.34613094836408, -28.0, 8.0]], "num_spline_nodes": 10, "road_bbox_size": [0.0, 0.0, 250.0, 250.0], "distance_to_boundary": -0.057217212800352524}, "seed": {"control_nodes": [[125.0, 0.0, -28.0, 8.0], [125.0, 25.0, -28.0, 8.0], [125.0, 50.0, -28.0, 8.0], [113.26321093035273, 72.07368982147317, -28.0, 8.0], [111.08431736166128, 96.97855727376681, -28.0, 8.0], [95.01462711949779, 116.12966835174126, -28.0, 8.0], [84.05534844977085, 138.59951950922044, -28.0, 8.0], [70.80736684394073, 159.8007219131311, -28.0, 8.0], [54.40589111917805, 178.66846141870042, -28.0, 8.0], [36.72822158951436, 196.3461309483641, -28.0, 8.0], [19.050552059850677, 214.0238004780278, -28.0, 8.0]],