{"name": "Road889", "members_distance": null, "m1": {"control_nodes": [[125.0, 0.0, -28.0, 8.0], [125.0, 25.0, -28.0, 8.0], [125.0, 50.0, -28.0, 8.0], [116.69070738193159, 81.90761889907589, -28.0, 8.0], [115.51181381324014, 95.81248635136953, -28.0, 8.0], [108.46508022811146, 116.62614014240258, -28.0, 8.0], [89.77044892079964, 143.85156500177627, -28.0, 8.0], [74.4309382583696, 152.81076374040876, -28.0, 8.0], [49.4461675828922, 151.93827632284624, -28.0, 8.0], [28.967366475667408, 166.2776872316224, -28.0, 8.0], [8.488565368442611, 180.61709814039855, -28.0, 8.0]], "sample_nodes": [[125.0, 25.0, -28.0, 8.0], [125.03695775278433, 27.763557950868893, -28.0, 8.0], [125.12935213474518, 30.505786161374452, -28.0, 8.0], [125.24946483129426, 33.237349501698354, -28.0, 8.0], [125.36957752784332, 35.968912842022256, -28.0, 8.0], [125.46197190980416, 38.71114105252782, -28.0, 8.0], [125.49892966258847, 41.47469900339671, -28.0, 8.0], [125.45273247160809, 44.27025156481059, -28.0, 8.0], [125.29566202227468, 47.10846360695114, -28.0, 8.0], [124.99999999999999, 50.0, -28.0, 8.0], [124.42348862660806, 53.46529451548617, -28.0, 8.0], [123.59939689210711, 57.10597201424383, -28.0, 8.0], [122.5966795910493, 60.855439411295905, -28.0, 8.0], [121.48429151798686, 64.64710362166538, -28.0, 8.0], [120.33118746747198, 68.41437156037514, -28.0, 8.0], [119.20632223405681, 72.09065014244811, -28.0, 8.0], [118.17865061229357, 75.60934628290731, -28.0, 8.0], [117.31712739673442, 78.90386689677558, -28.0, 8.0], [116.69070738193159, 81.90761889907589, -28.0, 8.0], [116.43505187194485, 83.676687964871, -28.0, 8.0], [116.28034402825378, 85.31502431627246, -28.0, 8.0], [116.1966777798411, 86.85464728159351, -28.0, 8.0], [116.1541470556895, 88.32757618914732, -28.0, 8.0], [116.12284578478155, 89.76583036724709, -28.0, 8.0], [116.07286789609998, 91.20142914420599, -28.0, 8.0], [115.97430731862745, 92.66639184833726, -28.0, 8.0], [115.7972579813466, 94.19273780795403, -28.0, 8.0], [115.51181381324014, 95.81248635136953, -28.0, 8.0], [115.04128809338447, 97.9538380192794, -28.0, 8.0], [114.50391624501522, 100.16194509937563, -28.0, 8.0], [113.89487039337129, 102.42654918619559, -28.0, 8.0], [113.20932266369144, 104.73739187427654, -28.0, 8.0], [112.44244518121445, 107.08421475815584, -28.0, 8.0], [111.58941007117916, 109.45675943237077, -28.0, 8.0], [110.64538945882438, 111.84476749145867, -28.0, 8.0], [109.60555546938886, 114.23798052995683, -28.0, 8.0], [108.46508022811145, 116.62614014240258, -28.0, 8.0], [106.8881663674325, 119.66357745760254, -28.0, 8.0], [105.10443135983876, 122.88228405060056, -28.0, 8.0], [103.14891276161273, 126.20324557641855, -28.0, 8.0], [101.05664812903692, 129.54744769007857, -28.0, 8.0], [98.8626750183939, 132.83587604660246, -28.0, 8.0], [96.6020309859661, 135.98951630101223, -28.0, 8.0], [94.30975358803616, 138.92935410832985, -28.0, 8.0], [92.02088038088647, 141.57637512357718, -28.0, 8.0], [89.77044892079964, 143.85156500177627, -28.0, 8.0], [88.15527557309944, 145.30458737662767, -28.0, 8.0], [86.5548210629022, 146.63893249848343, -28.0, 8.0], [84.95321838207423, 147.8564382063056, -28.0, 8.0], [83.33460052248171, 148.95894233905625, -28.0, 8.0], [81.6831004759909, 149.9482827356975, -28.0, 8.0], [79.98285123446804, 150.8262972351913, -28.0, 8.0], [78.21798578977938, 151.59482367649971, -28.0, 8.0], [76.37263713379116, 152.25569989858485, -28.0, 8.0], [74.4309382583696, 152.81076374040876, -28.0, 8.0], [71.95345594594245, 153.17821131370434, -28.0, 8.0], [69.28732773092985, 153.16364972185235, -28.0, 8.0], [66.48140864463466, 152.88104104066332, -28.0, 8.0], [63.584553718359814, 152.44434734594796, -28.0, 8.0], [60.64561798340819, 151.96753071351674, -28.0, 8.0], [57.71345647108273, 151.5645532191804, -28.0, 8.0], [54.8369242126863, 151.34937693874946, -28.0, 8.0], [52.06487623952182, 151.43596394803455, -28.0, 8.0], [49.446167582892194, 151.9382763228462, -28.0, 8.0], [46.972952334786186, 152.86380655215768, -28.0, 8.0], [44.59245250989524, 154.1023388046448, -28.0, 8.0], [42.286125023576346, 155.59127267567246, -28.0, 8.0], [40.035426791186495, 157.2680077606056, -28.0, 8.0], [37.82181472808268, 159.06994365480892, -28.0, 8.0], [35.62674574962186, 160.93447995364744, -28.0, 8.0], [33.43167677116107, 162.79901625248596, -28.0, 8.0], [31.218064708057256, 164.60095214668934, -28.0, 8.0], [28.967366475667408, 166.2776872316224, -28.0, 8.0]], "num_spline_nodes": 10, "road_bbox_size": [0.0, 0.0, 250.0, 250.0], "distance_to_boundary": -0.42430495610085295}, "seed": {"control_nodes": [[125.0, 0.0, -28.0, 8.0], [125.0, 25.0, -28.0, 8.0], [125.0, 50.0, -28.0, 8.0], [117.69070738193159, 73.90761889907589, -28.0, 8.0], [115.51181381324014, 98.81248635136953, -28.0, 8.0], [112.46508022811146, 123.62614014240258, -28.0, 8.0], [97.77044892079964, 143.85156500177627, -28.0, 8.0], [74.4309382583696, 152.81076374040876, -28.0, 8.0], [49.4461675828922, 151.93827632284624, -28.0, 8.0], [28.967366475667408, 166.2776872316224, -28.0, 8.0], [8.488565368442611, 180.61709814039855, -28.0, 8.0]],