{"name": "Road756", "members_distance": null, "m1": {"control_nodes": [[125.0, 0.0, -28.0, 8.0], [125.0, 25.0, -28.0, 8.0], [125.0, 50.0, -28.0, 8.0], [114.52952387243698, 74.1481456572267, -28.0, 8.0], [111.22023125436857, 98.05576455630259, -28.0, 8.0], [96.88082034559241, 118.53456566352739, -28.0, 8.0], [97.75330776315494, 143.51933633900478, -28.0, 8.0], [114.15478348791763, 162.38707584457407, -28.0, 8.0], [138.9114852064569, 165.8664033685757, -28.0, 8.0], [161.56917988237313, 176.4318599120932, -28.0, 8.0], [184.22687455828938, 186.99731645561067, -28.0, 8.0]], "sample_nodes": [[125.0, 25.0, -28.0, 8.0], [125.05527115025251, 27.785714729911973, -28.0, 8.0], [125.19344902588378, 30.583334888025234, -28.0, 8.0], [125.37308026420443, 33.38690776023914, -28.0, 8.0], [125.55271150252507, 36.19048063245306, -28.0, 8.0], [125.69088937815633, 38.98810079056632, -28.0, 8.0], [125.74616052840884, 41.773815520478294, -28.0, 8.0], [125.67707159059323, 44.54167210808833, -28.0, 8.0], [125.44216920202007, 47.285717839295785, -28.0, 8.0], [125.0, 50.0, -28.0, 8.0], [124.26281384859897, 52.745390191641434, -28.0, 8.0], [123.24842955792336, 55.452565328735865, -28.0, 8.0], [122.02998203569852, 58.131232267189795, -28.0, 8.0], [120.68060618964986, 60.791097862909716, -28.0, 8.0], [119.27343692750276, 63.44186897180212, -28.0, 8.0], [117.88160915698249, 66.09325244977353, -28.0, 8.0], [116.57825778581454, 68.75495515273043, -28.0, 8.0], [115.43651772172427, 71.43668393657933, -28.0, 8.0], [114.52952387243698, 74.1481456572267, -28.0, 8.0], [113.9319845641702, 76.79149366031362, -28.0, 8.0], [113.55760931486094, 79.48149895205776, -28.0, 8.0], [113.33538211300748, 82.19956420483567, -28.0, 8.0], [113.19428694710831, 84.92709209102401, -28.0, 8.0], [113.06330780566171, 87.64548528299932, -28.0, 8.0], [112.87142867716605, 90.33614645313824, -28.0, 8.0], [112.54763355011976, 92.98047827381737, -28.0, 8.0], [112.02090641302114, 95.55988341741329, -28.0, 8.0], [111.22023125436857, 98.05576455630259, -28.0, 8.0], [110.02932962374038, 100.47708915798084, -28.0, 8.0], [108.48549275213648, 102.78134647976911, -28.0, 8.0], [106.69686793053309, 105.00307582843121, -28.0, 8.0], [104.77160244990651, 107.17681651073099, -28.0, 8.0], [102.81784360123285, 109.33710783343217, -28.0, 8.0], [100.94373867548836, 111.5184891032986, -28.0, 8.0], [99.25743496364935, 113.75549962709408, -28.0, 8.0], [97.86707975669196, 116.08267871158243, -28.0, 8.0], [96.88082034559241, 118.53456566352739, -28.0, 8.0], [96.2248186736458, 121.1464223483137, -28.0, 8.0], [95.75400842152348, 123.90134039186988, -28.0, 8.0], [95.46969448626595, 126.75560374177553, -28.0, 8.0], [95.37318176491384, 129.66549634561022, -28.0, 8.0], [95.46577515450772, 132.58730215095352, -28.0, 8.0], [95.7487795520882, 135.47730510538503, -28.0, 8.0], [96.22349985469586, 138.29178915648438, -28.0, 8.0], [96.89124095937125, 140.9870382518311, -28.0, 8.0], [97.75330776315494, 143.51933633900478, -28.0, 8.0], [98.84819254216767, 145.96869922695328, -28.0, 8.0], [100.19383653742912, 148.41885087257083, -28.0, 8.0], [101.76071809332853, 150.83163744535693, -28.0, 8.0], [103.51931555425513, 153.16890511481077, -28.0, 8.0], [105.44010726459808, 155.39250005043175, -28.0, 8.0], [107.4935715687466, 157.46426842171923, -28.0, 8.0], [109.65018681108992, 159.34605639817258, -28.0, 8.0], [111.88043133601718, 160.99971014929105, -28.0, 8.0], [114.15478348791763, 162.38707584457407, -28.0, 8.0], [116.55028641737076, 163.41027227362244, -28.0, 8.0], [119.13498335527706, 164.05851266173713, -28.0, 8.0], [121.86585276650739, 164.42428483196792, -28.0, 8.0], [124.69987311593246, 164.6000766073646, -28.0, 8.0], [127.59402286842308, 164.67837581097677, -28.0, 8.0], [130.50528048885008, 164.75167026585424, -28.0, 8.0], [133.3906244420842, 164.91244779504677, -28.0, 8.0], [136.2070331929962, 165.25319622160401, -28.0, 8.0], [138.9114852064569, 165.8664033685757, -28.0, 8.0], [141.5211443204667, 166.7292920536243, -28.0, 8.0], [144.08761398915505, 167.73798586253122, -28.0, 8.0], [146.61953210158623, 168.8633237705248, -28.0, 8.0], [149.12553654682455, 170.07614475283344, -28.0, 8.0], [151.6142652139343, 171.34728778468536, -28.0, 8.0], [154.09435599197968, 172.64759184130898, -28.0, 8.0], [156.5744467700251, 173.94789589793263, -28.0, 8.0], [159.06317543713482, 175.2190389297846, -28.0, 8.0], [161.56917988237313, 176.4318599120932, -28.0, 8.0]], "num_spline_nodes": 10, "road_bbox_size": [0.0, 0.0, 250.0, 250.0], "distance_to_boundary": -0.5172488919568465}, "seed": {"control_nodes": [[125.0, 0.0, -28.0, 8.0], [125.0, 25.0, -28.0, 8.0], [125.0, 50.0, -28.0, 8.0], [118.52952387243698, 74.1481456572267, -28.0, 8.0], [111.22023125436857, 98.05576455630259, -28.0, 8.0], [96.88082034559241, 118.53456566352739, -28.0, 8.0], [97.75330776315494, 143.51933633900478, -28.0, 8.0], [114.15478348791763, 162.38707584457407, -28.0, 8.0], [138.9114852064569, 165.8664033685757, -28.0, 8.0], [161.56917988237313, 176.4318599120932, -28.0, 8.0], [184.22687455828938, 186.99731645561067, -28.0, 8.0]],