{"name": "Road554", "members_distance": null, "m1": {"control_nodes": [[125.0, 0.0, -28.0, 8.0], [125.0, 25.0, -28.0, 8.0], [125.0, 50.0, -28.0, 8.0], [114.69070738193159, 73.90761889907589, -28.0, 8.0], [116.51181381324014, 98.81248635136953, -28.0, 8.0], [112.46508022811146, 123.62614014240258, -28.0, 8.0], [97.77044892079964, 143.85156500177627, -28.0, 8.0], [74.4309382583696, 152.81076374040876, -28.0, 8.0], [49.4461675828922, 151.93827632284624, -28.0, 8.0], [28.967366475667408, 166.2776872316224, -28.0, 8.0], [8.488565368442611, 180.61709814039855, -28.0, 8.0]], "sample_nodes": [[125.0, 25.0, -28.0, 8.0], [125.05486779306979, 27.786319634657705, -28.0, 8.0], [125.1920372757443, 30.58545205463529, -28.0, 8.0], [125.37035760322112, 33.390990867272826, -28.0, 8.0], [125.54867793069795, 36.19652967991037, -28.0, 8.0], [125.68584741337244, 38.995662099887966, -28.0, 8.0], [125.74071520644222, 41.78198173454567, -28.0, 8.0], [125.672130465105, 44.54908219122353, -28.0, 8.0], [125.43894234455834, 47.29055707726163, -28.0, 8.0], [125.0, 50.0, -28.0, 8.0], [124.24418272777152, 52.71912706041428, -28.0, 8.0], [123.17288777527918, 55.39223402930622, -28.0, 8.0], [121.87957061063591, 58.03232327155855, -28.0, 8.0], [120.45768670195466, 60.6523971520541, -28.0, 8.0], [119.00069151734837, 63.265458035675564, -28.0, 8.0], [117.60204052492998, 65.88450828730572, -28.0, 8.0], [116.35518919281243, 68.52255027182731, -28.0, 8.0], [115.35359298910866, 71.19258635412314, -28.0, 8.0], [114.69070738193159, 73.90761889907589, -28.0, 8.0], [114.40745082070653, 76.61102085054692, -28.0, 8.0], [114.41495175451574, 79.34622212380472, -28.0, 8.0], [114.64062858408651, 82.10643074628652, -28.0, 8.0], [115.01189971014638, 84.88485474542964, -28.0, 8.0], [115.45618353342265, 87.67470214867134, -28.0, 8.0], [115.90089845464273, 90.46918098344887, -28.0, 8.0], [116.27346287453409, 93.26149927719959, -28.0, 8.0], [116.50129519382409, 96.04486505736071, -28.0, 8.0], [116.51181381324014, 98.81248635136953, -28.0, 8.0], [116.37919464600094, 101.60219023772481, -28.0, 8.0], [116.21360832001764, 104.42561417587046, -28.0, 8.0], [115.99521741427611, 107.26481051044199, -28.0, 8.0], [115.70418450776219, 110.10183158607485, -28.0, 8.0], [115.32067217946175, 112.91872974740465, -28.0, 8.0], [114.8248430083606, 115.6975573390668, -28.0, 8.0], [114.19685957344463, 118.42036670569684, -28.0, 8.0], [113.41688445369961, 121.06921019193027, -28.0, 8.0], [112.46508022811147, 123.62614014240259, -28.0, 8.0], [111.34701543519547, 126.1332821624999, -28.0, 8.0], [110.0810841757861, 128.64031196538187, -28.0, 8.0], [108.67551436205827, 131.11943415221825, -28.0, 8.0], [107.1385339061869, 133.54285332417857, -28.0, 8.0], [105.47837072034693, 135.88277408243243, -28.0, 8.0], [103.70325271671331, 138.11140102814954, -28.0, 8.0], [101.82140780746091, 140.20093876249945, -28.0, 8.0], [99.84106390476472, 142.12359188665187, -28.0, 8.0], [97.77044892079962, 143.85156500177624, -28.0, 8.0], [95.56567089029092, 145.39551709823408, -28.0, 8.0], [93.19655591842624, 146.78857307003625, -28.0, 8.0], [90.69190902307422, 148.036636373827, -28.0, 8.0], [88.08053522210345, 149.14561046625062, -28.0, 8.0], [85.39123953338253, 150.12139880395125, -28.0, 8.0], [82.65282697478007, 150.96990484357315, -28.0, 8.0], [79.89410256416471, 151.69703204176056, -28.0, 8.0], [77.14387131940502, 152.30868385515774, -28.0, 8.0], [74.4309382583696, 152.81076374040876, -28.0, 8.0], [71.70234843317185, 153.0619227018221, -28.0, 8.0], [68.90281935199984, 152.98558278490768, -28.0, 8.0], [66.05766471683424, 152.68480400811202, -28.0, 8.0], [63.19219822965573, 152.26264638988198, -28.0, 8.0], [60.33173359244494, 151.822169948664, -28.0, 8.0], [57.50158450718253, 151.46643470290476, -28.0, 8.0], [54.72706467584916, 151.29850067105102, -28.0, 8.0], [52.033487800425505, 151.42142787154927, -28.0, 8.0], [49.4461675828922, 151.93827632284624, -28.0, 8.0], [46.972952334786186, 152.86380655215768, -28.0, 8.0], [44.59245250989524, 154.1023388046448, -28.0, 8.0], [42.286125023576346, 155.59127267567246, -28.0, 8.0], [40.035426791186495, 157.2680077606056, -28.0, 8.0], [37.82181472808268, 159.06994365480892, -28.0, 8.0], [35.62674574962186, 160.93447995364744, -28.0, 8.0], [33.43167677116107, 162.79901625248596, -28.0, 8.0], [31.218064708057256, 164.60095214668934, -28.0, 8.0], [28.967366475667408, 166.2776872316224, -28.0, 8.0]], "num_spline_nodes": 10, "road_bbox_size": [0.0, 0.0, 250.0, 250.0], "distance_to_boundary": -0.35169621075137636}, "seed": {"control_nodes": [[125.0, 0.0, -28.0, 8.0], [125.0, 25.0, -28.0, 8.0], [125.0, 50.0, -28.0, 8.0], [117.69070738193159, 73.90761889907589, -28.0, 8.0], [115.51181381324014, 98.81248635136953, -28.0, 8.0], [112.46508022811146, 123.62614014240258, -28.0, 8.0], [97.77044892079964, 143.85156500177627, -28.0, 8.0], [74.4309382583696, 152.81076374040876, -28.0, 8.0], [49.4461675828922, 151.93827632284624, -28.0, 8.0], [28.967366475667408, 166.2776872316224, -28.0, 8.0], [8.488565368442611, 180.61709814039855, -28.0, 8.0]],