{"name": "Road644", "members_distance": null, "m1": {"control_nodes": [[125.0, 0.0, -28.0, 8.0], [125.0, 25.0, -28.0, 8.0], [125.0, 50.0, -28.0, 8.0], [114.69070738193159, 77.90761889907589, -28.0, 8.0], [115.51181381324014, 100.81248635136953, -28.0, 8.0], [112.46508022811146, 118.62614014240258, -28.0, 8.0], [94.77044892079964, 143.85156500177627, -28.0, 8.0], [74.4309382583696, 152.81076374040876, -28.0, 8.0], [49.4461675828922, 151.93827632284624, -28.0, 8.0], [28.967366475667408, 166.2776872316224, -28.0, 8.0], [8.488565368442611, 180.61709814039855, -28.0, 8.0]], "sample_nodes": [[125.0, 25.0, -28.0, 8.0], [125.049599859118, 27.77472065294875, -28.0, 8.0], [125.17359950691304, 30.544855618653948, -28.0, 8.0], [125.33479904904652, 33.31269774073738, -28.0, 8.0], [125.49599859118005, 36.08053986282082, -28.0, 8.0], [125.61999823897506, 38.850674828526024, -28.0, 8.0], [125.66959809809305, 41.62539548147477, -28.0, 8.0], [125.60759827419555, 44.40699466528883, -28.0, 8.0], [125.39679887294405, 47.19776522358999, -28.0, 8.0], [125.0, 50.0, -28.0, 8.0], [124.26101012295999, 53.08232925420383, -28.0, 8.0], [123.20209703951329, 56.19418248993533, -28.0, 8.0], [121.9168185080638, 59.324890567625985, -28.0, 8.0], [120.49873228701556, 62.46378434770732, -28.0, 8.0], [119.04139613477253, 65.60019469061078, -28.0, 8.0], [117.63836780973867, 68.72345245676787, -28.0, 8.0], [116.3832050703179, 71.82288850661013, -28.0, 8.0], [115.36946567491422, 74.88783370056893, -28.0, 8.0], [114.69070738193159, 77.90761889907589, -28.0, 8.0], [114.40163317137556, 80.53438604950557, -28.0, 8.0], [114.33948796367565, 83.15536318746791, -28.0, 8.0], [114.44776378530204, 85.76426940281111, -28.0, 8.0], [114.66995266272485, 88.35482378538342, -28.0, 8.0], [114.94954662241422, 90.92074542503306, -28.0, 8.0], [115.2300376908403, 93.45575341160824, -28.0, 8.0], [115.4549178944732, 95.95356683495724, -28.0, 8.0], [115.56767925978312, 98.40790478492828, -28.0, 8.0], [115.51181381324014, 100.81248635136953, -28.0, 8.0], [115.37919377624404, 102.88889590129432, -28.0, 8.0], [115.24848448088468, 104.90567943360482, -28.0, 8.0], [115.09680568964913, 106.87798581110847, -28.0, 8.0], [114.90127716502444, 108.8209638966127, -28.0, 8.0], [114.63901866949769, 110.74976255292492, -28.0, 8.0], [114.28714996555595, 112.67953064285261, -28.0, 8.0], [113.82279081568629, 114.62541702920315, -28.0, 8.0], [113.22306098237578, 116.60257057478398, -28.0, 8.0], [112.46508022811147, 118.62614014240259, -28.0, 8.0], [111.21805081371024, 121.41834615339607, -28.0, 8.0], [109.70703592353664, 124.38699171772, -28.0, 8.0], [107.96813211175856, 127.45759763109501, -28.0, 8.0], [106.03743593254397, 130.55568468924184, -28.0, 8.0], [103.9510439400607, 133.60677368788106, -28.0, 8.0], [101.74505268847676, 136.53638542273345, -28.0, 8.0], [99.45555873195997, 139.27004068951965, -28.0, 8.0], [97.11865862467829, 141.73326028396036, -28.0, 8.0], [94.77044892079962, 143.85156500177624, -28.0, 8.0], [92.74179473864999, 145.40168222526142, -28.0, 8.0], [90.6384626704697, 146.79436805607844, -28.0, 8.0], [88.46767629809239, 148.03766623069538, -28.0, 8.0], [86.23665920335154, 149.13962048558037, -28.0, 8.0], [83.95263496808079, 150.10827455720144, -28.0, 8.0], [81.62282717411364, 150.95167218202675, -28.0, 8.0], [79.2544594032837, 151.67785709652435, -28.0, 8.0], [76.8547552374245, 152.29487303716235, -28.0, 8.0], [74.43093825836958, 152.81076374040873, -28.0, 8.0], [71.78434722294583, 153.09913988822845, -28.0, 8.0], [69.02837999884125, 153.0425716015924, -28.0, 8.0], [66.19603767457784, 152.74760801017277, -28.0, 8.0], [63.32032133867757, 152.32079824364192, -28.0, 8.0], [60.43423207966242, 151.86869143167195, -28.0, 8.0], [57.57077098605433, 151.49783670393515, -28.0, 8.0], [54.762939146375274, 151.3147831901038, -28.0, 8.0], [52.04373764914725, 151.42608001985008, -28.0, 8.0], [49.4461675828922, 151.93827632284624, -28.0, 8.0], [46.972952334786186, 152.86380655215768, -28.0, 8.0], [44.59245250989524, 154.1023388046448, -28.0, 8.0], [42.286125023576346, 155.59127267567246, -28.0, 8.0], [40.035426791186495, 157.2680077606056, -28.0, 8.0], [37.82181472808268, 159.06994365480892, -28.0, 8.0], [35.62674574962186, 160.93447995364744, -28.0, 8.0], [33.43167677116107, 162.79901625248596, -28.0, 8.0], [31.218064708057256, 164.60095214668934, -28.0, 8.0], [28.967366475667408, 166.2776872316224, -28.0, 8.0]], "num_spline_nodes": 10, "road_bbox_size": [0.0, 0.0, 250.0, 250.0], "distance_to_boundary": -0.4278617237178395}, "seed": {"control_nodes": [[125.0, 0.0, -28.0, 8.0], [125.0, 25.0, -28.0, 8.0], [125.0, 50.0, -28.0, 8.0], [117.69070738193159, 73.90761889907589, -28.0, 8.0], [115.51181381324014, 98.81248635136953, -28.0, 8.0], [112.46508022811146, 123.62614014240258, -28.0, 8.0], [97.77044892079964, 143.85156500177627, -28.0, 8.0], [74.4309382583696, 152.81076374040876, -28.0, 8.0], [49.4461675828922, 151.93827632284624, -28.0, 8.0], [28.967366475667408, 166.2776872316224, -28.0, 8.0], [8.488565368442611, 180.61709814039855, -28.0, 8.0]],