{"name": "Road701", "members_distance": null, "m1": {"control_nodes": [[125.0, 0.0, -28.0, 8.0], [125.0, 25.0, -28.0, 8.0], [125.0, 50.0, -28.0, 8.0], [113.69070738193159, 73.90761889907589, -28.0, 8.0], [118.51181381324014, 98.81248635136953, -28.0, 8.0], [112.46508022811146, 130.62614014240256, -28.0, 8.0], [96.77044892079964, 143.85156500177627, -28.0, 8.0], [74.4309382583696, 152.81076374040876, -28.0, 8.0], [49.4461675828922, 151.93827632284624, -28.0, 8.0], [28.967366475667408, 166.2776872316224, -28.0, 8.0], [8.488565368442611, 180.61709814039855, -28.0, 8.0]], "sample_nodes": [[125.0, 25.0, -28.0, 8.0], [125.05948267498391, 27.78727658802979, -28.0, 8.0], [125.20818936244369, 30.588801391437592, -28.0, 8.0], [125.4015080561414, 33.39745030253441, -28.0, 8.0], [125.59482674983909, 36.206099213631234, -28.0, 8.0], [125.74353343729888, 39.00762401703904, -28.0, 8.0], [125.80301611228276, 41.79490060506882, -28.0, 8.0], [125.7286627685529, 44.56080487003159, -28.0, 8.0], [125.47586139987128, 47.298212704238324, -28.0, 8.0], [125.0, 50.0, -28.0, 8.0], [124.15683412988392, 52.72835411770405, -28.0, 8.0], [122.94270279437819, 55.40636733599067, -28.0, 8.0], [121.47229595737568, 58.04790518127376, -28.0, 8.0], [119.86030358276935, 60.666833179967185, -28.0, 8.0], [118.22141563445204, 63.27701685848487, -28.0, 8.0], [116.67032207631672, 65.89232174324069, -28.0, 8.0], [115.32171287225628, 68.52661336064853, -28.0, 8.0], [114.2902779861636, 71.1937572371223, -28.0, 8.0], [113.69070738193159, 73.90761889907589, -28.0, 8.0], [113.58826572489468, 76.59331807025703, -28.0, 8.0], [113.88813495028415, 79.2842327250168, -28.0, 8.0], [114.48626612449634, 81.9868606907699, -28.0, 8.0], [115.27861031392757, 84.70769979493099, -28.0, 8.0], [116.16111858497416, 87.45324786491472, -28.0, 8.0], [117.0297420040324, 90.23000272813579, -28.0, 8.0], [117.78043163749858, 93.04446221200881, -28.0, 8.0], [118.30913855176907, 95.9031241439485, -28.0, 8.0], [118.51181381324014, 98.81248635136953, -28.0, 8.0], [118.45875541119995, 102.26907362599572, -28.0, 8.0], [118.28003749095127, 105.9451961216977, -28.0, 8.0], [117.96321403688385, 109.75515265229296, -28.0, 8.0], [117.49583903338745, 113.61324203159903, -28.0, 8.0], [116.8654664648518, 117.43376307343335, -28.0, 8.0], [116.05965031566663, 121.13101459161336, -28.0, 8.0], [115.06594457022167, 124.6192953999566, -28.0, 8.0], [113.8719032129067, 127.8129043122805, -28.0, 8.0], [112.46508022811145, 130.62614014240253, -28.0, 8.0], [111.17062913440769, 132.592629325065, -28.0, 8.0], [109.71670269173006, 134.37751803141728, -28.0, 8.0], [108.12349781792481, 136.00538530149004, -28.0, 8.0], [106.41121143083811, 137.50081017531397, -28.0, 8.0], [104.60004044831615, 138.88837169291983, -28.0, 8.0], [102.71018178820515, 140.19264889433828, -28.0, 8.0], [100.76183236835126, 141.43822081960002, -28.0, 8.0], [98.77518910660069, 142.6496665087358, -28.0, 8.0], [96.77044892079964, 143.85156500177627, -28.0, 8.0], [94.54399512099252, 145.14516070689308, -28.0, 8.0], [92.22095505581129, 146.404031847379, -28.0, 8.0], [89.8153249048905, 147.6111179675113, -28.0, 8.0], [87.34110084786465, 148.74935861156737, -28.0, 8.0], [84.81227906436834, 149.80169332382442, -28.0, 8.0], [82.24285573403614, 150.75106164855976, -28.0, 8.0], [79.64682703650257, 151.58040313005077, -28.0, 8.0], [77.0381891514022, 152.27265731257464, -28.0, 8.0], [74.4309382583696, 152.8107637404088, -28.0, 8.0], [71.72838406853005, 153.07362133840402, -28.0, 8.0], [68.94268641864207, 153.00349632217376, -28.0, 8.0], [66.10159985150119, 152.70454545734404, -28.0, 8.0], [63.23287890990291, 152.28092550954125, -28.0, 8.0], [60.36427813664268, 151.8367932443914, -28.0, 8.0], [57.523552074516004, 151.47630542752077, -28.0, 8.0], [54.73845526631837, 151.3036188245556, -28.0, 8.0], [52.03674225484528, 151.42289020112202, -28.0, 8.0], [49.4461675828922, 151.93827632284624, -28.0, 8.0], [46.972952334786186, 152.86380655215768, -28.0, 8.0], [44.59245250989524, 154.1023388046448, -28.0, 8.0], [42.286125023576346, 155.59127267567246, -28.0, 8.0], [40.035426791186495, 157.2680077606056, -28.0, 8.0], [37.82181472808268, 159.06994365480892, -28.0, 8.0], [35.62674574962186, 160.93447995364744, -28.0, 8.0], [33.43167677116107, 162.79901625248596, -28.0, 8.0], [31.218064708057256, 164.60095214668934, -28.0, 8.0], [28.967366475667408, 166.2776872316224, -28.0, 8.0]], "num_spline_nodes": 10, "road_bbox_size": [0.0, 0.0, 250.0, 250.0], "distance_to_boundary": -0.31872032526094296}, "seed": {"control_nodes": [[125.0, 0.0, -28.0, 8.0], [125.0, 25.0, -28.0, 8.0], [125.0, 50.0, -28.0, 8.0], [117.69070738193159, 73.90761889907589, -28.0, 8.0], [115.51181381324014, 98.81248635136953, -28.0, 8.0], [112.46508022811146, 123.62614014240258, -28.0, 8.0], [97.77044892079964, 143.85156500177627, -28.0, 8.0], [74.4309382583696, 152.81076374040876, -28.0, 8.0], [49.4461675828922, 151.93827632284624, -28.0, 8.0], [28.967366475667408, 166.2776872316224, -28.0, 8.0], [8.488565368442611, 180.61709814039855, -28.0, 8.0]],