{"name": "Road400", "members_distance": null, "m1": {"control_nodes": [[125.0, 0.0, -28.0, 8.0], [125.0, 25.0, -28.0, 8.0], [125.0, 50.0, -28.0, 8.0], [121.95326641487132, 75.81365379103305, -28.0, 8.0], [116.75547414442734, 99.26734380937819, -28.0, 8.0], [92.07780461476365, 116.94501333904188, -28.0, 8.0], [71.42716952015269, 129.44501333904188, -28.0, 8.0], [57.72690067998464, 144.83655022218335, -28.0, 8.0], [35.06920600406839, 155.40200676570083, -28.0, 8.0], [23.719443510579723, 177.67716987041004, -28.0, 8.0], [12.369681017091054, 199.95233297511925, -28.0, 8.0]], "sample_nodes": [[125.0, 25.0, -28.0, 8.0], [125.01623533175432, 27.77606153695343, -28.0, 8.0], [125.0568236611401, 30.54954871267033, -28.0, 8.0], [125.10958848934162, 33.32174870776897, -28.0, 8.0], [125.16235331754312, 36.09394870286762, -28.0, 8.0], [125.2029416469289, 38.86743587858452, -28.0, 8.0], [125.21917697868321, 41.64349741553795, -28.0, 8.0], [125.19888281399035, 44.42342049434616, -28.0, 8.0], [125.12988265403452, 47.20849229562744, -28.0, 8.0], [125.0, 50.0, -28.0, 8.0], [124.8097190969855, 52.86183793955732, -28.0, 8.0], [124.57594435386333, 55.742261430883474, -28.0, 8.0], [124.30143258951291, 58.63398514625629, -28.0, 8.0], [123.98894062281383, 61.52972375795364, -28.0, 8.0], [123.64122527264557, 64.42219193825336, -28.0, 8.0], [123.2610433578877, 67.30410435943332, -28.0, 8.0], [122.85115169741968, 70.16817569377137, -28.0, 8.0], [122.41430711012104, 73.00712061354531, -28.0, 8.0], [121.95326641487132, 75.81365379103305, -28.0, 8.0], [121.5599253864296, 78.51817117194675, -28.0, 8.0], [121.25066588251032, 81.25509431050372, -28.0, 8.0], [120.96971816624114, 83.99997590092974, -28.0, 8.0], [120.66131250074972, 86.72836863745056, -28.0, 8.0], [120.26967914916375, 89.41582521429191, -28.0, 8.0], [119.73904837461083, 92.0378983256796, -28.0, 8.0], [119.0136504402187, 94.57014066583938, -28.0, 8.0], [118.03771560911495, 96.98810492899696, -28.0, 8.0], [116.75547414442732, 99.26734380937818, -28.0, 8.0], [114.87976806408373, 101.65636484543882, -28.0, 8.0], [112.5806444433894, 103.88804550805882, -28.0, 8.0], [109.9467546709879, 105.9842992930594, -28.0, 8.0], [107.06675013552271, 107.96703969626174, -28.0, 8.0], [104.02928222563729, 109.85818021348706, -28.0, 8.0], [100.92300232997518, 111.67963434055653, -28.0, 8.0], [97.83656183717989, 113.45331557329136, -28.0, 8.0], [94.85861213589486, 115.20113740751273, -28.0, 8.0], [92.07780461476365, 116.94501333904188, -28.0, 8.0], [89.6939865494577, 118.44525182465975, -28.0, 8.0], [87.286648200722, 119.8465910724357, -28.0, 8.0], [84.87543787446847, 121.17948615608097, -28.0, 8.0], [82.48000387660935, 122.47439214930685, -28.0, 8.0], [80.11999451305668, 123.76176412582473, -28.0, 8.0], [77.81505808972261, 125.07205715934589, -28.0, 8.0], [75.58484291251916, 126.43572632358159, -28.0, 8.0], [73.4489972873585, 127.88322669224314, -28.0, 8.0], [71.42716952015269, 129.44501333904188, -28.0, 8.0], [69.71400575033735, 131.0234667775404, -28.0, 8.0], [68.16096109261802, 132.7232860241171, -28.0, 8.0], [66.71986789286035, 134.50656973169873, -28.0, 8.0], [65.34255849692994, 136.33541655321181, -28.0, 8.0], [63.980865250692474, 138.17192514158316, -28.0, 8.0], [62.58662050001358, 139.9781941497393, -28.0, 8.0], [61.111656590758884, 141.71632223060698, -28.0, 8.0], [59.50780586879402, 143.34840803711273, -28.0, 8.0], [57.72690067998464, 144.83655022218335, -28.0, 8.0], [55.495538388046405, 146.24018478852685, -28.0, 8.0], [53.00788531769318, 147.40965610315516, -28.0, 8.0], [50.34312044481143, 148.42070967211785, -28.0, 8.0], [47.58042274528775, 149.34909100146479, -28.0, 8.0], [44.79897119500863, 150.27054559724553, -28.0, 8.0], [42.07794476986059, 151.26081896550977, -28.0, 8.0], [39.49652244573021, 152.39565661230736, -28.0, 8.0], [37.13388319850395, 153.75080404368776, -28.0, 8.0], [35.06920600406839, 155.40200676570083, -28.0, 8.0], [33.3117511456181, 157.3630185647726, -28.0, 8.0], [31.78696978886385, 159.5649708280664, -28.0, 8.0], [30.448327233466422, 161.95967546273783, -28.0, 8.0], [29.249288779086626, 164.49894437594253, -28.0, 8.0], [28.143319725385243, 167.13458947483605, -28.0, 8.0], [27.08388537202307, 169.81842266657395, -28.0, 8.0], [26.024451018660898, 172.50225585831188, -28.0, 8.0], [24.918481964959522, 175.13790095720535, -28.0, 8.0], [23.719443510579723, 177.67716987041004, -28.0, 8.0]], "num_spline_nodes": 10, "road_bbox_size": [0.0, 0.0, 250.0, 250.0], "distance_to_boundary": -0.1754003762591685}, "seed": {"control_nodes": [[125.0, 0.0, -28.0, 8.0], [125.0, 25.0, -28.0, 8.0], [125.0, 50.0, -28.0, 8.0], [121.95326641487132, 74.81365379103305, -28.0, 8.0], [116.75547414442734, 99.26734380937819, -28.0, 8.0], [99.07780461476365, 116.94501333904188, -28.0, 8.0], [77.42716952015269, 129.44501333904188, -28.0, 8.0], [57.72690067998464, 144.83655022218335, -28.0, 8.0], [35.06920600406839, 155.40200676570083, -28.0, 8.0], [23.719443510579723, 177.67716987041004, -28.0, 8.0], [12.369681017091054, 199.95233297511925, -28.0, 8.0]],