{"name": "Road655", "members_distance": null, "m1": {"control_nodes": [[125.0, 0.0, -28.0, 8.0], [125.0, 25.0, -28.0, 8.0], [125.0, 50.0, -28.0, 8.0], [109.60846311685854, 69.70026884016805, -28.0, 8.0], [83.1547730985134, 74.89806111061203, -28.0, 8.0], [63.95357069460275, 88.14604271644215, -28.0, 8.0], [45.3749500576679, 104.87430787541362, -28.0, 8.0], [23.30126023619473, 116.6110969450609, -28.0, 8.0], [13.532982023962884, 139.6237182813719, -28.0, 8.0], [17.01230954796452, 164.38041999991117, -28.0, 8.0], [20.491637071966156, 189.13712171845043, -28.0, 8.0]], "sample_nodes": [[125.0, 25.0, -28.0, 8.0], [125.08445287727375, 27.806857235444895, -28.0, 8.0], [125.29558507045815, 30.65733365739046, -28.0, 8.0], [125.57005692159785, 33.529619672586364, -28.0, 8.0], [125.84452877273753, 36.401905687782275, -28.0, 8.0], [126.05566096592193, 39.25238210972785, -28.0, 8.0], [126.14011384319565, 42.05923934517274, -28.0, 8.0], [126.03454774660348, 44.80066780086662, -28.0, 8.0], [125.67562301819004, 47.454857883559164, -28.0, 8.0], [125.0, 50.0, -28.0, 8.0], [124.01973188764873, 52.500664153167534, -28.0, 8.0], [122.80418493689916, 55.010944937801284, -28.0, 8.0], [121.37598908001746, 57.49331964829262, -28.0, 8.0], [119.75777424926981, 59.91026557903295, -28.0, 8.0], [117.97217037692243, 62.22426002441368, -28.0, 8.0], [116.04180739524139, 64.39778027882613, -28.0, 8.0], [113.989315236493, 66.39330363666177, -28.0, 8.0], [111.83732383294331, 68.17330739231194, -28.0, 8.0], [109.60846311685854, 69.70026884016805, -28.0, 8.0], [107.10439371441119, 70.90886546914689, -28.0, 8.0], [104.33125683492827, 71.7204201657828, -28.0, 8.0], [101.35773538051643, 72.2374797416708, -28.0, 8.0], [98.25251225328243, 72.56259100840587, -28.0, 8.0], [95.08427035533289, 72.798300777583, -28.0, 8.0], [91.9216925887745, 73.04715586079716, -28.0, 8.0], [88.83346185571403, 73.41170306964342, -28.0, 8.0], [85.8882610582581, 73.9944892157167, -28.0, 8.0], [83.1547730985134, 74.89806111061203, -28.0, 8.0], [80.78580421783654, 75.99842180352812, -28.0, 8.0], [78.51390856493272, 77.24208340181127, -28.0, 8.0], [76.32271567935372, 78.60744950994207, -28.0, 8.0], [74.19585510065139, 80.0729237324012, -28.0, 8.0], [72.11695636837749, 81.61690967366918, -28.0, 8.0], [70.06964902208388, 83.21781093822666, -28.0, 8.0], [68.03756260132235, 84.85403113055426, -28.0, 8.0], [66.0043266456447, 86.50397385513253, -28.0, 8.0], [63.953570694602746, 88.14604271644214, -28.0, 8.0], [61.850459091249604, 89.89754781117266, -28.0, 8.0], [59.80329993745468, 91.75321896950834, -28.0, 8.0], [57.792272942850694, 93.67989834640886, -28.0, 8.0], [55.79755781707037, 95.64442809683389, -28.0, 8.0], [53.799334269746375, 97.61365037574302, -28.0, 8.0], [51.77778201051144, 99.55440733809593, -28.0, 8.0], [49.71308074899824, 101.43354113885222, -28.0, 8.0], [47.585410194839504, 103.21789393297159, -28.0, 8.0], [45.3749500576679, 104.87430787541363, -28.0, 8.0], [43.008217124785794, 106.33562998849065, -28.0, 8.0], [40.468290080211595, 107.60144162839916, -28.0, 8.0], [37.82019147865223, 108.7386864509251, -28.0, 8.0], [35.12894387481462, 109.81430811185447, -28.0, 8.0], [32.45956982340567, 110.89525026697319, -28.0, 8.0], [29.877091879132287, 112.04845657206724, -28.0, 8.0], [27.446532596701402, 113.34087068292257, -28.0, 8.0], [25.23291453081991, 114.83943625532513, -28.0, 8.0], [23.30126023619473, 116.6110969450609, -28.0, 8.0], [21.603051553572733, 118.66352407013503, -28.0, 8.0], [20.04900684862045, 120.93360963376415, -28.0, 8.0], [18.643003463424257, 123.38212831955138, -28.0, 8.0], [17.388918740070554, 125.96985481109994, -28.0, 8.0], [16.290630020645725, 128.6575637920129, -28.0, 8.0], [15.352014647236153, 131.4060299458934, -28.0, 8.0], [14.576949961928234, 134.17602795634468, -28.0, 8.0], [13.96931330680835, 136.9283325069698, -28.0, 8.0], [13.532982023962884, 139.6237182813719, -28.0, 8.0], [13.338060413379429, 142.2979052045137, -28.0, 8.0], [13.415723282965386, 145.00797855527338, -28.0, 8.0], [13.711453736686874, 147.74676104812733, -28.0, 8.0], [14.170734878510011, 150.507075397552, -28.0, 8.0], [14.73904981240091, 153.2817443180238, -28.0, 8.0], [15.361881642325699, 156.06359052401925, -28.0, 8.0], [15.984713472250482, 158.84543673001463, -28.0, 8.0], [16.553028406141387, 161.62010565048652, -28.0, 8.0], [17.01230954796452, 164.38041999991117, -28.0, 8.0]], "num_spline_nodes": 10, "road_bbox_size": [0.0, 0.0, 250.0, 250.0], "distance_to_boundary": -0.10808725345219372}, "seed": {"control_nodes": [[125.0, 0.0, -28.0, 8.0], [125.0, 25.0, -28.0, 8.0], [125.0, 50.0, -28.0, 8.0], [109.60846311685854, 69.70026884016805, -28.0, 8.0], [85.1547730985134, 74.89806111061203, -28.0, 8.0], [63.95357069460275, 88.14604271644215, -28.0, 8.0], [45.3749500576679, 104.87430787541362, -28.0, 8.0], [23.30126023619473, 116.6110969450609, -28.0, 8.0], [13.532982023962884, 139.6237182813719, -28.0, 8.0], [17.01230954796452, 164.38041999991117, -28.0, 8.0], [20.491637071966156, 189.13712171845043, -28.0, 8.0]],