{"name": "Road598", "members_distance": null, "m1": {"control_nodes": [[125.0, 0.0, -28.0, 8.0], [125.0, 25.0, -28.0, 8.0], [125.0, 50.0, -28.0, 8.0], [113.69070738193159, 73.90761889907589, -28.0, 8.0], [116.51181381324014, 98.81248635136953, -28.0, 8.0], [112.46508022811146, 123.62614014240258, -28.0, 8.0], [92.77044892079964, 143.85156500177627, -28.0, 8.0], [74.4309382583696, 152.81076374040876, -28.0, 8.0], [49.4461675828922, 151.93827632284624, -28.0, 8.0], [28.967366475667408, 166.2776872316224, -28.0, 8.0], [8.488565368442611, 180.61709814039855, -28.0, 8.0]], "sample_nodes": [[125.0, 25.0, -28.0, 8.0], [125.05948267498391, 27.78727658802979, -28.0, 8.0], [125.20818936244369, 30.588801391437592, -28.0, 8.0], [125.4015080561414, 33.39745030253441, -28.0, 8.0], [125.59482674983909, 36.206099213631234, -28.0, 8.0], [125.74353343729888, 39.00762401703904, -28.0, 8.0], [125.80301611228276, 41.79490060506882, -28.0, 8.0], [125.7286627685529, 44.56080487003159, -28.0, 8.0], [125.47586139987128, 47.298212704238324, -28.0, 8.0], [125.0, 50.0, -28.0, 8.0], [124.16782567029475, 52.7274766602948, -28.0, 8.0], [122.98117318581608, 55.40329623505827, -28.0, 8.0], [121.54648885514877, 58.041982343761276, -28.0, 8.0], [119.97021898687763, 60.658058605874615, -28.0, 8.0], [118.35880988958739, 63.26604864086916, -28.0, 8.0], [116.81870787186287, 65.88047606821571, -28.0, 8.0], [115.4563592422889, 68.51586450738513, -28.0, 8.0], [114.37821030945021, 71.18673757784823, -28.0, 8.0], [113.69070738193159, 73.90761889907589, -28.0, 8.0], [113.44283178190753, 76.60490630473932, -28.0, 8.0], [113.5321457611017, 79.33636555759855, -28.0, 8.0], [113.87428220022447, 82.09484301839501, -28.0, 8.0], [114.38487397998618, 84.87318504786998, -28.0, 8.0], [114.97955398109713, 87.66423800676482, -28.0, 8.0], [115.57395508426765, 90.46084825582085, -28.0, 8.0], [116.08371017020811, 93.25586215577943, -28.0, 8.0], [116.42445211962881, 96.04212606738186, -28.0, 8.0], [116.51181381324012, 98.81248635136953, -28.0, 8.0], [116.44153503647924, 101.605764841677, -28.0, 8.0], [116.34594347066431, 104.44214318222492, -28.0, 8.0], [116.19524192307708, 107.29927081074675, -28.0, 8.0], [115.95963320099932, 110.15479716497592, -28.0, 8.0], [115.60932011171265, 112.98637168264585, -28.0, 8.0], [115.11450546249881, 115.77164380149003, -28.0, 8.0], [114.44539206063953, 118.48826295924194, -28.0, 8.0], [113.57218271341654, 121.11387859363496, -28.0, 8.0], [112.46508022811146, 123.62614014240259, -28.0, 8.0], [110.98376580735626, 126.20496200499753, -28.0, 8.0], [109.1929320794405, 128.7415010194435, -28.0, 8.0], [107.14948253885538, 131.2183549313284, -28.0, 8.0], [104.91032068009223, 133.61812148624017, -28.0, 8.0], [102.53234999764226, 135.92339842976656, -28.0, 8.0], [100.07247398599677, 138.11678350749548, -28.0, 8.0], [97.58759613964698, 140.18087446501485, -28.0, 8.0], [95.1346199530842, 142.09826904791248, -28.0, 8.0], [92.77044892079964, 143.85156500177624, -28.0, 8.0], [90.81906333409607, 145.2301858432597, -28.0, 8.0], [88.87064746716072, 146.5291665220508, -28.0, 8.0], [86.91467810221084, 147.74158628841388, -28.0, 8.0], [84.94063202146359, 148.86052439261334, -28.0, 8.0], [82.93798600713623, 149.87906008491353, -28.0, 8.0], [80.8962168414459, 150.79027261557877, -28.0, 8.0], [78.80480130660992, 151.5872412348735, -28.0, 8.0], [76.65321618484539, 152.263045193062, -28.0, 8.0], [74.4309382583696, 152.81076374040873, -28.0, 8.0], [71.84633702612697, 153.12788243947185, -28.0, 8.0], [69.1233018849624, 153.08658363318386, -28.0, 8.0], [66.30064546744603, 152.79611106539605, -28.0, 8.0], [63.417180406148134, 152.36570847995972, -28.0, 8.0], [60.51171933363885, 151.90461962072618, -28.0, 8.0], [57.623074882488424, 151.52208823154677, -28.0, 8.0], [54.79005968526703, 151.32735805627277, -28.0, 8.0], [52.05148637454489, 151.4296728387555, -28.0, 8.0], [49.44616758289221, 151.93827632284626, -28.0, 8.0], [46.972952334786186, 152.86380655215768, -28.0, 8.0], [44.59245250989524, 154.1023388046448, -28.0, 8.0], [42.286125023576346, 155.59127267567246, -28.0, 8.0], [40.035426791186495, 157.2680077606056, -28.0, 8.0], [37.82181472808268, 159.06994365480892, -28.0, 8.0], [35.62674574962186, 160.93447995364744, -28.0, 8.0], [33.43167677116107, 162.79901625248596, -28.0, 8.0], [31.218064708057256, 164.60095214668934, -28.0, 8.0], [28.967366475667408, 166.2776872316224, -28.0, 8.0]], "num_spline_nodes": 10, "road_bbox_size": [0.0, 0.0, 250.0, 250.0], "distance_to_boundary": -0.3932711757420102}, "seed": {"control_nodes": [[125.0, 0.0, -28.0, 8.0], [125.0, 25.0, -28.0, 8.0], [125.0, 50.0, -28.0, 8.0], [117.69070738193159, 73.90761889907589, -28.0, 8.0], [115.51181381324014, 98.81248635136953, -28.0, 8.0], [112.46508022811146, 123.62614014240258, -28.0, 8.0], [97.77044892079964, 143.85156500177627, -28.0, 8.0], [74.4309382583696, 152.81076374040876, -28.0, 8.0], [49.4461675828922, 151.93827632284624, -28.0, 8.0], [28.967366475667408, 166.2776872316224, -28.0, 8.0], [8.488565368442611, 180.61709814039855, -28.0, 8.0]],