{"name": "Road851", "members_distance": null, "m1": {"control_nodes": [[125.0, 0.0, -28.0, 8.0], [125.0, 25.0, -28.0, 8.0], [125.0, 50.0, -28.0, 8.0], [116.69070738193159, 81.90761889907589, -28.0, 8.0], [115.51181381324014, 97.81248635136953, -28.0, 8.0], [108.46508022811146, 116.62614014240258, -28.0, 8.0], [94.77044892079964, 143.85156500177627, -28.0, 8.0], [74.4309382583696, 152.81076374040876, -28.0, 8.0], [49.4461675828922, 151.93827632284624, -28.0, 8.0], [28.967366475667408, 166.2776872316224, -28.0, 8.0], [8.488565368442611, 180.61709814039855, -28.0, 8.0]], "sample_nodes": [[125.0, 25.0, -28.0, 8.0], [125.03695775278433, 27.763557950868893, -28.0, 8.0], [125.12935213474518, 30.505786161374452, -28.0, 8.0], [125.24946483129426, 33.237349501698354, -28.0, 8.0], [125.36957752784332, 35.968912842022256, -28.0, 8.0], [125.46197190980416, 38.71114105252782, -28.0, 8.0], [125.49892966258847, 41.47469900339671, -28.0, 8.0], [125.45273247160809, 44.27025156481059, -28.0, 8.0], [125.29566202227468, 47.10846360695114, -28.0, 8.0], [124.99999999999999, 50.0, -28.0, 8.0], [124.42387557205697, 53.453761726712706, -28.0, 8.0], [123.60075120117824, 57.06560725353671, -28.0, 8.0], [122.59929147282936, 60.77759308707505, -28.0, 8.0], [121.48816097247585, 64.53177573393077, -28.0, 8.0], [120.3360242855832, 68.27021170070688, -28.0, 8.0], [119.21154599761698, 71.9349574940064, -28.0, 8.0], [118.1833906940426, 75.4680696204324, -28.0, 8.0], [117.32022296032562, 78.81160458658789, -28.0, 8.0], [116.69070738193159, 81.90761889907589, -28.0, 8.0], [116.42042879295552, 83.89677809417016, -28.0, 8.0], [116.26735523157959, 85.77316550966637, -28.0, 8.0], [116.19617994469056, 87.5613313689213, -28.0, 8.0], [116.17159617917521, 89.28582589529188, -28.0, 8.0], [116.15829718192028, 90.97119931213496, -28.0, 8.0], [116.12097619981253, 92.64200184280736, -28.0, 8.0], [116.02432647973876, 94.32278371066604, -28.0, 8.0], [115.83304126858569, 96.03809513906779, -28.0, 8.0], [115.51181381324014, 97.81248635136953, -28.0, 8.0], [115.0145940678812, 99.84201174134948, -28.0, 8.0], [114.42285259681769, 101.86821184191918, -28.0, 8.0], [113.74648256967426, 103.89903469712607, -28.0, 8.0], [112.99537715607548, 105.94242835101755, -28.0, 8.0], [112.17942952564589, 108.00634084764101, -28.0, 8.0], [111.30853284801012, 110.09872023104381, -28.0, 8.0], [110.39258029279274, 112.22751454527345, -28.0, 8.0], [109.44146502961833, 114.40067183437722, -28.0, 8.0], [108.46508022811146, 116.62614014240259, -28.0, 8.0], [107.2463862251538, 119.55383173694132, -28.0, 8.0], [106.00365598831085, 122.72216827731174, -28.0, 8.0], [104.71473379304909, 126.03844717373504, -28.0, 8.0], [103.35746391483482, 129.4099658364325, -28.0, 8.0], [101.90969062913447, 132.74402167562536, -28.0, 8.0], [100.3492582114144, 135.94791210153488, -28.0, 8.0], [98.65401093714098, 138.9289345243824, -28.0, 8.0], [96.8017930817806, 141.5943863543891, -28.0, 8.0], [94.77044892079964, 143.85156500177627, -28.0, 8.0], [92.8772150317853, 145.4770212270207, -28.0, 8.0], [90.84582499433316, 146.9097309025223, -28.0, 8.0], [88.69619804275823, 148.16480079616417, -28.0, 8.0], [86.4482534113755, 149.25733767582926, -28.0, 8.0], [84.12191033449994, 150.2024483094006, -28.0, 8.0], [81.73708804644659, 151.01523946476118, -28.0, 8.0], [79.31370578153042, 151.71081790979406, -28.0, 8.0], [76.8716827740664, 152.30429041238222, -28.0, 8.0], [74.4309382583696, 152.81076374040876, -28.0, 8.0], [71.78434722294583, 153.09913988822845, -28.0, 8.0], [69.02837999884125, 153.0425716015924, -28.0, 8.0], [66.19603767457784, 152.74760801017277, -28.0, 8.0], [63.32032133867757, 152.32079824364192, -28.0, 8.0], [60.43423207966242, 151.86869143167195, -28.0, 8.0], [57.57077098605433, 151.49783670393515, -28.0, 8.0], [54.762939146375274, 151.3147831901038, -28.0, 8.0], [52.04373764914725, 151.42608001985008, -28.0, 8.0], [49.4461675828922, 151.93827632284624, -28.0, 8.0], [46.972952334786186, 152.86380655215768, -28.0, 8.0], [44.59245250989524, 154.1023388046448, -28.0, 8.0], [42.286125023576346, 155.59127267567246, -28.0, 8.0], [40.035426791186495, 157.2680077606056, -28.0, 8.0], [37.82181472808268, 159.06994365480892, -28.0, 8.0], [35.62674574962186, 160.93447995364744, -28.0, 8.0], [33.43167677116107, 162.79901625248596, -28.0, 8.0], [31.218064708057256, 164.60095214668934, -28.0, 8.0], [28.967366475667408, 166.2776872316224, -28.0, 8.0]], "num_spline_nodes": 10, "road_bbox_size": [0.0, 0.0, 250.0, 250.0], "distance_to_boundary": -0.42414348287975256}, "seed": {"control_nodes": [[125.0, 0.0, -28.0, 8.0], [125.0, 25.0, -28.0, 8.0], [125.0, 50.0, -28.0, 8.0], [117.69070738193159, 73.90761889907589, -28.0, 8.0], [115.51181381324014, 98.81248635136953, -28.0, 8.0], [112.46508022811146, 123.62614014240258, -28.0, 8.0], [97.77044892079964, 143.85156500177627, -28.0, 8.0], [74.4309382583696, 152.81076374040876, -28.0, 8.0], [49.4461675828922, 151.93827632284624, -28.0, 8.0], [28.967366475667408, 166.2776872316224, -28.0, 8.0], [8.488565368442611, 180.61709814039855, -28.0, 8.0]],