{"name": "Road809", "members_distance": null, "m1": {"control_nodes": [[125.0, 0.0, -28.0, 8.0], [125.0, 25.0, -28.0, 8.0], [125.0, 50.0, -28.0, 8.0], [113.69070738193159, 73.90761889907589, -28.0, 8.0], [113.51181381324014, 98.81248635136953, -28.0, 8.0], [108.46508022811146, 119.62614014240258, -28.0, 8.0], [93.77044892079964, 143.85156500177627, -28.0, 8.0], [74.4309382583696, 152.81076374040876, -28.0, 8.0], [49.4461675828922, 151.93827632284624, -28.0, 8.0], [28.967366475667408, 166.2776872316224, -28.0, 8.0], [8.488565368442611, 180.61709814039855, -28.0, 8.0]], "sample_nodes": [[125.0, 25.0, -28.0, 8.0], [125.05948267498391, 27.78727658802979, -28.0, 8.0], [125.20818936244369, 30.588801391437592, -28.0, 8.0], [125.4015080561414, 33.39745030253441, -28.0, 8.0], [125.59482674983909, 36.206099213631234, -28.0, 8.0], [125.74353343729888, 39.00762401703904, -28.0, 8.0], [125.80301611228276, 41.79490060506882, -28.0, 8.0], [125.7286627685529, 44.56080487003159, -28.0, 8.0], [125.47586139987128, 47.298212704238324, -28.0, 8.0], [125.0, 50.0, -28.0, 8.0], [124.18486824316645, 52.72700904505359, -28.0, 8.0], [123.04082219086706, 55.40165958171406, -28.0, 8.0], [121.66152622203279, 58.03882594088315, -28.0, 8.0], [120.1406447155947, 60.653382453462584, -28.0, 8.0], [118.57184205048374, 63.26020345035411, -28.0, 8.0], [117.04878260563098, 65.87416326245948, -28.0, 8.0], [115.66513075996734, 68.51013622068038, -28.0, 8.0], [114.51455089242388, 71.1829966559186, -28.0, 8.0], [113.69070738193159, 73.90761889907589, -28.0, 8.0], [113.234028902852, 76.61512736994915, -28.0, 8.0], [113.04110285042577, 79.37819475195984, -28.0, 8.0], [113.04569262207558, 82.17940640717325, -28.0, 8.0], [113.1815616152241, 85.00134769765478, -28.0, 8.0], [113.38247322729391, 87.82660398546969, -28.0, 8.0], [113.58219085570778, 90.63776063268327, -28.0, 8.0], [113.71447789788834, 93.41740300136091, -28.0, 8.0], [113.71309775125823, 96.14811645356787, -28.0, 8.0], [113.51181381324014, 98.81248635136953, -28.0, 8.0], [113.1966802368585, 101.22020273333182, -28.0, 8.0], [112.84407388683604, 103.58085293827546, -28.0, 8.0], [112.44373867333198, 105.90442016531995, -28.0, 8.0], [111.98541850650554, 108.20088761358494, -28.0, 8.0], [111.458857296516, 110.48023848219, -28.0, 8.0], [110.85379895352256, 112.75245597025472, -28.0, 8.0], [110.15998738768451, 115.02752327689865, -28.0, 8.0], [109.36716650916105, 117.3154236012414, -28.0, 8.0], [108.46508022811146, 119.62614014240258, -28.0, 8.0], [107.29451363491204, 122.38611138652003, -28.0, 8.0], [105.99527591576062, 125.2748603063366, -28.0, 8.0], [104.57299360120192, 128.22988317967545, -28.0, 8.0], [103.03329322178064, 131.18867628435987, -28.0, 8.0], [101.38180130804146, 134.08873589821292, -28.0, 8.0], [99.62414439052905, 136.8675582990579, -28.0, 8.0], [97.76594899978816, 139.462639764718, -28.0, 8.0], [95.81284166636344, 141.81147657301636, -28.0, 8.0], [93.77044892079962, 143.85156500177624, -28.0, 8.0], [91.91016969760467, 145.3899173800041, -28.0, 8.0], [89.95331675201177, 146.77507165243833, -28.0, 8.0], [87.91036218345732, 148.0145178088783, -28.0, 8.0], [85.79177809137758, 149.11574583912358, -28.0, 8.0], [83.60803657520883, 150.0862457329735, -28.0, 8.0], [81.36960973438735, 150.93350748022752, -28.0, 8.0], [79.08696966834947, 151.66502107068513, -28.0, 8.0], [76.77058847653146, 152.28827649414572, -28.0, 8.0], [74.4309382583696, 152.8107637404088, -28.0, 8.0], [71.81451793321018, 153.11307636537174, -28.0, 8.0], [69.07457889893357, 153.06391183221805, -28.0, 8.0], [66.24695074814895, 152.77112581535204, -28.0, 8.0], [63.36746307346564, 152.34257398917828, -28.0, 8.0], [60.47194546749287, 151.88611202810102, -28.0, 8.0], [57.59622752283988, 151.50959560652478, -28.0, 8.0], [54.77613883211593, 151.32088039885397, -28.0, 8.0], [52.0475089879303, 151.42782207949298, -28.0, 8.0], [49.4461675828922, 151.93827632284624, -28.0, 8.0], [46.972952334786186, 152.86380655215768, -28.0, 8.0], [44.59245250989524, 154.1023388046448, -28.0, 8.0], [42.286125023576346, 155.59127267567246, -28.0, 8.0], [40.035426791186495, 157.2680077606056, -28.0, 8.0], [37.82181472808268, 159.06994365480892, -28.0, 8.0], [35.62674574962186, 160.93447995364744, -28.0, 8.0], [33.43167677116107, 162.79901625248596, -28.0, 8.0], [31.218064708057256, 164.60095214668934, -28.0, 8.0], [28.967366475667408, 166.2776872316224, -28.0, 8.0]], "num_spline_nodes": 10, "road_bbox_size": [0.0, 0.0, 250.0, 250.0], "distance_to_boundary": -0.45706498787820804}, "seed": {"control_nodes": [[125.0, 0.0, -28.0, 8.0], [125.0, 25.0, -28.0, 8.0], [125.0, 50.0, -28.0, 8.0], [117.69070738193159, 73.90761889907589, -28.0, 8.0], [115.51181381324014, 98.81248635136953, -28.0, 8.0], [112.46508022811146, 123.62614014240258, -28.0, 8.0], [97.77044892079964, 143.85156500177627, -28.0, 8.0], [74.4309382583696, 152.81076374040876, -28.0, 8.0], [49.4461675828922, 151.93827632284624, -28.0, 8.0], [28.967366475667408, 166.2776872316224, -28.0, 8.0], [8.488565368442611, 180.61709814039855, -28.0, 8.0]],