{"name": "Road202", "members_distance": null, "m1": {"control_nodes": [[125.0, 0.0, -28.0, 8.0], [125.0, 25.0, -28.0, 8.0], [125.0, 50.0, -28.0, 8.0], [117.69070738193159, 68.90761889907589, -28.0, 8.0], [105.0747315065559, 94.87438309771149, -28.0, 8.0], [81.79088896607664, 111.92434209927396, -28.0, 8.0], [65.45137830364659, 114.88354083790647, -28.0, 8.0], [41.25017589973594, 134.1315224437366, -28.0, 8.0], [24.848700174973263, 152.9992619493059, -28.0, 8.0], [23.97621275741074, 177.98403262478328, -28.0, 8.0], [23.103725339848214, 202.96880330026067, -28.0, 8.0]], "sample_nodes": [[125.0, 25.0, -28.0, 8.0], [125.0468711875961, 27.80088979738693, -28.0, 8.0], [125.16404915658633, 30.63644762418757, -28.0, 8.0], [125.31638051627363, 33.48933946569508, -28.0, 8.0], [125.4687118759609, 36.3422313072026, -28.0, 8.0], [125.58588984495114, 39.17778913400325, -28.0, 8.0], [125.63276103254722, 41.97867893139018, -28.0, 8.0], [125.57417204805212, 44.727566684656516, -28.0, 8.0], [125.37496950076874, 47.407118379095415, -28.0, 8.0], [125.0, 50.0, -28.0, 8.0], [124.50822280307908, 52.23650326144713, -28.0, 8.0], [123.89840841258282, 54.38133051202611, -28.0, 8.0], [123.18681922283182, 56.45923682241911, -28.0, 8.0], [122.38971762814671, 58.49497726330838, -28.0, 8.0], [121.52336602284817, 60.51330690537611, -28.0, 8.0], [120.60402680125674, 62.53898081930451, -28.0, 8.0], [119.64796235769307, 64.5967540757758, -28.0, 8.0], [118.67143508647781, 66.71138174547218, -28.0, 8.0], [117.69070738193159, 68.90761889907589, -28.0, 8.0], [116.53345799918915, 71.6791892345558, -28.0, 8.0], [115.37688190129904, 74.60032073992663, -28.0, 8.0], [114.19449135391149, 77.6190899516555, -28.0, 8.0], [112.95979862267683, 80.68357340620966, -28.0, 8.0], [111.64631597324528, 83.74184764005628, -28.0, 8.0], [110.22755567126713, 86.74198918966256, -28.0, 8.0], [108.67702998239267, 89.63207459149574, -28.0, 8.0], [106.96825117227215, 92.36018038202295, -28.0, 8.0], [105.0747315065559, 94.87438309771149, -28.0, 8.0], [102.94509006770188, 97.24204661291816, -28.0, 8.0], [100.5795997394359, 99.5494286256955, -28.0, 8.0], [98.03032588399645, 101.77166153428341, -28.0, 8.0], [95.34933386362215, 103.88387773692196, -28.0, 8.0], [92.58868904055151, 105.86120963185112, -28.0, 8.0], [89.80045677702309, 107.67878961731091, -28.0, 8.0], [87.03670243527544, 109.31175009154133, -28.0, 8.0], [84.34949137754711, 110.73522345278232, -28.0, 8.0], [81.79088896607664, 111.92434209927396, -28.0, 8.0], [79.93178476055795, 112.5791196595814, -28.0, 8.0], [78.10586748609876, 112.97925866643794, -28.0, 8.0], [76.30358592447406, 113.19896374627339, -28.0, 8.0], [74.51538885745875, 113.31243952551742, -28.0, 8.0], [72.7317250668278, 113.39389063059978, -28.0, 8.0], [70.94304333435616, 113.51752168795014, -28.0, 8.0], [69.1397924418188, 113.75753732399824, -28.0, 8.0], [67.3124211709906, 114.18814216517379, -28.0, 8.0], [65.45137830364658, 114.88354083790645, -28.0, 8.0], [62.82437974173087, 116.24157983996572, -28.0, 8.0], [60.10050351745498, 117.94578975754197, -28.0, 8.0], [57.314623208179604, 119.93145008621478, -28.0, 8.0], [54.50161239126544, 122.1338403215638, -28.0, 8.0], [51.696344644073115, 124.48823995916851, -28.0, 8.0], [48.93369354396334, 126.92992849460856, -28.0, 8.0], [46.248532668296775, 129.39418542346357, -28.0, 8.0], [43.67573559443408, 131.81629024131303, -28.0, 8.0], [41.25017589973594, 134.1315224437366, -28.0, 8.0], [39.119829471488494, 136.1294989510245, -28.0, 8.0], [36.96608798725189, 138.10753969602058, -28.0, 8.0], [34.83197363922937, 140.08473561184968, -28.0, 8.0], [32.76050861962423, 142.08017763163656, -28.0, 8.0], [30.79471512063971, 144.11295668850602, -28.0, 8.0], [28.977615334479086, 146.2021637155829, -28.0, 8.0], [27.352231453345624, 148.36688964599196, -28.0, 8.0], [25.961585669442595, 150.626225412858, -28.0, 8.0], [24.848700174973263, 152.9992619493059, -28.0, 8.0], [24.070100577369743, 155.50683592362225, -28.0, 8.0], [23.611027488144813, 158.14027473682555, -28.0, 8.0], [23.407575605622775, 160.87440542113848, -28.0, 8.0], [23.395839628127902, 163.68405500878362, -28.0, 8.0], [23.511914253984468, 166.54405053198354, -28.0, 8.0], [23.691894181516762, 169.42921902296092, -28.0, 8.0], [23.871874109049052, 172.31438751393824, -28.0, 8.0], [23.98794873490562, 175.17438303713817, -28.0, 8.0], [23.976212757410742, 177.9840326247833, -28.0, 8.0]], "num_spline_nodes": 10, "road_bbox_size": [0.0, 0.0, 250.0, 250.0], "distance_to_boundary": -0.17404010622187327}, "seed": {"control_nodes": [[125.0, 0.0, -28.0, 8.0], [125.0, 25.0, -28.0, 8.0], [125.0, 50.0, -28.0, 8.0], [117.69070738193159, 73.90761889907589, -28.0, 8.0], [104.0747315065559, 94.87438309771149, -28.0, 8.0], [85.79088896607664, 111.92434209927396, -28.0, 8.0], [62.45137830364659, 120.88354083790647, -28.0, 8.0], [41.25017589973594, 134.1315224437366, -28.0, 8.0], [24.848700174973263, 152.9992619493059, -28.0, 8.0], [23.97621275741074, 177.98403262478328, -28.0, 8.0], [23.103725339848214, 202.96880330026067, -28.0, 8.0]],