{"name": "Road710", "members_distance": null, "m1": {"control_nodes": [[125.0, 0.0, -28.0, 8.0], [125.0, 25.0, -28.0, 8.0], [125.0, 50.0, -28.0, 8.0], [116.69070738193159, 74.90761889907589, -28.0, 8.0], [115.51181381324014, 100.81248635136953, -28.0, 8.0], [108.46508022811146, 116.62614014240258, -28.0, 8.0], [88.77044892079964, 143.85156500177627, -28.0, 8.0], [74.4309382583696, 152.81076374040876, -28.0, 8.0], [49.4461675828922, 151.93827632284624, -28.0, 8.0], [28.967366475667408, 166.2776872316224, -28.0, 8.0], [8.488565368442611, 180.61709814039855, -28.0, 8.0]], "sample_nodes": [[125.0, 25.0, -28.0, 8.0], [125.04394243703041, 27.781549473046745, -28.0, 8.0], [125.15379852960646, 30.568756488996925, -28.0, 8.0], [125.2966114499553, 33.35879227639884, -28.0, 8.0], [125.43942437030414, 36.14882806380076, -28.0, 8.0], [125.54928046288018, 38.93603507975095, -28.0, 8.0], [125.59322289991056, 41.71758455279769, -28.0, 8.0], [125.53829485362259, 44.49064771148925, -28.0, 8.0], [125.3515394962433, 47.252395784373945, -28.0, 8.0], [125.0, 50.0, -28.0, 8.0], [124.40675551653848, 52.79282327668421, -28.0, 8.0], [123.58163258280845, 55.56122043742711, -28.0, 8.0], [122.58864943622359, 58.312948024881166, -28.0, 8.0], [121.49182431419766, 61.05576258169881, -28.0, 8.0], [120.3551754541443, 63.797420650532445, -28.0, 8.0], [119.2427210934773, 66.54567877403453, -28.0, 8.0], [118.21847946961041, 69.30829349485751, -28.0, 8.0], [117.34646881995724, 72.09302135565382, -28.0, 8.0], [116.69070738193159, 74.90761889907589, -28.0, 8.0], [116.29492563407652, 77.77508851414248, -28.0, 8.0], [116.11179038692995, 80.72553541529504, -28.0, 8.0], [116.07853816592633, 83.72456030036201, -28.0, 8.0], [116.13240549650021, 86.73776386717209, -28.0, 8.0], [116.2106289040861, 89.73074681355385, -28.0, 8.0], [116.25044491411853, 92.6691098373359, -28.0, 8.0], [116.18909005203197, 95.51845363634678, -28.0, 8.0], [115.96380084326103, 98.24437890841513, -28.0, 8.0], [115.51181381324014, 100.81248635136953, -28.0, 8.0], [115.00151194339882, 102.76377375463554, -28.0, 8.0], [114.42740288469602, 104.59036258784874, -28.0, 8.0], [113.78761809001816, 106.32488637105132, -28.0, 8.0], [113.08028901225154, 107.99997862428536, -28.0, 8.0], [112.30354710428264, 109.64827286759302, -28.0, 8.0], [111.45552381899779, 111.30240262101645, -28.0, 8.0], [110.53435060928336, 112.99500140459773, -28.0, 8.0], [109.53815892802581, 114.75870273837909, -28.0, 8.0], [108.46508022811147, 116.62614014240259, -28.0, 8.0], [106.78493268407934, 119.4794149838673, -28.0, 8.0], [104.87316613392362, 122.59768275863624, -28.0, 8.0], [102.77460177775654, 125.88577924870035, -28.0, 8.0], [100.53406081569034, 129.2485402360506, -28.0, 8.0], [98.19636444783721, 132.5908015026779, -28.0, 8.0], [95.80633387430936, 135.8173988305731, -28.0, 8.0], [93.408790295219, 138.8331680017273, -28.0, 8.0], [91.04855491067838, 141.5429447981314, -28.0, 8.0], [88.77044892079964, 143.85156500177627, -28.0, 8.0], [87.2213539254754, 145.2721496027315, -28.0, 8.0], [85.71207159987406, 146.58780508216242, -28.0, 8.0], [84.22080537477497, 147.79795269846076, -28.0, 8.0], [82.72575868095748, 148.90201371001842, -28.0, 8.0], [81.20513494920087, 149.8994093752272, -28.0, 8.0], [79.63713761028446, 150.7895609524788, -28.0, 8.0], [77.99997009498755, 151.57188970016506, -28.0, 8.0], [76.2718358340895, 152.2458168766778, -28.0, 8.0], [74.4309382583696, 152.81076374040873, -28.0, 8.0], [71.99376527834265, 153.19719236001234, -28.0, 8.0], [69.34905139616761, 153.19271444901142, -28.0, 8.0], [66.54943064305996, 152.91307155630807, -28.0, 8.0], [63.64753705023509, 152.47400523080418, -28.0, 8.0], [60.69600464890842, 151.99125702140174, -28.0, 8.0], [57.74746747029538, 151.58056847700277, -28.0, 8.0], [54.85455954561138, 151.3576811465092, -28.0, 8.0], [52.06991490607185, 151.43833657882305, -28.0, 8.0], [49.44616758289221, 151.93827632284626, -28.0, 8.0], [46.972952334786186, 152.86380655215768, -28.0, 8.0], [44.59245250989524, 154.1023388046448, -28.0, 8.0], [42.286125023576346, 155.59127267567246, -28.0, 8.0], [40.035426791186495, 157.2680077606056, -28.0, 8.0], [37.82181472808268, 159.06994365480892, -28.0, 8.0], [35.62674574962186, 160.93447995364744, -28.0, 8.0], [33.43167677116107, 162.79901625248596, -28.0, 8.0], [31.218064708057256, 164.60095214668934, -28.0, 8.0], [28.967366475667408, 166.2776872316224, -28.0, 8.0]], "num_spline_nodes": 10, "road_bbox_size": [0.0, 0.0, 250.0, 250.0], "distance_to_boundary": -0.42946698175366205}, "seed": {"control_nodes": [[125.0, 0.0, -28.0, 8.0], [125.0, 25.0, -28.0, 8.0], [125.0, 50.0, -28.0, 8.0], [117.69070738193159, 73.90761889907589, -28.0, 8.0], [115.51181381324014, 98.81248635136953, -28.0, 8.0], [112.46508022811146, 123.62614014240258, -28.0, 8.0], [97.77044892079964, 143.85156500177627, -28.0, 8.0], [74.4309382583696, 152.81076374040876, -28.0, 8.0], [49.4461675828922, 151.93827632284624, -28.0, 8.0], [28.967366475667408, 166.2776872316224, -28.0, 8.0], [8.488565368442611, 180.61709814039855, -28.0, 8.0]],