{"name": "Road911", "members_distance": null, "m1": {"control_nodes": [[125.0, 0.0, -28.0, 8.0], [125.0, 25.0, -28.0, 8.0], [125.0, 50.0, -28.0, 8.0], [116.69070738193159, 81.90761889907589, -28.0, 8.0], [115.51181381324014, 97.81248635136953, -28.0, 8.0], [109.46508022811146, 116.62614014240258, -28.0, 8.0], [91.77044892079964, 143.85156500177627, -28.0, 8.0], [74.4309382583696, 152.81076374040876, -28.0, 8.0], [49.4461675828922, 151.93827632284624, -28.0, 8.0], [28.967366475667408, 166.2776872316224, -28.0, 8.0], [8.488565368442611, 180.61709814039855, -28.0, 8.0]], "sample_nodes": [[125.0, 25.0, -28.0, 8.0], [125.03695775278433, 27.763557950868893, -28.0, 8.0], [125.12935213474518, 30.505786161374452, -28.0, 8.0], [125.24946483129426, 33.237349501698354, -28.0, 8.0], [125.36957752784332, 35.968912842022256, -28.0, 8.0], [125.46197190980416, 38.71114105252782, -28.0, 8.0], [125.49892966258847, 41.47469900339671, -28.0, 8.0], [125.45273247160809, 44.27025156481059, -28.0, 8.0], [125.29566202227468, 47.10846360695114, -28.0, 8.0], [124.99999999999999, 50.0, -28.0, 8.0], [124.42387557205697, 53.453761726712706, -28.0, 8.0], [123.60075120117824, 57.06560725353671, -28.0, 8.0], [122.59929147282936, 60.77759308707505, -28.0, 8.0], [121.48816097247585, 64.53177573393077, -28.0, 8.0], [120.3360242855832, 68.27021170070688, -28.0, 8.0], [119.21154599761698, 71.9349574940064, -28.0, 8.0], [118.1833906940426, 75.4680696204324, -28.0, 8.0], [117.32022296032562, 78.81160458658789, -28.0, 8.0], [116.69070738193159, 81.90761889907589, -28.0, 8.0], [116.41614837041254, 83.89603807189889, -28.0, 8.0], [116.25237375267922, 85.77057543171688, -28.0, 8.0], [116.16728709252554, 87.55633621859016, -28.0, 8.0], [116.12879195374556, 89.27842567257906, -28.0, 8.0], [116.10479190013321, 90.96194903374393, -28.0, 8.0], [116.0631904954825, 92.63201154214507, -28.0, 8.0], [115.97189130358744, 94.31371843784284, -28.0, 8.0], [115.79879788824198, 96.03217496089754, -28.0, 8.0], [115.51181381324014, 97.81248635136953, -28.0, 8.0], [115.09621135779349, 99.8399258042652, -28.0, 8.0], [114.63393683365209, 101.87391389837046, -28.0, 8.0], [114.11753646685045, 103.91839048644036, -28.0, 8.0], [113.53955648342318, 105.97729542123, -28.0, 8.0], [112.8925431094048, 108.05456855549448, -28.0, 8.0], [112.1690425708299, 110.15414974198889, -28.0, 8.0], [111.36160109373301, 112.27997883346832, -28.0, 8.0], [110.46276490414868, 114.43599568268787, -28.0, 8.0], [109.46508022811146, 116.62614014240259, -28.0, 8.0], [108.01827811458286, 119.59470340445935, -28.0, 8.0], [106.38490728442957, 122.78043855227001, -28.0, 8.0], [104.5892898985199, 126.09632377171229, -28.0, 8.0], [102.65574811772206, 129.45533724866374, -28.0, 8.0], [100.60860410290434, 132.77045716900204, -28.0, 8.0], [98.47218001493498, 135.95466171860477, -28.0, 8.0], [96.27079801468223, 138.92092908334965, -28.0, 8.0], [94.02878026301434, 141.58223744911427, -28.0, 8.0], [91.77044892079962, 143.85156500177627, -28.0, 8.0], [90.0070444421462, 145.36289066418226, -28.0, 8.0], [88.21513676818725, 146.7310192101847, -28.0, 8.0], [86.3894550022138, 147.96205021082523, -28.0, 8.0], [84.524728247517, 149.06208323714577, -28.0, 8.0], [82.61568560738786, 150.03721786018795, -28.0, 8.0], [80.65705618511748, 150.89355365099357, -28.0, 8.0], [78.64356908399694, 151.6371901806044, -28.0, 8.0], [76.56995340731727, 152.2742270200622, -28.0, 8.0], [74.4309382583696, 152.81076374040876, -28.0, 8.0], [71.87997006746981, 153.14362636011134, -28.0, 8.0], [69.17480247951859, 153.11069151166308, -28.0, 8.0], [66.35740122471205, 152.82267893147514, -28.0, 8.0], [63.46973203324629, 152.3903083559589, -28.0, 8.0], [60.55376063531739, 151.92429952152554, -28.0, 8.0], [57.65145276112143, 151.5353721645863, -28.0, 8.0], [54.80477414085451, 151.33424602155256, -28.0, 8.0], [52.05569050471275, 151.43164082883544, -28.0, 8.0], [49.4461675828922, 151.93827632284624, -28.0, 8.0], [46.972952334786186, 152.86380655215768, -28.0, 8.0], [44.59245250989524, 154.1023388046448, -28.0, 8.0], [42.286125023576346, 155.59127267567246, -28.0, 8.0], [40.035426791186495, 157.2680077606056, -28.0, 8.0], [37.82181472808268, 159.06994365480892, -28.0, 8.0], [35.62674574962186, 160.93447995364744, -28.0, 8.0], [33.43167677116107, 162.79901625248596, -28.0, 8.0], [31.218064708057256, 164.60095214668934, -28.0, 8.0], [28.967366475667408, 166.2776872316224, -28.0, 8.0]], "num_spline_nodes": 10, "road_bbox_size": [0.0, 0.0, 250.0, 250.0], "distance_to_boundary": -0.410649178984543}, "seed": {"control_nodes": [[125.0, 0.0, -28.0, 8.0], [125.0, 25.0, -28.0, 8.0], [125.0, 50.0, -28.0, 8.0], [117.69070738193159, 73.90761889907589, -28.0, 8.0], [115.51181381324014, 98.81248635136953, -28.0, 8.0], [112.46508022811146, 123.62614014240258, -28.0, 8.0], [97.77044892079964, 143.85156500177627, -28.0, 8.0], [74.4309382583696, 152.81076374040876, -28.0, 8.0], [49.4461675828922, 151.93827632284624, -28.0, 8.0], [28.967366475667408, 166.2776872316224, -28.0, 8.0], [8.488565368442611, 180.61709814039855, -28.0, 8.0]],