{"name": "Road769", "members_distance": null, "m1": {"control_nodes": [[125.0, 0.0, -28.0, 8.0], [125.0, 25.0, -28.0, 8.0], [125.0, 50.0, -28.0, 8.0], [118.52952387243698, 74.1481456572267, -28.0, 8.0], [127.48872261106949, 95.48765631965675, -28.0, 8.0], [136.447921349702, 123.8271669820868, -28.0, 8.0], [134.70400950609886, 145.7662682385824, -28.0, 8.0], [135.14031966703095, 170.7624606174922, -28.0, 8.0], [151.8685848260024, 189.34108125442705, -28.0, 8.0], [176.0167304832291, 195.81155738199007, -28.0, 8.0], [200.27412364012903, 201.85960477198176, -28.0, 8.0]], "sample_nodes": [[125.0, 25.0, -28.0, 8.0], [125.03550329836797, 27.782451875680515, -28.0, 8.0], [125.12426154428792, 30.57191489821512, -28.0, 8.0], [125.23964726398383, 33.36488349417678, -28.0, 8.0], [125.35503298367973, 36.157852090138455, -28.0, 8.0], [125.44379122959967, 38.94731511267307, -28.0, 8.0], [125.47929452796762, 41.729766988353575, -28.0, 8.0], [125.43491540500769, 44.50170214375294, -28.0, 8.0], [125.28402638694378, 47.259615005444104, -28.0, 8.0], [125.0, 50.0, -28.0, 8.0], [124.47681944113596, 52.73153482368483, -28.0, 8.0], [123.68810378260746, 55.46206389805771, -28.0, 8.0], [122.72667936358272, 58.18683173763405, -28.0, 8.0], [121.68537252323006, 60.90108285692925, -28.0, 8.0], [120.65700960071771, 63.60006177045868, -28.0, 8.0], [119.73441693521397, 66.27901299273773, -28.0, 8.0], [119.0104208658871, 68.93318103828184, -28.0, 8.0], [118.57784773190536, 71.55781042160638, -28.0, 8.0], [118.52952387243698, 74.1481456572267, -28.0, 8.0], [118.87671196652423, 76.58190856193882, -28.0, 8.0], [119.53844856803444, 78.94912821401819, -28.0, 8.0], [120.44938557726073, 81.27160463268861, -28.0, 8.0], [121.54417489449617, 83.57113783717392, -28.0, 8.0], [122.75746842003392, 85.86952784669788, -28.0, 8.0], [124.02391805416704, 88.18857468048436, -28.0, 8.0], [125.27817569718859, 90.5500783577571, -28.0, 8.0], [126.45489324939172, 92.97583889773996, -28.0, 8.0], [127.48872261106948, 95.48765631965675, -28.0, 8.0], [128.60465749940684, 98.45940236503093, -28.0, 8.0], [129.79169434406523, 101.5471838719804, -28.0, 8.0], [131.00645355356895, 104.7202451219022, -28.0, 8.0], [132.20555553644226, 107.94783039619341, -28.0, 8.0], [133.3456207012094, 111.19918397625106, -28.0, 8.0], [134.38326945639466, 114.44355014347215, -28.0, 8.0], [135.27512221052243, 117.65017317925381, -28.0, 8.0], [135.97779937211675, 120.788297364993, -28.0, 8.0], [136.447921349702, 123.8271669820868, -28.0, 8.0], [136.62656523542122, 126.35617295506421, -28.0, 8.0], [136.60812120208536, 128.8265366992918, -28.0, 8.0], [136.43715422910992, 131.2536054497064, -28.0, 8.0], [136.15822929591053, 133.65272644124482, -28.0, 8.0], [135.8159113819027, 136.03924690884384, -28.0, 8.0], [135.45476546650207, 138.4285140874403, -28.0, 8.0], [135.11935652912413, 140.83587521197097, -28.0, 8.0], [134.85424954918454, 143.27667751737272, -28.0, 8.0], [134.70400950609883, 145.76626823858237, -28.0, 8.0], [134.55914641003756, 148.5057566889057, -28.0, 8.0], [134.32891903677535, 151.3323205685444, -28.0, 8.0], [134.07062729113025, 154.2126989354822, -28.0, 8.0], [133.84157107792038, 157.11363084770318, -28.0, 8.0], [133.69905030196372, 160.00185536319123, -28.0, 8.0], [133.7003648680784, 162.84411153993022, -28.0, 8.0], [133.90281468108248, 165.60713843590415, -28.0, 8.0], [134.36369964579396, 168.25767510909685, -28.0, 8.0], [135.14031966703095, 170.7624606174922, -28.0, 8.0], [136.2431556011138, 173.17489291567108, -28.0, 8.0], [137.6201479713847, 175.55493192293997, -28.0, 8.0], [139.23478618319425, 177.8791596443713, -28.0, 8.0], [141.0505596418932, 180.1241580850375, -28.0, 8.0], [143.0309577528322, 182.266509250011, -28.0, 8.0], [145.13946992136192, 184.28279514436423, -28.0, 8.0], [147.3395855528331, 186.14959777316975, -28.0, 8.0], [149.59479405259637, 187.84349914149988, -28.0, 8.0], [151.8685848260024, 189.34108125442705, -28.0, 8.0], [154.22541148209638, 190.59383695481498, -28.0, 8.0], [156.73401142005014, 191.600930659023, -28.0, 8.0], [159.3642997304045, 192.41045173236714, -28.0, 8.0], [162.08619150370032, 193.07048954016352, -28.0, 8.0], [164.86960183047833, 193.62913344772812, -28.0, 8.0], [167.68444580127942, 194.134472820377, -28.0, 8.0], [170.50063850664438, 194.6345970234263, -28.0, 8.0], [173.288095037114, 195.17759542219198, -28.0, 8.0], [176.0167304832291, 195.81155738199007, -28.0, 8.0]], "num_spline_nodes": 10, "road_bbox_size": [0.0, 0.0, 250.0, 250.0], "distance_to_boundary": -0.6380101015652873}, "seed": {"control_nodes": [[125.0, 0.0, -28.0, 8.0], [125.0, 25.0, -28.0, 8.0], [125.0, 50.0, -28.0, 8.0], [118.52952387243698, 74.1481456572267, -28.0, 8.0], [127.48872261106949, 97.48765631965675, -28.0, 8.0], [136.447921349702, 120.8271669820868, -28.0, 8.0], [134.70400950609886, 145.7662682385824, -28.0, 8.0], [135.14031966703095, 170.7624606174922, -28.0, 8.0], [151.8685848260024, 189.34108125442705, -28.0, 8.0], [176.0167304832291, 195.81155738199007, -28.0, 8.0], [200.27412364012903, 201.85960477198176, -28.0, 8.0]],