{"name": "Road130", "members_distance": null, "m1": {"control_nodes": [[125.0, 0.0, -28.0, 8.0], [125.0, 25.0, -28.0, 8.0], [125.0, 50.0, -28.0, 8.0], [117.69070738193159, 73.90761889907589, -28.0, 8.0], [104.0747315065559, 94.87438309771149, -28.0, 8.0], [85.79088896607664, 111.92434209927396, -28.0, 8.0], [65.45137830364659, 118.88354083790647, -28.0, 8.0], [41.25017589973594, 134.1315224437366, -28.0, 8.0], [24.848700174973263, 152.9992619493059, -28.0, 8.0], [23.97621275741074, 177.98403262478328, -28.0, 8.0], [23.103725339848214, 202.96880330026067, -28.0, 8.0]], "sample_nodes": [[125.0, 25.0, -28.0, 8.0], [125.04010585798666, 27.783771638413853, -28.0, 8.0], [125.14037050295332, 30.576534067781804, -28.0, 8.0], [125.27071454140994, 33.37379189262681, -28.0, 8.0], [125.40105857986659, 36.17104971747183, -28.0, 8.0], [125.50132322483321, 38.96381214683979, -28.0, 8.0], [125.54142908281989, 41.74758378525364, -28.0, 8.0], [125.49129676033658, 44.517869237236326, -28.0, 8.0], [125.32084686389327, 47.270173107310804, -28.0, 8.0], [125.0, 50.0, -28.0, 8.0], [124.54330781172, 52.720489361943045, -28.0, 8.0], [123.98812551407488, 55.44270631193655, -28.0, 8.0], [123.33857907151216, 58.15904396273969, -28.0, 8.0], [122.59879444847951, 60.86189542711167, -28.0, 8.0], [121.77289760942443, 63.54365381781168, -28.0, 8.0], [120.86501451879451, 66.1967122475989, -28.0, 8.0], [119.87927114103735, 68.81346382923256, -28.0, 8.0], [118.81979344060053, 71.38630167547183, -28.0, 8.0], [117.69070738193159, 73.90761889907589, -28.0, 8.0], [116.4802701871289, 76.387841767789, -28.0, 8.0], [115.17848450279392, 78.83979030272414, -28.0, 8.0], [113.79209443012925, 81.25944824669345, -28.0, 8.0], [112.32784407033735, 83.64279934250919, -28.0, 8.0], [110.79247752462067, 85.98582733298356, -28.0, 8.0], [109.19273889418164, 88.28451596092873, -28.0, 8.0], [107.5353722802229, 90.534848969157, -28.0, 8.0], [105.82712178394682, 92.73281010048052, -28.0, 8.0], [104.0747315065559, 94.87438309771149, -28.0, 8.0], [102.26887746400895, 96.9951036822976, -28.0, 8.0], [100.39815356308286, 99.11675597215043, -28.0, 8.0], [98.4661807412073, 101.21469630477816, -28.0, 8.0], [96.47657993581194, 103.26428101768894, -28.0, 8.0], [94.43297208432645, 105.24086644839093, -28.0, 8.0], [92.33897812418049, 107.11980893439224, -28.0, 8.0], [90.19821899280376, 108.87646481320111, -28.0, 8.0], [88.01431562762593, 110.48619042232562, -28.0, 8.0], [85.79088896607664, 111.92434209927396, -28.0, 8.0], [83.6771871791121, 113.03956445746145, -28.0, 8.0], [81.501362544355, 113.93168715479328, -28.0, 8.0], [79.27437015633846, 114.65968382586166, -28.0, 8.0], [77.00716510959563, 115.28252810525885, -28.0, 8.0], [74.71070249865964, 115.85919362757718, -28.0, 8.0], [72.3959374180636, 116.44865402740886, -28.0, 8.0], [70.07382496234067, 117.10988293934614, -28.0, 8.0], [67.75532022602394, 117.9018539979812, -28.0, 8.0], [65.45137830364658, 118.88354083790645, -28.0, 8.0], [62.75935907004966, 120.21023715296457, -28.0, 8.0], [59.994409527209854, 121.65411659968646, -28.0, 8.0], [57.18810660168911, 123.20433539271983, -28.0, 8.0], [54.37202722004943, 124.85004974671254, -28.0, 8.0], [51.57774830885279, 126.58041587631226, -28.0, 8.0], [48.83684679466114, 128.3845899961668, -28.0, 8.0], [46.18089960403648, 130.25172832092386, -28.0, 8.0], [43.64148366354076, 132.1709870652312, -28.0, 8.0], [41.25017589973594, 134.1315224437366, -28.0, 8.0], [39.07858292650057, 135.99870964315892, -28.0, 8.0], [36.90292921523912, 137.9072685683514, -28.0, 8.0], [34.76237009456224, 139.86402865482648, -28.0, 8.0], [32.696060893080585, 141.8758193380966, -28.0, 8.0], [30.74315693940479, 143.94947005367402, -28.0, 8.0], [28.94281356214552, 146.0918102370713, -28.0, 8.0], [27.33418608991341, 148.30966932380073, -28.0, 8.0], [25.95642985131911, 150.6098767493748, -28.0, 8.0], [24.84870017497326, 152.9992619493059, -28.0, 8.0], [24.070100577369743, 155.50683592362225, -28.0, 8.0], [23.611027488144813, 158.14027473682555, -28.0, 8.0], [23.407575605622775, 160.87440542113848, -28.0, 8.0], [23.395839628127902, 163.68405500878362, -28.0, 8.0], [23.511914253984468, 166.54405053198354, -28.0, 8.0], [23.691894181516762, 169.42921902296092, -28.0, 8.0], [23.871874109049052, 172.31438751393824, -28.0, 8.0], [23.98794873490562, 175.17438303713817, -28.0, 8.0], [23.976212757410742, 177.9840326247833, -28.0, 8.0]], "num_spline_nodes": 10, "road_bbox_size": [0.0, 0.0, 250.0, 250.0], "distance_to_boundary": -0.008604564736251596}, "seed": {"control_nodes": [[125.0, 0.0, -28.0, 8.0], [125.0, 25.0, -28.0, 8.0], [125.0, 50.0, -28.0, 8.0], [117.69070738193159, 73.90761889907589, -28.0, 8.0], [104.0747315065559, 94.87438309771149, -28.0, 8.0], [85.79088896607664, 111.92434209927396, -28.0, 8.0], [62.45137830364659, 120.88354083790647, -28.0, 8.0], [41.25017589973594, 134.1315224437366, -28.0, 8.0], [24.848700174973263, 152.9992619493059, -28.0, 8.0], [23.97621275741074, 177.98403262478328, -28.0, 8.0], [23.103725339848214, 202.96880330026067, -28.0, 8.0]],