{"name": "Road626", "members_distance": null, "m1": {"control_nodes": [[125.0, 0.0, -28.0, 8.0], [125.0, 25.0, -28.0, 8.0], [125.0, 50.0, -28.0, 8.0], [114.69070738193159, 73.90761889907589, -28.0, 8.0], [115.51181381324014, 100.81248635136953, -28.0, 8.0], [112.46508022811146, 124.62614014240258, -28.0, 8.0], [96.77044892079964, 143.85156500177627, -28.0, 8.0], [74.4309382583696, 152.81076374040876, -28.0, 8.0], [49.4461675828922, 151.93827632284624, -28.0, 8.0], [28.967366475667408, 166.2776872316224, -28.0, 8.0], [8.488565368442611, 180.61709814039855, -28.0, 8.0]], "sample_nodes": [[125.0, 25.0, -28.0, 8.0], [125.05486779306979, 27.786319634657705, -28.0, 8.0], [125.1920372757443, 30.58545205463529, -28.0, 8.0], [125.37035760322112, 33.390990867272826, -28.0, 8.0], [125.54867793069795, 36.19652967991037, -28.0, 8.0], [125.68584741337244, 38.995662099887966, -28.0, 8.0], [125.74071520644222, 41.78198173454567, -28.0, 8.0], [125.672130465105, 44.54908219122353, -28.0, 8.0], [125.43894234455834, 47.29055707726163, -28.0, 8.0], [125.0, 50.0, -28.0, 8.0], [124.25115937818936, 52.7136766746515, -28.0, 8.0], [123.19730605174165, 55.37315767913651, -28.0, 8.0], [121.9266630009564, 57.995533167659815, -28.0, 8.0], [120.52745320613315, 60.597893294426356, -28.0, 8.0], [119.08789964757148, 63.197328213640866, -28.0, 8.0], [117.69622530557095, 65.81092807950826, -28.0, 8.0], [116.44065316043111, 68.45578304623334, -28.0, 8.0], [115.40940619245144, 71.14898326802091, -28.0, 8.0], [114.69070738193159, 73.90761889907589, -28.0, 8.0], [114.30447567506579, 76.79169065742548, -28.0, 8.0], [114.187025638016, 79.74392064149231, -28.0, 8.0], [114.27432217173131, 82.74638653581596, -28.0, 8.0], [114.50233017716089, 85.78116602493607, -28.0, 8.0], [114.80701455525374, 88.83033679339225, -28.0, 8.0], [115.12434020695898, 91.87597652572404, -28.0, 8.0], [115.39027203322577, 94.90016290647114, -28.0, 8.0], [115.54077493500311, 97.88497362017311, -28.0, 8.0], [115.51181381324014, 100.81248635136953, -28.0, 8.0], [115.40368578807065, 103.55316974913406, -28.0, 8.0], [115.32028572362668, 106.30199545782914, -28.0, 8.0], [115.22633043009012, 109.04532514433154, -28.0, 8.0], [115.0865367176428, 111.7695204755181, -28.0, 8.0], [114.86562139646668, 114.46094311826565, -28.0, 8.0], [114.5283012767436, 117.10595473945105, -28.0, 8.0], [114.03929316865545, 119.69091700595112, -28.0, 8.0], [113.36331388238409, 122.2021915846427, -28.0, 8.0], [112.46508022811147, 124.62614014240259, -28.0, 8.0], [111.31741847720411, 127.03901108181365, -28.0, 8.0], [109.96638017955459, 129.43241738613614, -28.0, 8.0], [108.43524962246741, 131.7850532609399, -28.0, 8.0], [106.7473110932469, 134.07561291179462, -28.0, 8.0], [104.92584887919753, 136.2827905442702, -28.0, 8.0], [102.99414726762369, 138.38528036393635, -28.0, 8.0], [100.97549054582981, 140.3617765763629, -28.0, 8.0], [98.89316300112033, 142.19097338711964, -28.0, 8.0], [96.77044892079965, 143.8515650017763, -28.0, 8.0], [94.59994843360471, 145.33483395503265, -28.0, 8.0], [92.30663356574873, 146.69446900859276, -28.0, 8.0], [89.90974611992355, 147.93119157374687, -28.0, 8.0], [87.42852789882119, 149.0457230617855, -28.0, 8.0], [84.88222070513359, 150.03878488399894, -28.0, 8.0], [82.29006634155267, 150.91109845167756, -28.0, 8.0], [79.67130661077042, 151.66338517611186, -28.0, 8.0], [77.04518331547874, 152.2963664685921, -28.0, 8.0], [74.4309382583696, 152.8107637404088, -28.0, 8.0], [71.72838406853005, 153.07362133840402, -28.0, 8.0], [68.94268641864207, 153.00349632217376, -28.0, 8.0], [66.10159985150119, 152.70454545734404, -28.0, 8.0], [63.23287890990291, 152.28092550954125, -28.0, 8.0], [60.36427813664268, 151.8367932443914, -28.0, 8.0], [57.523552074516004, 151.47630542752077, -28.0, 8.0], [54.73845526631837, 151.3036188245556, -28.0, 8.0], [52.03674225484528, 151.42289020112202, -28.0, 8.0], [49.4461675828922, 151.93827632284624, -28.0, 8.0], [46.972952334786186, 152.86380655215768, -28.0, 8.0], [44.59245250989524, 154.1023388046448, -28.0, 8.0], [42.286125023576346, 155.59127267567246, -28.0, 8.0], [40.035426791186495, 157.2680077606056, -28.0, 8.0], [37.82181472808268, 159.06994365480892, -28.0, 8.0], [35.62674574962186, 160.93447995364744, -28.0, 8.0], [33.43167677116107, 162.79901625248596, -28.0, 8.0], [31.218064708057256, 164.60095214668934, -28.0, 8.0], [28.967366475667408, 166.2776872316224, -28.0, 8.0]], "num_spline_nodes": 10, "road_bbox_size": [0.0, 0.0, 250.0, 250.0], "distance_to_boundary": -0.34650558446584245}, "seed": {"control_nodes": [[125.0, 0.0, -28.0, 8.0], [125.0, 25.0, -28.0, 8.0], [125.0, 50.0, -28.0, 8.0], [117.69070738193159, 73.90761889907589, -28.0, 8.0], [115.51181381324014, 98.81248635136953, -28.0, 8.0], [112.46508022811146, 123.62614014240258, -28.0, 8.0], [97.77044892079964, 143.85156500177627, -28.0, 8.0], [74.4309382583696, 152.81076374040876, -28.0, 8.0], [49.4461675828922, 151.93827632284624, -28.0, 8.0], [28.967366475667408, 166.2776872316224, -28.0, 8.0], [8.488565368442611, 180.61709814039855, -28.0, 8.0]],