{"name": "Road871", "members_distance": null, "m1": {"control_nodes": [[125.0, 0.0, -28.0, 8.0], [125.0, 25.0, -28.0, 8.0], [125.0, 50.0, -28.0, 8.0], [116.69070738193159, 81.90761889907589, -28.0, 8.0], [115.51181381324014, 97.81248635136953, -28.0, 8.0], [108.46508022811146, 116.62614014240258, -28.0, 8.0], [89.77044892079964, 143.85156500177627, -28.0, 8.0], [74.4309382583696, 152.81076374040876, -28.0, 8.0], [49.4461675828922, 151.93827632284624, -28.0, 8.0], [28.967366475667408, 166.2776872316224, -28.0, 8.0], [8.488565368442611, 180.61709814039855, -28.0, 8.0]], "sample_nodes": [[125.0, 25.0, -28.0, 8.0], [125.03695775278433, 27.763557950868893, -28.0, 8.0], [125.12935213474518, 30.505786161374452, -28.0, 8.0], [125.24946483129426, 33.237349501698354, -28.0, 8.0], [125.36957752784332, 35.968912842022256, -28.0, 8.0], [125.46197190980416, 38.71114105252782, -28.0, 8.0], [125.49892966258847, 41.47469900339671, -28.0, 8.0], [125.45273247160809, 44.27025156481059, -28.0, 8.0], [125.29566202227468, 47.10846360695114, -28.0, 8.0], [124.99999999999999, 50.0, -28.0, 8.0], [124.42387557205697, 53.453761726712706, -28.0, 8.0], [123.60075120117824, 57.06560725353671, -28.0, 8.0], [122.59929147282936, 60.77759308707505, -28.0, 8.0], [121.48816097247585, 64.53177573393077, -28.0, 8.0], [120.3360242855832, 68.27021170070688, -28.0, 8.0], [119.21154599761698, 71.9349574940064, -28.0, 8.0], [118.1833906940426, 75.4680696204324, -28.0, 8.0], [117.32022296032562, 78.81160458658789, -28.0, 8.0], [116.69070738193159, 81.90761889907589, -28.0, 8.0], [116.42042879295552, 83.89677809417016, -28.0, 8.0], [116.26735523157959, 85.77316550966637, -28.0, 8.0], [116.19617994469056, 87.5613313689213, -28.0, 8.0], [116.17159617917521, 89.28582589529188, -28.0, 8.0], [116.15829718192028, 90.97119931213496, -28.0, 8.0], [116.12097619981253, 92.64200184280736, -28.0, 8.0], [116.02432647973876, 94.32278371066604, -28.0, 8.0], [115.83304126858569, 96.03809513906779, -28.0, 8.0], [115.51181381324014, 97.81248635136953, -28.0, 8.0], [115.03079733731182, 99.84655631890055, -28.0, 8.0], [114.47956403982485, 101.88411786334794, -28.0, 8.0], [113.8558546383309, 103.92971059559582, -28.0, 8.0], [113.15740985038161, 105.98787412652834, -28.0, 8.0], [112.38197039352855, 108.06314806702946, -28.0, 8.0], [111.5272769853234, 110.16007202798336, -28.0, 8.0], [110.59107034331774, 112.28318562027412, -28.0, 8.0], [109.57109118506324, 114.43702845478585, -28.0, 8.0], [108.46508022811145, 116.62614014240256, -28.0, 8.0], [106.87840005402914, 119.59313324129597, -28.0, 8.0], [105.08947669243986, 122.77441634438114, -28.0, 8.0], [103.13243210774456, 126.08437096140123, -28.0, 8.0], [101.04138826434416, 129.43737860209959, -28.0, 8.0], [98.8504671266397, 132.74782077621927, -28.0, 8.0], [96.59379065903201, 135.93007899350357, -28.0, 8.0], [94.30548082592219, 138.89853476369572, -28.0, 8.0], [92.01965959171105, 141.56756959653887, -28.0, 8.0], [89.77044892079964, 143.85156500177627, -28.0, 8.0], [88.15527557309944, 145.30458737662767, -28.0, 8.0], [86.5548210629022, 146.63893249848343, -28.0, 8.0], [84.95321838207423, 147.8564382063056, -28.0, 8.0], [83.33460052248171, 148.95894233905625, -28.0, 8.0], [81.6831004759909, 149.9482827356975, -28.0, 8.0], [79.98285123446804, 150.8262972351913, -28.0, 8.0], [78.21798578977938, 151.59482367649971, -28.0, 8.0], [76.37263713379116, 152.25569989858485, -28.0, 8.0], [74.4309382583696, 152.81076374040876, -28.0, 8.0], [71.95345594594245, 153.17821131370434, -28.0, 8.0], [69.28732773092985, 153.16364972185235, -28.0, 8.0], [66.48140864463466, 152.88104104066332, -28.0, 8.0], [63.584553718359814, 152.44434734594796, -28.0, 8.0], [60.64561798340819, 151.96753071351674, -28.0, 8.0], [57.71345647108273, 151.5645532191804, -28.0, 8.0], [54.8369242126863, 151.34937693874946, -28.0, 8.0], [52.06487623952182, 151.43596394803455, -28.0, 8.0], [49.446167582892194, 151.9382763228462, -28.0, 8.0], [46.972952334786186, 152.86380655215768, -28.0, 8.0], [44.59245250989524, 154.1023388046448, -28.0, 8.0], [42.286125023576346, 155.59127267567246, -28.0, 8.0], [40.035426791186495, 157.2680077606056, -28.0, 8.0], [37.82181472808268, 159.06994365480892, -28.0, 8.0], [35.62674574962186, 160.93447995364744, -28.0, 8.0], [33.43167677116107, 162.79901625248596, -28.0, 8.0], [31.218064708057256, 164.60095214668934, -28.0, 8.0], [28.967366475667408, 166.2776872316224, -28.0, 8.0]], "num_spline_nodes": 10, "road_bbox_size": [0.0, 0.0, 250.0, 250.0], "distance_to_boundary": -0.4059474828970382}, "seed": {"control_nodes": [[125.0, 0.0, -28.0, 8.0], [125.0, 25.0, -28.0, 8.0], [125.0, 50.0, -28.0, 8.0], [117.69070738193159, 73.90761889907589, -28.0, 8.0], [115.51181381324014, 98.81248635136953, -28.0, 8.0], [112.46508022811146, 123.62614014240258, -28.0, 8.0], [97.77044892079964, 143.85156500177627, -28.0, 8.0], [74.4309382583696, 152.81076374040876, -28.0, 8.0], [49.4461675828922, 151.93827632284624, -28.0, 8.0], [28.967366475667408, 166.2776872316224, -28.0, 8.0], [8.488565368442611, 180.61709814039855, -28.0, 8.0]],