{"name": "Road245", "members_distance": null, "m1": {"control_nodes": [[125.0, 0.0, -28.0, 8.0], [125.0, 25.0, -28.0, 8.0], [125.0, 50.0, -28.0, 8.0], [121.69070738193159, 74.90761889907589, -28.0, 8.0], [105.0747315065559, 90.87438309771149, -28.0, 8.0], [86.79088896607664, 111.92434209927396, -28.0, 8.0], [65.45137830364659, 117.88354083790647, -28.0, 8.0], [41.25017589973594, 134.1315224437366, -28.0, 8.0], [24.848700174973263, 152.9992619493059, -28.0, 8.0], [23.97621275741074, 177.98403262478328, -28.0, 8.0], [23.103725339848214, 202.96880330026067, -28.0, 8.0]], "sample_nodes": [[125.0, 25.0, -28.0, 8.0], [125.0180893650578, 27.778628051688106, -28.0, 8.0], [125.06331277770232, 30.558531514241686, -28.0, 8.0], [125.1221032141402, 33.33907268222802, -28.0, 8.0], [125.18089365057804, 36.119613850214364, -28.0, 8.0], [125.22611706322257, 38.899517312767955, -28.0, 8.0], [125.24420642828034, 41.67814536445604, -28.0, 8.0], [125.22159472195811, 44.45486029984593, -28.0, 8.0], [125.14471492046243, 47.22902441350483, -28.0, 8.0], [125.0, 50.0, -28.0, 8.0], [124.85645785264948, 52.820512228272555, -28.0, 8.0], [124.76280214624417, 55.70706340689789, -28.0, 8.0], [124.6736361526181, 58.62567266244646, -28.0, 8.0], [124.54356314360533, 61.542359121488886, -28.0, 8.0], [124.32718639103985, 64.42314191059558, -28.0, 8.0], [123.9791091667557, 67.2340401563371, -28.0, 8.0], [123.45393474258695, 69.94107298528401, -28.0, 8.0], [122.70626639036755, 72.51025952400676, -28.0, 8.0], [121.69070738193159, 74.90761889907589, -28.0, 8.0], [120.42201185834897, 77.00383018847786, -28.0, 8.0], [118.8826649151317, 78.91643065648782, -28.0, 8.0], [117.1267824444669, 80.68959711458353, -28.0, 8.0], [115.20848033854166, 82.36750637424271, -28.0, 8.0], [113.18187448954299, 83.99433524694311, -28.0, 8.0], [111.10108078965803, 85.61426054416245, -28.0, 8.0], [109.02021513107377, 87.27145907737844, -28.0, 8.0], [106.99339340597737, 89.01010765806889, -28.0, 8.0], [105.0747315065559, 90.87438309771149, -28.0, 8.0], [103.07631207321704, 93.1362623098646, -28.0, 8.0], [101.12696112062935, 95.59832216282872, -28.0, 8.0], [99.20210087560869, 98.18302150211566, -28.0, 8.0], [97.27715356497086, 100.81281917323713, -28.0, 8.0], [95.32754141553158, 103.41017402170488, -28.0, 8.0], [93.32868665410676, 105.89754489303068, -28.0, 8.0], [91.25601150751211, 108.19739063272627, -28.0, 8.0], [89.08493820256349, 110.23217008630348, -28.0, 8.0], [86.79088896607664, 111.92434209927396, -28.0, 8.0], [84.62717426659333, 113.07436001271662, -28.0, 8.0], [82.36385004408788, 113.91310486590947, -28.0, 8.0], [80.02139087548554, 114.52170603607448, -28.0, 8.0], [77.62027133771144, 114.98129290043354, -28.0, 8.0], [75.18096600769078, 115.37299483620855, -28.0, 8.0], [72.72394946234877, 115.77794122062139, -28.0, 8.0], [70.26969627861062, 116.27726143089407, -28.0, 8.0], [67.8386810334015, 116.95208484424846, -28.0, 8.0], [65.45137830364658, 117.88354083790645, -28.0, 8.0], [62.712447801856506, 119.22389821946203, -28.0, 8.0], [59.924104629069795, 120.73593626039674, -28.0, 8.0], [57.11287293133498, 122.39589616826036, -28.0, 8.0], [54.30527685470065, 124.18001915060269, -28.0, 8.0], [51.52784054521537, 126.06454641497349, -28.0, 8.0], [48.807088148927704, 128.0257191689225, -28.0, 8.0], [46.1695438118862, 130.0397786199995, -28.0, 8.0], [43.64173168013942, 132.08296597575432, -28.0, 8.0], [41.250175899735936, 134.13152244373657, -28.0, 8.0], [39.088847093134824, 136.03310072729278, -28.0, 8.0], [36.918646220397825, 137.9599299159314, -28.0, 8.0], [34.77969087575755, 139.9220636093024, -28.0, 8.0], [32.71209865344661, 141.92955540705574, -28.0, 8.0], [30.755987147697613, 143.99245890884137, -28.0, 8.0], [28.95147395274317, 146.12082771430923, -28.0, 8.0], [27.338676662815896, 148.32471542310932, -28.0, 8.0], [25.95771287214839, 150.61417563489158, -28.0, 8.0], [24.848700174973263, 152.9992619493059, -28.0, 8.0], [24.070100577369743, 155.50683592362225, -28.0, 8.0], [23.611027488144813, 158.14027473682555, -28.0, 8.0], [23.407575605622775, 160.87440542113848, -28.0, 8.0], [23.395839628127902, 163.68405500878362, -28.0, 8.0], [23.511914253984468, 166.54405053198354, -28.0, 8.0], [23.691894181516762, 169.42921902296092, -28.0, 8.0], [23.871874109049052, 172.31438751393824, -28.0, 8.0], [23.98794873490562, 175.17438303713817, -28.0, 8.0], [23.976212757410742, 177.9840326247833, -28.0, 8.0]], "num_spline_nodes": 10, "road_bbox_size": [0.0, 0.0, 250.0, 250.0], "distance_to_boundary": -0.13058831605079924}, "seed": {"control_nodes": [[125.0, 0.0, -28.0, 8.0], [125.0, 25.0, -28.0, 8.0], [125.0, 50.0, -28.0, 8.0], [117.69070738193159, 73.90761889907589, -28.0, 8.0], [104.0747315065559, 94.87438309771149, -28.0, 8.0], [85.79088896607664, 111.92434209927396, -28.0, 8.0], [62.45137830364659, 120.88354083790647, -28.0, 8.0], [41.25017589973594, 134.1315224437366, -28.0, 8.0], [24.848700174973263, 152.9992619493059, -28.0, 8.0], [23.97621275741074, 177.98403262478328, -28.0, 8.0], [23.103725339848214, 202.96880330026067, -28.0, 8.0]],