{"name": "Road140", "members_distance": null, "m1": {"control_nodes": [[125.0, 0.0, -28.0, 8.0], [125.0, 25.0, -28.0, 8.0], [125.0, 50.0, -28.0, 8.0], [127.61321158169133, 74.86304738420684, -28.0, 8.0], [134.92250419975974, 98.77066628328272, -28.0, 8.0], [125.55733936436194, 121.9502626474524, -28.0, 8.0], [101.57384435589566, 139.31672190892732, -28.0, 8.0], [86.372641951985, 152.56470351475744, -28.0, 8.0], [75.80718540846752, 175.2223981906737, -28.0, 8.0], [59.078920249496065, 193.80101882760854, -28.0, 8.0], [42.35065509052461, 212.3796394645434, -28.0, 8.0]], "sample_nodes": [[125.0, 25.0, -28.0, 8.0], [124.98566139049827, 27.77852923245977, -28.0, 8.0], [124.94981486674394, 30.558185646942526, -28.0, 8.0], [124.9032143858633, 33.33840565243678, -28.0, 8.0], [124.85661390498265, 36.11862565793104, -28.0, 8.0], [124.82076738122831, 38.89828207241381, -28.0, 8.0], [124.80642877172656, 41.67681130487357, -28.0, 8.0], [124.82435203360374, 44.45364976429885, -28.0, 8.0], [124.88529112398611, 47.22823385967817, -28.0, 8.0], [125.0, 50.0, -28.0, 8.0], [125.14988071791134, 52.77381486387745, -28.0, 8.0], [125.31488034872682, 55.552675381628546, -28.0, 8.0], [125.5035703716838, 58.333213339799215, -28.0, 8.0], [125.72452226601968, 61.11206052493541, -28.0, 8.0], [125.98630751097187, 63.88584872358306, -28.0, 8.0], [126.2974975857777, 66.65120972228807, -28.0, 8.0], [126.66666396967469, 69.40477530759644, -28.0, 8.0], [127.10237814190008, 72.14317726605404, -28.0, 8.0], [127.61321158169133, 74.86304738420684, -28.0, 8.0], [128.31070944000868, 77.56538336841666, -28.0, 8.0], [129.2420728130948, 80.2540522853185, -28.0, 8.0], [130.31935709811088, 82.92998996186799, -28.0, 8.0], [131.45461769221802, 85.59413222502081, -28.0, 8.0], [132.5599099925774, 88.24741490173261, -28.0, 8.0], [133.5472893963501, 90.89077381895902, -28.0, 8.0], [134.32881130069734, 93.52514480365576, -28.0, 8.0], [134.81653110278015, 96.15146368277846, -28.0, 8.0], [134.92250419975974, 98.77066628328272, -28.0, 8.0], [134.68045881107193, 101.41608734453769, -28.0, 8.0], [134.19520364927337, 104.10345840927222, -28.0, 8.0], [133.48541485120674, 106.80731050948167, -28.0, 8.0], [132.56976855371462, 109.50217467716143, -28.0, 8.0], [131.46694089363956, 112.16258194430682, -28.0, 8.0], [130.19560800782415, 114.76306334291323, -28.0, 8.0], [128.77444603311108, 117.27814990497609, -28.0, 8.0], [127.22213110634276, 119.68237266249068, -28.0, 8.0], [125.55733936436194, 121.9502626474524, -28.0, 8.0], [123.49004117512101, 124.24738441213712, -28.0, 8.0], [121.07680655305029, 126.38776731306234, -28.0, 8.0], [118.40187240620429, 128.3992085225454, -28.0, 8.0], [115.54947564263742, 130.30950521290356, -28.0, 8.0], [112.60385317040411, 132.14645455645422, -28.0, 8.0], [109.64924189755882, 133.93785372551457, -28.0, 8.0], [106.76987873215603, 135.71149989240206, -28.0, 8.0], [104.05000058225016, 137.49519022943383, -28.0, 8.0], [101.57384435589566, 139.31672190892732, -28.0, 8.0], [99.67296889238084, 140.79483489237498, -28.0, 8.0], [97.81300362285681, 142.19749611920196, -28.0, 8.0], [95.99911413999092, 143.55638687504091, -28.0, 8.0], [94.23646603645044, 144.90318844552453, -28.0, 8.0], [92.5302249049027, 146.26958211628556, -28.0, 8.0], [90.88555633801498, 147.68724917295668, -28.0, 8.0], [89.30762592845457, 149.18787090117053, -28.0, 8.0], [87.8015992688888, 150.8031285865599, -28.0, 8.0], [86.372641951985, 152.5647035147574, -28.0, 8.0], [84.93831541353836, 154.73891751910497, -28.0, 8.0], [83.692618794872, 157.11812104469394, -28.0, 8.0], [82.5826093006337, 159.65124439952555, -28.0, 8.0], [81.55534413547122, 162.28721789160096, -28.0, 8.0], [80.55788050403231, 164.9749718289212, -28.0, 8.0], [79.53727561096471, 167.66343651948745, -28.0, 8.0], [78.44058666091622, 170.3015422713009, -28.0, 8.0], [77.21487085853458, 172.8382193923626, -28.0, 8.0], [75.80718540846752, 175.2223981906737, -28.0, 8.0], [74.2190103711806, 177.46574337700994, -28.0, 8.0], [72.50402857225885, 179.6251569987581, -28.0, 8.0], [70.68760136402918, 181.7174253688358, -28.0, 8.0], [68.79509009881862, 183.75933480016062, -28.0, 8.0], [66.85185612895411, 185.7676716056502, -28.0, 8.0], [64.88326080676262, 187.75922209822218, -28.0, 8.0], [62.91466548457114, 189.75077259079416, -28.0, 8.0], [60.97143151470664, 191.75910939628378, -28.0, 8.0], [59.078920249496065, 193.80101882760854, -28.0, 8.0]], "num_spline_nodes": 10, "road_bbox_size": [0.0, 0.0, 250.0, 250.0], "distance_to_boundary": -0.0005491188421764548}, "seed": {"control_nodes": [[125.0, 0.0, -28.0, 8.0], [125.0, 25.0, -28.0, 8.0], [125.0, 50.0, -28.0, 8.0], [127.61321158169133, 74.86304738420684, -28.0, 8.0], [134.92250419975974, 98.77066628328272, -28.0, 8.0], [125.55733936436194, 121.9502626474524, -28.0, 8.0], [107.57384435589566, 139.31672190892732, -28.0, 8.0], [86.372641951985, 152.56470351475744, -28.0, 8.0], [75.80718540846752, 175.2223981906737, -28.0, 8.0], [59.078920249496065, 193.80101882760854, -28.0, 8.0], [42.35065509052461, 212.3796394645434, -28.0, 8.0]],