{"name": "Road947", "members_distance": null, "m1": {"control_nodes": [[125.0, 0.0, -28.0, 8.0], [125.0, 25.0, -28.0, 8.0], [125.0, 50.0, -28.0, 8.0], [116.69070738193159, 81.90761889907589, -28.0, 8.0], [115.51181381324014, 97.81248635136953, -28.0, 8.0], [115.46508022811146, 116.62614014240258, -28.0, 8.0], [91.77044892079964, 143.85156500177627, -28.0, 8.0], [74.4309382583696, 152.81076374040876, -28.0, 8.0], [49.4461675828922, 151.93827632284624, -28.0, 8.0], [28.967366475667408, 166.2776872316224, -28.0, 8.0], [8.488565368442611, 180.61709814039855, -28.0, 8.0]], "sample_nodes": [[125.0, 25.0, -28.0, 8.0], [125.03695775278433, 27.763557950868893, -28.0, 8.0], [125.12935213474518, 30.505786161374452, -28.0, 8.0], [125.24946483129426, 33.237349501698354, -28.0, 8.0], [125.36957752784332, 35.968912842022256, -28.0, 8.0], [125.46197190980416, 38.71114105252782, -28.0, 8.0], [125.49892966258847, 41.47469900339671, -28.0, 8.0], [125.45273247160809, 44.27025156481059, -28.0, 8.0], [125.29566202227468, 47.10846360695114, -28.0, 8.0], [124.99999999999999, 50.0, -28.0, 8.0], [124.42387557205697, 53.453761726712706, -28.0, 8.0], [123.60075120117824, 57.06560725353671, -28.0, 8.0], [122.59929147282936, 60.77759308707505, -28.0, 8.0], [121.48816097247585, 64.53177573393077, -28.0, 8.0], [120.3360242855832, 68.27021170070688, -28.0, 8.0], [119.21154599761698, 71.9349574940064, -28.0, 8.0], [118.1833906940426, 75.4680696204324, -28.0, 8.0], [117.32022296032562, 78.81160458658789, -28.0, 8.0], [116.69070738193159, 81.90761889907589, -28.0, 8.0], [116.38808529413214, 83.89375905960598, -28.0, 8.0], [116.15415298569779, 85.76259888869171, -28.0, 8.0], [115.9778613276328, 87.54095288561305, -28.0, 8.0], [115.8481611909415, 89.25563554965002, -28.0, 8.0], [115.75400344662812, 90.93346138008262, -28.0, 8.0], [115.68433896569701, 92.60124487619086, -28.0, 8.0], [115.62811861915246, 94.28580053725476, -28.0, 8.0], [115.57429327799872, 96.0139428625543, -28.0, 8.0], [115.51181381324014, 97.81248635136953, -28.0, 8.0], [115.5287291953783, 99.82866679625882, -28.0, 8.0], [115.68982258169177, 101.87200641834842, -28.0, 8.0], [115.93093468438661, 103.93881830582663, -28.0, 8.0], [116.18790621566913, 106.02541554688182, -28.0, 8.0], [116.39657788774537, 108.12811122970226, -28.0, 8.0], [116.49279041282158, 110.24321844247623, -28.0, 8.0], [116.4123845031039, 112.3670502733921, -28.0, 8.0], [116.09120087079846, 114.4959198106381, -28.0, 8.0], [115.46508022811147, 116.62614014240259, -28.0, 8.0], [114.0363306347888, 119.68679837207439, -28.0, 8.0], [112.0417785625626, 122.91803476612395, -28.0, 8.0], [109.59491215754144, 126.24292893020284, -28.0, 8.0], [106.80921956583389, 129.58456046996255, -28.0, 8.0], [103.79818893354849, 132.86600899105457, -28.0, 8.0], [100.67530840679379, 136.01035409913044, -28.0, 8.0], [97.5540661316784, 138.94067539984167, -28.0, 8.0], [94.54795025431082, 141.58005249883976, -28.0, 8.0], [91.77044892079964, 143.85156500177627, -28.0, 8.0], [89.86506794368088, 145.30862437738588, -28.0, 8.0], [87.9977352549122, 146.64792395852774, -28.0, 8.0], [86.14986966105357, 147.87047585185638, -28.0, 8.0], [84.30288996866493, 148.9772921640264, -28.0, 8.0], [82.4382149843062, 149.96938500169247, -28.0, 8.0], [80.53726351453736, 150.84776647150912, -28.0, 8.0], [78.58145436591835, 151.613448680131, -28.0, 8.0], [76.5522063450091, 152.26744373421263, -28.0, 8.0], [74.4309382583696, 152.81076374040876, -28.0, 8.0], [71.87997006746981, 153.14362636011134, -28.0, 8.0], [69.17480247951859, 153.11069151166308, -28.0, 8.0], [66.35740122471205, 152.82267893147514, -28.0, 8.0], [63.46973203324629, 152.3903083559589, -28.0, 8.0], [60.55376063531739, 151.92429952152554, -28.0, 8.0], [57.65145276112143, 151.5353721645863, -28.0, 8.0], [54.80477414085451, 151.33424602155256, -28.0, 8.0], [52.05569050471275, 151.43164082883544, -28.0, 8.0], [49.4461675828922, 151.93827632284624, -28.0, 8.0], [46.972952334786186, 152.86380655215768, -28.0, 8.0], [44.59245250989524, 154.1023388046448, -28.0, 8.0], [42.286125023576346, 155.59127267567246, -28.0, 8.0], [40.035426791186495, 157.2680077606056, -28.0, 8.0], [37.82181472808268, 159.06994365480892, -28.0, 8.0], [35.62674574962186, 160.93447995364744, -28.0, 8.0], [33.43167677116107, 162.79901625248596, -28.0, 8.0], [31.218064708057256, 164.60095214668934, -28.0, 8.0], [28.967366475667408, 166.2776872316224, -28.0, 8.0]], "num_spline_nodes": 10, "road_bbox_size": [0.0, 0.0, 250.0, 250.0], "distance_to_boundary": -0.29622232095790535}, "seed": {"control_nodes": [[125.0, 0.0, -28.0, 8.0], [125.0, 25.0, -28.0, 8.0], [125.0, 50.0, -28.0, 8.0], [117.69070738193159, 73.90761889907589, -28.0, 8.0], [115.51181381324014, 98.81248635136953, -28.0, 8.0], [112.46508022811146, 123.62614014240258, -28.0, 8.0], [97.77044892079964, 143.85156500177627, -28.0, 8.0], [74.4309382583696, 152.81076374040876, -28.0, 8.0], [49.4461675828922, 151.93827632284624, -28.0, 8.0], [28.967366475667408, 166.2776872316224, -28.0, 8.0], [8.488565368442611, 180.61709814039855, -28.0, 8.0]],