{"name": "Road641", "members_distance": null, "m1": {"control_nodes": [[125.0, 0.0, -28.0, 8.0], [125.0, 25.0, -28.0, 8.0], [125.0, 50.0, -28.0, 8.0], [114.69070738193159, 73.90761889907589, -28.0, 8.0], [113.51181381324014, 94.81248635136953, -28.0, 8.0], [112.46508022811146, 118.62614014240258, -28.0, 8.0], [94.77044892079964, 143.85156500177627, -28.0, 8.0], [74.4309382583696, 152.81076374040876, -28.0, 8.0], [49.4461675828922, 151.93827632284624, -28.0, 8.0], [28.967366475667408, 166.2776872316224, -28.0, 8.0], [8.488565368442611, 180.61709814039855, -28.0, 8.0]], "sample_nodes": [[125.0, 25.0, -28.0, 8.0], [125.05486779306979, 27.786319634657705, -28.0, 8.0], [125.1920372757443, 30.58545205463529, -28.0, 8.0], [125.37035760322112, 33.390990867272826, -28.0, 8.0], [125.54867793069795, 36.19652967991037, -28.0, 8.0], [125.68584741337244, 38.995662099887966, -28.0, 8.0], [125.74071520644222, 41.78198173454567, -28.0, 8.0], [125.672130465105, 44.54908219122353, -28.0, 8.0], [125.43894234455834, 47.29055707726163, -28.0, 8.0], [125.0, 50.0, -28.0, 8.0], [124.25960974164491, 52.731018870656484, -28.0, 8.0], [123.22688232383607, 55.433855365153946, -28.0, 8.0], [121.98370295428134, 58.11259299069344, -28.0, 8.0], [120.61195684068863, 60.77131525447615, -28.0, 8.0], [119.19352919076583, 63.41410566370313, -28.0, 8.0], [117.81030521222085, 66.0450477255755, -28.0, 8.0], [116.54417011276156, 68.66822494729433, -28.0, 8.0], [115.47700910009583, 71.28772083606076, -28.0, 8.0], [114.69070738193159, 73.90761889907589, -28.0, 8.0], [114.22386414924262, 76.2450776667062, -28.0, 8.0], [113.91238481091862, 78.56086819839788, -28.0, 8.0], [113.72566931134497, 80.86270233983443, -28.0, 8.0], [113.63311759490708, 83.1582919366993, -28.0, 8.0], [113.60412960599021, 85.45534883467593, -28.0, 8.0], [113.60810528897971, 87.7615848794478, -28.0, 8.0], [113.61444458826098, 90.0847119166984, -28.0, 8.0], [113.59254744821935, 92.43244179211115, -28.0, 8.0], [113.51181381324014, 94.81248635136953, -28.0, 8.0], [113.46048949896907, 97.39843104638103, -28.0, 8.0], [113.52547007707828, 100.028955576523, -28.0, 8.0], [113.64994851325372, 102.69138467359588, -28.0, 8.0], [113.77711777318137, 105.37304306939996, -28.0, 8.0], [113.85017082254718, 108.06125549573571, -28.0, 8.0], [113.81230062703716, 110.74334668440348, -28.0, 8.0], [113.6067001523372, 113.40664136720362, -28.0, 8.0], [113.17656236413333, 116.03846427593652, -28.0, 8.0], [112.46508022811145, 118.62614014240256, -28.0, 8.0], [111.30703193729175, 121.6024480046162, -28.0, 8.0], [109.84328826902083, 124.66889767740084, -28.0, 8.0], [108.11828775780239, 127.76826950502898, -28.0, 8.0], [106.17646893814009, 130.84334383177327, -28.0, 8.0], [104.06227034453761, 133.83690100190626, -28.0, 8.0], [101.82013051149863, 136.6917213597004, -28.0, 8.0], [99.49448797352689, 139.3505852494285, -28.0, 8.0], [97.12978126512598, 141.7562730153629, -28.0, 8.0], [94.77044892079964, 143.85156500177627, -28.0, 8.0], [92.74179473864999, 145.40168222526142, -28.0, 8.0], [90.6384626704697, 146.79436805607844, -28.0, 8.0], [88.46767629809239, 148.03766623069538, -28.0, 8.0], [86.23665920335154, 149.13962048558037, -28.0, 8.0], [83.95263496808079, 150.10827455720144, -28.0, 8.0], [81.62282717411364, 150.95167218202675, -28.0, 8.0], [79.2544594032837, 151.67785709652435, -28.0, 8.0], [76.8547552374245, 152.29487303716235, -28.0, 8.0], [74.43093825836958, 152.81076374040873, -28.0, 8.0], [71.78434722294583, 153.09913988822845, -28.0, 8.0], [69.02837999884125, 153.0425716015924, -28.0, 8.0], [66.19603767457784, 152.74760801017277, -28.0, 8.0], [63.32032133867757, 152.32079824364192, -28.0, 8.0], [60.43423207966242, 151.86869143167195, -28.0, 8.0], [57.57077098605433, 151.49783670393515, -28.0, 8.0], [54.762939146375274, 151.3147831901038, -28.0, 8.0], [52.04373764914725, 151.42608001985008, -28.0, 8.0], [49.4461675828922, 151.93827632284624, -28.0, 8.0], [46.972952334786186, 152.86380655215768, -28.0, 8.0], [44.59245250989524, 154.1023388046448, -28.0, 8.0], [42.286125023576346, 155.59127267567246, -28.0, 8.0], [40.035426791186495, 157.2680077606056, -28.0, 8.0], [37.82181472808268, 159.06994365480892, -28.0, 8.0], [35.62674574962186, 160.93447995364744, -28.0, 8.0], [33.43167677116107, 162.79901625248596, -28.0, 8.0], [31.218064708057256, 164.60095214668934, -28.0, 8.0], [28.967366475667408, 166.2776872316224, -28.0, 8.0]], "num_spline_nodes": 10, "road_bbox_size": [0.0, 0.0, 250.0, 250.0], "distance_to_boundary": -0.31674348985862144}, "seed": {"control_nodes": [[125.0, 0.0, -28.0, 8.0], [125.0, 25.0, -28.0, 8.0], [125.0, 50.0, -28.0, 8.0], [117.69070738193159, 73.90761889907589, -28.0, 8.0], [115.51181381324014, 98.81248635136953, -28.0, 8.0], [112.46508022811146, 123.62614014240258, -28.0, 8.0], [97.77044892079964, 143.85156500177627, -28.0, 8.0], [74.4309382583696, 152.81076374040876, -28.0, 8.0], [49.4461675828922, 151.93827632284624, -28.0, 8.0], [28.967366475667408, 166.2776872316224, -28.0, 8.0], [8.488565368442611, 180.61709814039855, -28.0, 8.0]],