{"name": "Road685", "members_distance": null, "m1": {"control_nodes": [[125.0, 0.0, -28.0, 8.0], [125.0, 25.0, -28.0, 8.0], [125.0, 50.0, -28.0, 8.0], [113.69070738193159, 73.90761889907589, -28.0, 8.0], [116.51181381324014, 98.81248635136953, -28.0, 8.0], [112.46508022811146, 130.62614014240256, -28.0, 8.0], [96.77044892079964, 143.85156500177627, -28.0, 8.0], [74.4309382583696, 152.81076374040876, -28.0, 8.0], [49.4461675828922, 151.93827632284624, -28.0, 8.0], [28.967366475667408, 166.2776872316224, -28.0, 8.0], [8.488565368442611, 180.61709814039855, -28.0, 8.0]], "sample_nodes": [[125.0, 25.0, -28.0, 8.0], [125.05948267498391, 27.78727658802979, -28.0, 8.0], [125.20818936244369, 30.588801391437592, -28.0, 8.0], [125.4015080561414, 33.39745030253441, -28.0, 8.0], [125.59482674983909, 36.206099213631234, -28.0, 8.0], [125.74353343729888, 39.00762401703904, -28.0, 8.0], [125.80301611228276, 41.79490060506882, -28.0, 8.0], [125.7286627685529, 44.56080487003159, -28.0, 8.0], [125.47586139987128, 47.298212704238324, -28.0, 8.0], [125.0, 50.0, -28.0, 8.0], [124.16782567029475, 52.7274766602948, -28.0, 8.0], [122.98117318581608, 55.40329623505827, -28.0, 8.0], [121.54648885514877, 58.041982343761276, -28.0, 8.0], [119.97021898687763, 60.658058605874615, -28.0, 8.0], [118.35880988958739, 63.26604864086916, -28.0, 8.0], [116.81870787186287, 65.88047606821571, -28.0, 8.0], [115.4563592422889, 68.51586450738513, -28.0, 8.0], [114.37821030945021, 71.18673757784823, -28.0, 8.0], [113.69070738193159, 73.90761889907589, -28.0, 8.0], [113.43815965883368, 76.5876161150444, -28.0, 8.0], [113.51579333034324, 79.27584989366636, -28.0, 8.0], [113.84274536947603, 81.97813423795434, -28.0, 8.0], [114.33815274924774, 84.70028315092085, -28.0, 8.0], [114.92115244267407, 87.44811063557839, -28.0, 8.0], [115.51088142277078, 90.22743069493953, -28.0, 8.0], [116.0264766625535, 93.04405733201673, -28.0, 8.0], [116.38707513503807, 95.90380454982257, -28.0, 8.0], [116.51181381324012, 98.81248635136953, -28.0, 8.0], [116.49437766513684, 102.27078119112751, -28.0, 8.0], [116.46125514907409, 105.9483834998718, -28.0, 8.0], [116.37286175307975, 109.75950674605122, -28.0, 8.0], [116.18961296518172, 113.61836439811466, -28.0, 8.0], [115.87192427340787, 117.43916992451102, -28.0, 8.0], [115.38021116578604, 121.13613679368908, -28.0, 8.0], [114.67488913034413, 124.62347847409782, -28.0, 8.0], [113.71637365510998, 127.81540843418605, -28.0, 8.0], [112.46508022811147, 130.62614014240256, -28.0, 8.0], [111.2332875730321, 132.59871754817607, -28.0, 8.0], [109.81264842587369, 134.38684062305603, -28.0, 8.0], [108.22923393310349, 136.01565917798985, -28.0, 8.0], [106.50911524118875, 137.51032302392494, -28.0, 8.0], [104.67836349659666, 138.89598197180857, -28.0, 8.0], [102.7630498457945, 140.1977858325882, -28.0, 8.0], [100.78924543524941, 141.4408844172111, -28.0, 8.0], [98.78302141142875, 142.65042753662468, -28.0, 8.0], [96.77044892079962, 143.85156500177624, -28.0, 8.0], [94.54399512099252, 145.14516070689308, -28.0, 8.0], [92.22095505581129, 146.404031847379, -28.0, 8.0], [89.8153249048905, 147.6111179675113, -28.0, 8.0], [87.34110084786465, 148.74935861156737, -28.0, 8.0], [84.81227906436834, 149.80169332382442, -28.0, 8.0], [82.24285573403614, 150.75106164855976, -28.0, 8.0], [79.64682703650257, 151.58040313005077, -28.0, 8.0], [77.0381891514022, 152.27265731257464, -28.0, 8.0], [74.4309382583696, 152.8107637404088, -28.0, 8.0], [71.72838406853005, 153.07362133840402, -28.0, 8.0], [68.94268641864207, 153.00349632217376, -28.0, 8.0], [66.10159985150119, 152.70454545734404, -28.0, 8.0], [63.23287890990291, 152.28092550954125, -28.0, 8.0], [60.36427813664268, 151.8367932443914, -28.0, 8.0], [57.523552074516004, 151.47630542752077, -28.0, 8.0], [54.73845526631837, 151.3036188245556, -28.0, 8.0], [52.03674225484528, 151.42289020112202, -28.0, 8.0], [49.4461675828922, 151.93827632284624, -28.0, 8.0], [46.972952334786186, 152.86380655215768, -28.0, 8.0], [44.59245250989524, 154.1023388046448, -28.0, 8.0], [42.286125023576346, 155.59127267567246, -28.0, 8.0], [40.035426791186495, 157.2680077606056, -28.0, 8.0], [37.82181472808268, 159.06994365480892, -28.0, 8.0], [35.62674574962186, 160.93447995364744, -28.0, 8.0], [33.43167677116107, 162.79901625248596, -28.0, 8.0], [31.218064708057256, 164.60095214668934, -28.0, 8.0], [28.967366475667408, 166.2776872316224, -28.0, 8.0]], "num_spline_nodes": 10, "road_bbox_size": [0.0, 0.0, 250.0, 250.0], "distance_to_boundary": -0.46921982593775846}, "seed": {"control_nodes": [[125.0, 0.0, -28.0, 8.0], [125.0, 25.0, -28.0, 8.0], [125.0, 50.0, -28.0, 8.0], [117.69070738193159, 73.90761889907589, -28.0, 8.0], [115.51181381324014, 98.81248635136953, -28.0, 8.0], [112.46508022811146, 123.62614014240258, -28.0, 8.0], [97.77044892079964, 143.85156500177627, -28.0, 8.0], [74.4309382583696, 152.81076374040876, -28.0, 8.0], [49.4461675828922, 151.93827632284624, -28.0, 8.0], [28.967366475667408, 166.2776872316224, -28.0, 8.0], [8.488565368442611, 180.61709814039855, -28.0, 8.0]],