{"name": "Road848", "members_distance": null, "m1": {"control_nodes": [[125.0, 0.0, -28.0, 8.0], [125.0, 25.0, -28.0, 8.0], [125.0, 50.0, -28.0, 8.0], [113.69070738193159, 68.90761889907589, -28.0, 8.0], [108.51181381324014, 98.81248635136953, -28.0, 8.0], [108.46508022811146, 119.62614014240258, -28.0, 8.0], [93.77044892079964, 143.85156500177627, -28.0, 8.0], [74.4309382583696, 152.81076374040876, -28.0, 8.0], [49.4461675828922, 151.93827632284624, -28.0, 8.0], [28.967366475667408, 166.2776872316224, -28.0, 8.0], [8.488565368442611, 180.61709814039855, -28.0, 8.0]], "sample_nodes": [[125.0, 25.0, -28.0, 8.0], [125.06818978927983, 27.805280773647617, -28.0, 8.0], [125.2386642624794, 30.651816041099977, -28.0, 8.0], [125.46028107763883, 33.51897855545472, -28.0, 8.0], [125.68189789279825, 36.386141069809476, -28.0, 8.0], [125.85237236599781, 39.23267633726185, -28.0, 8.0], [125.92056215527762, 42.037957110909446, -28.0, 8.0], [125.83532491867786, 44.78135614384994, -28.0, 8.0], [125.5455183142386, 47.442246189180906, -28.0, 8.0], [125.0, 50.0, -28.0, 8.0], [124.18934220096729, 52.26156993893389, -28.0, 8.0], [123.10110522043222, 54.38248326174348, -28.0, 8.0], [121.806473321577, 56.405801011632875, -28.0, 8.0], [120.37663076758398, 58.37458423180619, -28.0, 8.0], [118.88276182163543, 60.33189396546755, -28.0, 8.0], [117.39605074691363, 62.32079125582109, -28.0, 8.0], [115.98768180660085, 64.3843371460709, -28.0, 8.0], [114.7288392638794, 66.56559267942113, -28.0, 8.0], [113.69070738193159, 68.90761889907589, -28.0, 8.0], [112.70080725394985, 71.89339638827204, -28.0, 8.0], [111.84465106259002, 75.09352436029934, -28.0, 8.0], [111.10932721100396, 78.45224391834361, -28.0, 8.0], [110.48192410234353, 81.91379616559063, -28.0, 8.0], [109.94953013976055, 85.42242220522618, -28.0, 8.0], [109.49923372640691, 88.92236314043606, -28.0, 8.0], [109.11812326543439, 92.35786007440603, -28.0, 8.0], [108.79328715999489, 95.67315411032197, -28.0, 8.0], [108.51181381324014, 98.81248635136953, -28.0, 8.0], [108.40147145262218, 101.28250804677708, -28.0, 8.0], [108.46553348256143, 103.67925484846805, -28.0, 8.0], [108.64052120782415, 106.01726669342057, -28.0, 8.0], [108.86295593317683, 108.31108351861275, -28.0, 8.0], [109.06935896338575, 110.57524526102273, -28.0, 8.0], [109.19625160321729, 112.82429185762858, -28.0, 8.0], [109.18015515743787, 115.07276324540844, -28.0, 8.0], [108.95759093081378, 117.33519936134039, -28.0, 8.0], [108.46508022811147, 119.62614014240259, -28.0, 8.0], [107.56912190520104, 122.40230077506585, -28.0, 8.0], [106.41576982964062, 125.29965030754738, -28.0, 8.0], [105.03639505731458, 128.25720277284654, -28.0, 8.0], [103.46236864410716, 131.21397220396267, -28.0, 8.0], [101.72506164590267, 134.10897263389518, -28.0, 8.0], [99.85584511858539, 136.88121809564342, -28.0, 8.0], [97.88609011803959, 139.4697226222068, -28.0, 8.0], [95.84716770014957, 141.8135002465846, -28.0, 8.0], [93.77044892079964, 143.85156500177627, -28.0, 8.0], [91.91016969760467, 145.3899173800041, -28.0, 8.0], [89.95331675201177, 146.77507165243833, -28.0, 8.0], [87.91036218345732, 148.0145178088783, -28.0, 8.0], [85.79177809137758, 149.11574583912358, -28.0, 8.0], [83.60803657520883, 150.0862457329735, -28.0, 8.0], [81.36960973438735, 150.93350748022752, -28.0, 8.0], [79.08696966834947, 151.66502107068513, -28.0, 8.0], [76.77058847653146, 152.28827649414572, -28.0, 8.0], [74.4309382583696, 152.8107637404088, -28.0, 8.0], [71.81451793321018, 153.11307636537174, -28.0, 8.0], [69.07457889893357, 153.06391183221805, -28.0, 8.0], [66.24695074814895, 152.77112581535204, -28.0, 8.0], [63.36746307346564, 152.34257398917828, -28.0, 8.0], [60.47194546749287, 151.88611202810102, -28.0, 8.0], [57.59622752283988, 151.50959560652478, -28.0, 8.0], [54.77613883211593, 151.32088039885397, -28.0, 8.0], [52.0475089879303, 151.42782207949298, -28.0, 8.0], [49.4461675828922, 151.93827632284624, -28.0, 8.0], [46.972952334786186, 152.86380655215768, -28.0, 8.0], [44.59245250989524, 154.1023388046448, -28.0, 8.0], [42.286125023576346, 155.59127267567246, -28.0, 8.0], [40.035426791186495, 157.2680077606056, -28.0, 8.0], [37.82181472808268, 159.06994365480892, -28.0, 8.0], [35.62674574962186, 160.93447995364744, -28.0, 8.0], [33.43167677116107, 162.79901625248596, -28.0, 8.0], [31.218064708057256, 164.60095214668934, -28.0, 8.0], [28.967366475667408, 166.2776872316224, -28.0, 8.0]], "num_spline_nodes": 10, "road_bbox_size": [0.0, 0.0, 250.0, 250.0], "distance_to_boundary": -0.2815740619294549}, "seed": {"control_nodes": [[125.0, 0.0, -28.0, 8.0], [125.0, 25.0, -28.0, 8.0], [125.0, 50.0, -28.0, 8.0], [117.69070738193159, 73.90761889907589, -28.0, 8.0], [115.51181381324014, 98.81248635136953, -28.0, 8.0], [112.46508022811146, 123.62614014240258, -28.0, 8.0], [97.77044892079964, 143.85156500177627, -28.0, 8.0], [74.4309382583696, 152.81076374040876, -28.0, 8.0], [49.4461675828922, 151.93827632284624, -28.0, 8.0], [28.967366475667408, 166.2776872316224, -28.0, 8.0], [8.488565368442611, 180.61709814039855, -28.0, 8.0]],