{"name": "Road572", "members_distance": null, "m1": {"control_nodes": [[125.0, 0.0, -28.0, 8.0], [125.0, 25.0, -28.0, 8.0], [125.0, 50.0, -28.0, 8.0], [114.69070738193159, 73.90761889907589, -28.0, 8.0], [116.51181381324014, 98.81248635136953, -28.0, 8.0], [112.46508022811146, 123.62614014240258, -28.0, 8.0], [92.77044892079964, 143.85156500177627, -28.0, 8.0], [74.4309382583696, 152.81076374040876, -28.0, 8.0], [49.4461675828922, 151.93827632284624, -28.0, 8.0], [28.967366475667408, 166.2776872316224, -28.0, 8.0], [8.488565368442611, 180.61709814039855, -28.0, 8.0]], "sample_nodes": [[125.0, 25.0, -28.0, 8.0], [125.05486779306979, 27.786319634657705, -28.0, 8.0], [125.1920372757443, 30.58545205463529, -28.0, 8.0], [125.37035760322112, 33.390990867272826, -28.0, 8.0], [125.54867793069795, 36.19652967991037, -28.0, 8.0], [125.68584741337244, 38.995662099887966, -28.0, 8.0], [125.74071520644222, 41.78198173454567, -28.0, 8.0], [125.672130465105, 44.54908219122353, -28.0, 8.0], [125.43894234455834, 47.29055707726163, -28.0, 8.0], [125.0, 50.0, -28.0, 8.0], [124.24418272777152, 52.71912706041428, -28.0, 8.0], [123.17288777527918, 55.39223402930622, -28.0, 8.0], [121.87957061063591, 58.03232327155855, -28.0, 8.0], [120.45768670195466, 60.6523971520541, -28.0, 8.0], [119.00069151734837, 63.265458035675564, -28.0, 8.0], [117.60204052492998, 65.88450828730572, -28.0, 8.0], [116.35518919281243, 68.52255027182731, -28.0, 8.0], [115.35359298910866, 71.19258635412314, -28.0, 8.0], [114.69070738193159, 73.90761889907589, -28.0, 8.0], [114.40745082070653, 76.61102085054692, -28.0, 8.0], [114.41495175451574, 79.34622212380472, -28.0, 8.0], [114.64062858408651, 82.10643074628652, -28.0, 8.0], [115.01189971014638, 84.88485474542964, -28.0, 8.0], [115.45618353342265, 87.67470214867134, -28.0, 8.0], [115.90089845464273, 90.46918098344887, -28.0, 8.0], [116.27346287453409, 93.26149927719959, -28.0, 8.0], [116.50129519382409, 96.04486505736071, -28.0, 8.0], [116.51181381324014, 98.81248635136953, -28.0, 8.0], [116.39792552992566, 101.60780567597378, -28.0, 8.0], [116.27916641375414, 104.44526820974187, -28.0, 8.0], [116.12165088076793, 107.30271471862258, -28.0, 8.0], [115.89149334700932, 110.1579859685646, -28.0, 8.0], [115.55480822852067, 112.98892272551683, -28.0, 8.0], [115.07770994134424, 115.77336575542796, -28.0, 8.0], [114.42631290152234, 118.48915582424678, -28.0, 8.0], [113.56673152509731, 121.11413369792207, -28.0, 8.0], [112.46508022811147, 123.62614014240259, -28.0, 8.0], [110.98376580735626, 126.20496200499753, -28.0, 8.0], [109.1929320794405, 128.7415010194435, -28.0, 8.0], [107.14948253885538, 131.2183549313284, -28.0, 8.0], [104.91032068009223, 133.61812148624017, -28.0, 8.0], [102.53234999764226, 135.92339842976656, -28.0, 8.0], [100.07247398599677, 138.11678350749548, -28.0, 8.0], [97.58759613964698, 140.18087446501485, -28.0, 8.0], [95.1346199530842, 142.09826904791248, -28.0, 8.0], [92.77044892079964, 143.85156500177624, -28.0, 8.0], [90.81906333409607, 145.2301858432597, -28.0, 8.0], [88.87064746716072, 146.5291665220508, -28.0, 8.0], [86.91467810221084, 147.74158628841388, -28.0, 8.0], [84.94063202146359, 148.86052439261334, -28.0, 8.0], [82.93798600713623, 149.87906008491353, -28.0, 8.0], [80.8962168414459, 150.79027261557877, -28.0, 8.0], [78.80480130660992, 151.5872412348735, -28.0, 8.0], [76.65321618484539, 152.263045193062, -28.0, 8.0], [74.4309382583696, 152.81076374040873, -28.0, 8.0], [71.84633702612697, 153.12788243947185, -28.0, 8.0], [69.1233018849624, 153.08658363318386, -28.0, 8.0], [66.30064546744603, 152.79611106539605, -28.0, 8.0], [63.417180406148134, 152.36570847995972, -28.0, 8.0], [60.51171933363885, 151.90461962072618, -28.0, 8.0], [57.623074882488424, 151.52208823154677, -28.0, 8.0], [54.79005968526703, 151.32735805627277, -28.0, 8.0], [52.05148637454489, 151.4296728387555, -28.0, 8.0], [49.44616758289221, 151.93827632284626, -28.0, 8.0], [46.972952334786186, 152.86380655215768, -28.0, 8.0], [44.59245250989524, 154.1023388046448, -28.0, 8.0], [42.286125023576346, 155.59127267567246, -28.0, 8.0], [40.035426791186495, 157.2680077606056, -28.0, 8.0], [37.82181472808268, 159.06994365480892, -28.0, 8.0], [35.62674574962186, 160.93447995364744, -28.0, 8.0], [33.43167677116107, 162.79901625248596, -28.0, 8.0], [31.218064708057256, 164.60095214668934, -28.0, 8.0], [28.967366475667408, 166.2776872316224, -28.0, 8.0]], "num_spline_nodes": 10, "road_bbox_size": [0.0, 0.0, 250.0, 250.0], "distance_to_boundary": -0.5023070133400815}, "seed": {"control_nodes": [[125.0, 0.0, -28.0, 8.0], [125.0, 25.0, -28.0, 8.0], [125.0, 50.0, -28.0, 8.0], [117.69070738193159, 73.90761889907589, -28.0, 8.0], [115.51181381324014, 98.81248635136953, -28.0, 8.0], [112.46508022811146, 123.62614014240258, -28.0, 8.0], [97.77044892079964, 143.85156500177627, -28.0, 8.0], [74.4309382583696, 152.81076374040876, -28.0, 8.0], [49.4461675828922, 151.93827632284624, -28.0, 8.0], [28.967366475667408, 166.2776872316224, -28.0, 8.0], [8.488565368442611, 180.61709814039855, -28.0, 8.0]],