{"name": "Road664", "members_distance": null, "m1": {"control_nodes": [[125.0, 0.0, -28.0, 8.0], [125.0, 25.0, -28.0, 8.0], [125.0, 50.0, -28.0, 8.0], [116.69070738193159, 69.90761889907589, -28.0, 8.0], [115.51181381324014, 100.81248635136953, -28.0, 8.0], [112.46508022811146, 118.62614014240258, -28.0, 8.0], [88.77044892079964, 143.85156500177627, -28.0, 8.0], [74.4309382583696, 152.81076374040876, -28.0, 8.0], [49.4461675828922, 151.93827632284624, -28.0, 8.0], [28.967366475667408, 166.2776872316224, -28.0, 8.0], [8.488565368442611, 180.61709814039855, -28.0, 8.0]], "sample_nodes": [[125.0, 25.0, -28.0, 8.0], [125.05089045847029, 27.79808238113238, -28.0, 8.0], [125.17811660464602, 30.626621667296657, -28.0, 8.0], [125.34351059467446, 33.47038940597689, -28.0, 8.0], [125.50890458470288, 36.31415714465713, -28.0, 8.0], [125.63613073087862, 39.14269643082142, -28.0, 8.0], [125.68702118934885, 41.94077881195378, -28.0, 8.0], [125.62340811626103, 44.69317583553831, -28.0, 8.0], [125.40712366776232, 47.38465904905904, -28.0, 8.0], [125.0, 50.0, -28.0, 8.0], [124.39146586664336, 52.32264051952794, -28.0, 8.0], [123.5633881919742, 54.535356553535195, -28.0, 8.0], [122.57613700062807, 56.67339971752256, -28.0, 8.0], [121.49008231724069, 58.772021626990906, -28.0, 8.0], [120.36559416644764, 60.866473897441026, -28.0, 8.0], [119.26304257288459, 62.992008144373756, -28.0, 8.0], [118.24279756118713, 65.18387598328994, -28.0, 8.0], [117.36522915599092, 67.47732902969037, -28.0, 8.0], [116.69070738193159, 69.90761889907589, -28.0, 8.0], [116.15761868608499, 73.05063636378961, -28.0, 8.0], [115.8473825665202, 76.42307216379646, -28.0, 8.0], [115.70757297499654, 79.9577673728978, -28.0, 8.0], [115.68576386327334, 83.5875630648951, -28.0, 8.0], [115.72952918310989, 87.2453003135897, -28.0, 8.0], [115.78644288626555, 90.86382019278304, -28.0, 8.0], [115.80407892449958, 94.37596377627654, -28.0, 8.0], [115.73001124957133, 97.71457213787156, -28.0, 8.0], [115.51181381324014, 100.81248635136953, -28.0, 8.0], [115.31969128785164, 103.01088701730467, -28.0, 8.0], [115.18651121137032, 105.10282117279225, -28.0, 8.0], [115.071326452638, 107.11044170085287, -28.0, 8.0], [114.93318988049641, 109.05590148450712, -28.0, 8.0], [114.73115436378731, 110.96135340677553, -28.0, 8.0], [114.42427277135252, 112.84895035067868, -28.0, 8.0], [113.97159797203376, 114.74084519923721, -28.0, 8.0], [113.33218283467282, 116.65919083547165, -28.0, 8.0], [112.46508022811147, 118.62614014240259, -28.0, 8.0], [110.804501039321, 121.47984439458679, -28.0, 8.0], [108.64779260991658, 124.46748118847351, -28.0, 8.0], [106.1034220119685, 127.5261995132106, -28.0, 8.0], [103.27985631754703, 130.59314835794606, -28.0, 8.0], [100.28556259872252, 133.60547671182778, -28.0, 8.0], [97.22900792756522, 136.50033356400377, -28.0, 8.0], [94.21865937614545, 139.21486790362184, -28.0, 8.0], [91.36298401653347, 141.68622871983, -28.0, 8.0], [88.77044892079962, 143.85156500177627, -28.0, 8.0], [87.12764820790552, 145.20818868253582, -28.0, 8.0], [85.56858471984523, 146.48986492311278, -28.0, 8.0], [84.06267697637587, 147.69001864563057, -28.0, 8.0], [82.57934349725458, 148.8020747722127, -28.0, 8.0], [81.08800280223855, 149.81945822498258, -28.0, 8.0], [79.55807341108489, 150.73559392606373, -28.0, 8.0], [77.95897384355075, 151.54390679757947, -28.0, 8.0], [76.26012261939326, 152.23782176165332, -28.0, 8.0], [74.4309382583696, 152.81076374040876, -28.0, 8.0], [71.99376527834265, 153.19719236001234, -28.0, 8.0], [69.34905139616761, 153.19271444901142, -28.0, 8.0], [66.54943064305996, 152.91307155630807, -28.0, 8.0], [63.64753705023509, 152.47400523080418, -28.0, 8.0], [60.69600464890842, 151.99125702140174, -28.0, 8.0], [57.74746747029538, 151.58056847700277, -28.0, 8.0], [54.85455954561138, 151.3576811465092, -28.0, 8.0], [52.06991490607185, 151.43833657882305, -28.0, 8.0], [49.44616758289221, 151.93827632284626, -28.0, 8.0], [46.972952334786186, 152.86380655215768, -28.0, 8.0], [44.59245250989524, 154.1023388046448, -28.0, 8.0], [42.286125023576346, 155.59127267567246, -28.0, 8.0], [40.035426791186495, 157.2680077606056, -28.0, 8.0], [37.82181472808268, 159.06994365480892, -28.0, 8.0], [35.62674574962186, 160.93447995364744, -28.0, 8.0], [33.43167677116107, 162.79901625248596, -28.0, 8.0], [31.218064708057256, 164.60095214668934, -28.0, 8.0], [28.967366475667408, 166.2776872316224, -28.0, 8.0]], "num_spline_nodes": 10, "road_bbox_size": [0.0, 0.0, 250.0, 250.0], "distance_to_boundary": -0.35297599493871434}, "seed": {"control_nodes": [[125.0, 0.0, -28.0, 8.0], [125.0, 25.0, -28.0, 8.0], [125.0, 50.0, -28.0, 8.0], [117.69070738193159, 73.90761889907589, -28.0, 8.0], [115.51181381324014, 98.81248635136953, -28.0, 8.0], [112.46508022811146, 123.62614014240258, -28.0, 8.0], [97.77044892079964, 143.85156500177627, -28.0, 8.0], [74.4309382583696, 152.81076374040876, -28.0, 8.0], [49.4461675828922, 151.93827632284624, -28.0, 8.0], [28.967366475667408, 166.2776872316224, -28.0, 8.0], [8.488565368442611, 180.61709814039855, -28.0, 8.0]],