{"name": "Road76", "members_distance": null, "m1": {"control_nodes": [[125.0, 0.0, -28.0, 8.0], [125.0, 25.0, -28.0, 8.0], [125.0, 50.0, -28.0, 8.0], [114.65023750651133, 72.2751631047092, -28.0, 8.0], [91.57654768503815, 84.01195217435647, -28.0, 8.0], [64.56392634872714, 93.78023038658831, -28.0, 8.0], [54.224515439950984, 115.25903149381311, -28.0, 8.0], [48.17646804995929, 138.51642465071302, -28.0, 8.0], [56.31567191138821, 162.15438904069595, -28.0, 8.0], [59.79499943538985, 186.9110907592352, -28.0, 8.0], [63.27432695939149, 211.66779247777447, -28.0, 8.0]], "sample_nodes": [[125.0, 25.0, -28.0, 8.0], [125.05754578137524, 27.7917056098862, -28.0, 8.0], [125.20141023481337, 30.604302967935027, -28.0, 8.0], [125.3884340242829, 33.42734620006517, -28.0, 8.0], [125.57545781375244, 36.250389432195334, -28.0, 8.0], [125.71932226719056, 39.06298679024417, -28.0, 8.0], [125.77686804856577, 41.85469240013036, -28.0, 8.0], [125.70493582184676, 44.61506038777261, -28.0, 8.0], [125.46036625100196, 47.333644879089604, -28.0, 8.0], [125.0, 50.0, -28.0, 8.0], [124.36798949803502, 52.6432015240628, -28.0, 8.0], [123.62245041523373, 55.323156498718966, -28.0, 8.0], [122.75654181033784, 58.00609379500163, -28.0, 8.0], [121.76342274208908, 60.658242283943935, -28.0, 8.0], [120.63625226922912, 63.245830836578975, -28.0, 8.0], [119.36818945049967, 65.7350883239399, -28.0, 8.0], [117.95239334464239, 68.09224361705982, -28.0, 8.0], [116.38202301039907, 70.28352558697189, -28.0, 8.0], [114.65023750651133, 72.2751631047092, -28.0, 8.0], [112.65384006483545, 74.08745145447911, -28.0, 8.0], [110.41854116110713, 75.68744083387, -28.0, 8.0], [107.98594007851094, 77.11166644354097, -28.0, 8.0], [105.3976361002313, 78.39666348415106, -28.0, 8.0], [102.6952285094527, 79.5789671563594, -28.0, 8.0], [99.92031658935963, 80.69511266082503, -28.0, 8.0], [97.1144996231365, 81.78163519820703, -28.0, 8.0], [94.31937689396786, 82.87506996916449, -28.0, 8.0], [91.57654768503815, 84.01195217435645, -28.0, 8.0], [88.6071288941666, 85.13488440238943, -28.0, 8.0], [85.44563872696662, 86.08408006652465, -28.0, 8.0], [82.1709666754544, 86.92997255319369, -28.0, 8.0], [78.862002231646, 87.74299524882818, -28.0, 8.0], [75.59763488755763, 88.59358153985971, -28.0, 8.0], [72.45675413520543, 89.55216481271988, -28.0, 8.0], [69.51824946660551, 90.6891784538403, -28.0, 8.0], [66.86101037377405, 92.0750558496526, -28.0, 8.0], [64.56392634872714, 93.78023038658833, -28.0, 8.0], [62.79432537914229, 95.63104791582862, -28.0, 8.0], [61.269187575971515, 97.71481719151541, -28.0, 8.0], [59.95025488953124, 99.98909988593428, -28.0, 8.0], [58.799269270137906, 102.41145767137077, -28.0, 8.0], [57.77797266810795, 104.9394522201105, -28.0, 8.0], [56.84810703375784, 107.53064520443903, -28.0, 8.0], [55.97141431740402, 110.1425982966419, -28.0, 8.0], [55.10963646936291, 112.73287316900475, -28.0, 8.0], [54.224515439950984, 115.25903149381311, -28.0, 8.0], [53.285709366537915, 117.76922068844543, -28.0, 8.0], [52.321927441280565, 120.31495934697173, -28.0, 8.0], [51.372459401525575, 122.88893687064231, -28.0, 8.0], [50.47659498461964, 125.48384266070744, -28.0, 8.0], [49.67362392790943, 128.09236611841743, -28.0, 8.0], [49.00283596874162, 130.7071966450227, -28.0, 8.0], [48.503520844462884, 133.3210236417735, -28.0, 8.0], [48.21496829241988, 135.92653650992017, -28.0, 8.0], [48.1764680499593, 138.51642465071302, -28.0, 8.0], [48.47212525683044, 141.14043865670146, -28.0, 8.0], [49.103448186075205, 143.75350495056495, -28.0, 8.0], [49.99179782571904, 146.36057538912, -28.0, 8.0], [51.058535163787425, 148.96660182918308, -28.0, 8.0], [52.22502118830579, 151.57653612757068, -28.0, 8.0], [53.412616887299585, 154.19533014109928, -28.0, 8.0], [54.54268324879429, 156.8279357265854, -28.0, 8.0], [55.53658126081535, 159.47930474084546, -28.0, 8.0], [56.31567191138821, 162.15438904069595, -28.0, 8.0], [56.906812614051866, 164.85602586468485, -28.0, 8.0], [57.40207108755035, 167.58068197526944, -28.0, 8.0], [57.8206237777167, 170.32375351513076, -28.0, 8.0], [58.18164713038395, 173.08063662694957, -28.0, 8.0], [58.50431759138513, 175.84672745340671, -28.0, 8.0], [58.80781160655327, 178.61742213718298, -28.0, 8.0], [59.111305621721414, 181.38811682095925, -28.0, 8.0], [59.4339760827226, 184.15420764741643, -28.0, 8.0], [59.79499943538984, 186.9110907592352, -28.0, 8.0]], "num_spline_nodes": 10, "road_bbox_size": [0.0, 0.0, 250.0, 250.0], "distance_to_boundary": -0.3680860732757951}, "seed": {"control_nodes": [[125.0, 0.0, -28.0, 8.0], [125.0, 25.0, -28.0, 8.0], [125.0, 50.0, -28.0, 8.0], [113.65023750651133, 72.2751631047092, -28.0, 8.0], [91.57654768503815, 84.01195217435647, -28.0, 8.0], [68.56392634872714, 93.78023038658831, -28.0, 8.0], [54.224515439950984, 114.25903149381311, -28.0, 8.0], [48.17646804995929, 138.51642465071302, -28.0, 8.0], [56.31567191138821, 162.15438904069595, -28.0, 8.0], [59.79499943538985, 186.9110907592352, -28.0, 8.0], [63.27432695939149, 211.66779247777447, -28.0, 8.0]],