{"name": "Road949", "members_distance": null, "m1": {"control_nodes": [[125.0, 0.0, -28.0, 8.0], [125.0, 25.0, -28.0, 8.0], [125.0, 50.0, -28.0, 8.0], [116.69070738193159, 87.90761889907589, -28.0, 8.0], [115.51181381324014, 97.81248635136953, -28.0, 8.0], [109.46508022811146, 116.62614014240258, -28.0, 8.0], [96.77044892079964, 143.85156500177627, -28.0, 8.0], [74.4309382583696, 152.81076374040876, -28.0, 8.0], [49.4461675828922, 151.93827632284624, -28.0, 8.0], [28.967366475667408, 166.2776872316224, -28.0, 8.0], [8.488565368442611, 180.61709814039855, -28.0, 8.0]], "sample_nodes": [[125.0, 25.0, -28.0, 8.0], [125.03258701551931, 27.75126774889648, -28.0, 8.0], [125.11405455431762, 30.462770454471013, -28.0, 8.0], [125.2199623547554, 33.15439063838457, -28.0, 8.0], [125.32587015519317, 35.84601082229814, -28.0, 8.0], [125.40733769399145, 38.55751352787267, -28.0, 8.0], [125.43992470951076, 41.30878127676915, -28.0, 8.0], [125.39919094011164, 44.11969659064855, -28.0, 8.0], [125.26069612415452, 47.01014199117184, -28.0, 8.0], [125.0, 50.0, -28.0, 8.0], [124.43784949205251, 54.01652111877896, -28.0, 8.0], [123.62064173663077, 58.38802595969895, -28.0, 8.0], [122.61899724400295, 62.983318270771726, -28.0, 8.0], [121.50353652443738, 67.67120180000904, -28.0, 8.0], [120.3448800882023, 72.32048029542273, -28.0, 8.0], [119.21364844556592, 76.79995750502448, -28.0, 8.0], [118.18046210679651, 80.97843717682608, -28.0, 8.0], [117.3159415821623, 84.72472305883927, -28.0, 8.0], [116.69070738193159, 87.90761889907589, -28.0, 8.0], [116.48432487209938, 89.26745985224036, -28.0, 8.0], [116.34125589249086, 90.47469032010841, -28.0, 8.0], [116.24244403753161, 91.56693264011439, -28.0, 8.0], [116.16883290164714, 92.58180914969263, -28.0, 8.0], [116.10136607926296, 93.55694218627747, -28.0, 8.0], [116.02098716480467, 94.52995408730324, -28.0, 8.0], [115.90863975269772, 95.5384671902043, -28.0, 8.0], [115.74526743736773, 96.62010383241494, -28.0, 8.0], [115.51181381324015, 97.81248635136953, -28.0, 8.0], [115.08602813195992, 99.6367568243062, -28.0, 8.0], [114.58601301092726, 101.55415551230624, -28.0, 8.0], [114.01721603796932, 103.55328484146872, -28.0, 8.0], [113.3850848009132, 105.62274723789264, -28.0, 8.0], [112.69506688758614, 107.75114512767718, -28.0, 8.0], [111.95260988581529, 109.92708093692137, -28.0, 8.0], [111.16316138342776, 112.13915709172426, -28.0, 8.0], [110.33216896825077, 114.37597601818497, -28.0, 8.0], [109.46508022811145, 116.62614014240256, -28.0, 8.0], [108.37955282223156, 119.5555493462167, -28.0, 8.0], [107.28148116843005, 122.72606209203425, -28.0, 8.0], [106.14142131754963, 126.04459521929486, -28.0, 8.0], [104.92992932043293, 129.41806556743796, -28.0, 8.0], [103.61756122792268, 132.75338997590322, -28.0, 8.0], [102.17487309086155, 135.9574852841301, -28.0, 8.0], [100.57242096009222, 138.9372683315582, -28.0, 8.0], [98.78076088645734, 141.59965595762708, -28.0, 8.0], [96.77044892079965, 143.8515650017763, -28.0, 8.0], [94.75525289721423, 145.53941378382422, -28.0, 8.0], [92.54444352565079, 147.00773187142985, -28.0, 8.0], [90.17182240226464, 148.27642003483265, -28.0, 8.0], [87.67119112321109, 149.36537904427234, -28.0, 8.0], [85.0763512846455, 150.2945096699884, -28.0, 8.0], [82.42110448272321, 151.08371268222044, -28.0, 8.0], [79.73925231359956, 151.75288885120816, -28.0, 8.0], [77.06459637342991, 152.32193894719103, -28.0, 8.0], [74.4309382583696, 152.8107637404088, -28.0, 8.0], [71.72838406853005, 153.07362133840402, -28.0, 8.0], [68.94268641864207, 153.00349632217376, -28.0, 8.0], [66.10159985150119, 152.70454545734404, -28.0, 8.0], [63.23287890990291, 152.28092550954125, -28.0, 8.0], [60.36427813664268, 151.8367932443914, -28.0, 8.0], [57.523552074516004, 151.47630542752077, -28.0, 8.0], [54.73845526631837, 151.3036188245556, -28.0, 8.0], [52.03674225484528, 151.42289020112202, -28.0, 8.0], [49.4461675828922, 151.93827632284624, -28.0, 8.0], [46.972952334786186, 152.86380655215768, -28.0, 8.0], [44.59245250989524, 154.1023388046448, -28.0, 8.0], [42.286125023576346, 155.59127267567246, -28.0, 8.0], [40.035426791186495, 157.2680077606056, -28.0, 8.0], [37.82181472808268, 159.06994365480892, -28.0, 8.0], [35.62674574962186, 160.93447995364744, -28.0, 8.0], [33.43167677116107, 162.79901625248596, -28.0, 8.0], [31.218064708057256, 164.60095214668934, -28.0, 8.0], [28.967366475667408, 166.2776872316224, -28.0, 8.0]], "num_spline_nodes": 10, "road_bbox_size": [0.0, 0.0, 250.0, 250.0], "distance_to_boundary": -0.3591392195829948}, "seed": {"control_nodes": [[125.0, 0.0, -28.0, 8.0], [125.0, 25.0, -28.0, 8.0], [125.0, 50.0, -28.0, 8.0], [117.69070738193159, 73.90761889907589, -28.0, 8.0], [115.51181381324014, 98.81248635136953, -28.0, 8.0], [112.46508022811146, 123.62614014240258, -28.0, 8.0], [97.77044892079964, 143.85156500177627, -28.0, 8.0], [74.4309382583696, 152.81076374040876, -28.0, 8.0], [49.4461675828922, 151.93827632284624, -28.0, 8.0], [28.967366475667408, 166.2776872316224, -28.0, 8.0], [8.488565368442611, 180.61709814039855, -28.0, 8.0]],