{"name": "Road540", "members_distance": null, "m1": {"control_nodes": [[125.0, 0.0, -28.0, 8.0], [125.0, 25.0, -28.0, 8.0], [125.0, 50.0, -28.0, 8.0], [114.69070738193159, 73.90761889907589, -28.0, 8.0], [115.51181381324014, 98.81248635136953, -28.0, 8.0], [112.46508022811146, 123.62614014240258, -28.0, 8.0], [97.77044892079964, 143.85156500177627, -28.0, 8.0], [74.4309382583696, 152.81076374040876, -28.0, 8.0], [49.4461675828922, 151.93827632284624, -28.0, 8.0], [28.967366475667408, 166.2776872316224, -28.0, 8.0], [8.488565368442611, 180.61709814039855, -28.0, 8.0]], "sample_nodes": [[125.0, 25.0, -28.0, 8.0], [125.05486779306979, 27.786319634657705, -28.0, 8.0], [125.1920372757443, 30.58545205463529, -28.0, 8.0], [125.37035760322112, 33.390990867272826, -28.0, 8.0], [125.54867793069795, 36.19652967991037, -28.0, 8.0], [125.68584741337244, 38.995662099887966, -28.0, 8.0], [125.74071520644222, 41.78198173454567, -28.0, 8.0], [125.672130465105, 44.54908219122353, -28.0, 8.0], [125.43894234455834, 47.29055707726163, -28.0, 8.0], [125.0, 50.0, -28.0, 8.0], [124.24980646216358, 52.718972799464524, -28.0, 8.0], [123.19257084565142, 55.39169411598208, -28.0, 8.0], [121.91753081778236, 58.03128201014769, -28.0, 8.0], [120.51392404587533, 60.65085454255653, -28.0, 8.0], [119.07098819724922, 63.26352977380359, -28.0, 8.0], [117.6779609392229, 65.882425764484, -28.0, 8.0], [116.42407993911527, 68.52066057519279, -28.0, 8.0], [115.39858286424518, 71.19135226652507, -28.0, 8.0], [114.69070738193159, 73.90761889907589, -28.0, 8.0], [114.32960804849179, 76.6097391185018, -28.0, 8.0], [114.22223434673597, 79.34379098300454, -28.0, 8.0], [114.30831101108843, 82.10306313847335, -28.0, 8.0], [114.52756277597352, 84.88084423079745, -28.0, 8.0], [114.81971437581555, 87.67042290586603, -28.0, 8.0], [115.1244905450389, 90.46508780956829, -28.0, 8.0], [115.38161601806789, 93.2581275877935, -28.0, 8.0], [115.53081552932687, 96.04283088643085, -28.0, 8.0], [115.51181381324014, 98.81248635136953, -28.0, 8.0], [115.40717902008318, 101.60053160810236, -28.0, 8.0], [115.3187338009673, 104.4236226537802, -28.0, 8.0], [115.21447999979489, 107.26342137028904, -28.0, 8.0], [115.06241946046852, 110.10158963951471, -28.0, 8.0], [114.83055402689048, 112.91978934334313, -28.0, 8.0], [114.48688554296336, 115.6996823636602, -28.0, 8.0], [113.9994158525895, 118.42293058235185, -28.0, 8.0], [113.3361467996714, 121.07119588130404, -28.0, 8.0], [112.46508022811145, 123.62614014240256, -28.0, 8.0], [111.3910707749401, 126.13663073760881, -28.0, 8.0], [110.14854391477007, 128.64543947101743, -28.0, 8.0], [108.74985774787734, 131.12508487271458, -28.0, 8.0], [107.20737037453787, 133.54808547278628, -28.0, 8.0], [105.53343989502773, 135.88695980131862, -28.0, 8.0], [103.74042440962282, 138.1142263883977, -28.0, 8.0], [101.8406820185992, 140.20240376410962, -28.0, 8.0], [99.8465708222328, 142.12401045854048, -28.0, 8.0], [97.77044892079964, 143.85156500177627, -28.0, 8.0], [95.56567089029092, 145.39551709823408, -28.0, 8.0], [93.19655591842624, 146.78857307003625, -28.0, 8.0], [90.69190902307422, 148.036636373827, -28.0, 8.0], [88.08053522210345, 149.14561046625062, -28.0, 8.0], [85.39123953338253, 150.12139880395125, -28.0, 8.0], [82.65282697478007, 150.96990484357315, -28.0, 8.0], [79.89410256416471, 151.69703204176056, -28.0, 8.0], [77.14387131940502, 152.30868385515774, -28.0, 8.0], [74.4309382583696, 152.81076374040876, -28.0, 8.0], [71.70234843317185, 153.0619227018221, -28.0, 8.0], [68.90281935199984, 152.98558278490768, -28.0, 8.0], [66.05766471683424, 152.68480400811202, -28.0, 8.0], [63.19219822965573, 152.26264638988198, -28.0, 8.0], [60.33173359244494, 151.822169948664, -28.0, 8.0], [57.50158450718253, 151.46643470290476, -28.0, 8.0], [54.72706467584916, 151.29850067105102, -28.0, 8.0], [52.033487800425505, 151.42142787154927, -28.0, 8.0], [49.4461675828922, 151.93827632284624, -28.0, 8.0], [46.972952334786186, 152.86380655215768, -28.0, 8.0], [44.59245250989524, 154.1023388046448, -28.0, 8.0], [42.286125023576346, 155.59127267567246, -28.0, 8.0], [40.035426791186495, 157.2680077606056, -28.0, 8.0], [37.82181472808268, 159.06994365480892, -28.0, 8.0], [35.62674574962186, 160.93447995364744, -28.0, 8.0], [33.43167677116107, 162.79901625248596, -28.0, 8.0], [31.218064708057256, 164.60095214668934, -28.0, 8.0], [28.967366475667408, 166.2776872316224, -28.0, 8.0]], "num_spline_nodes": 10, "road_bbox_size": [0.0, 0.0, 250.0, 250.0], "distance_to_boundary": -0.30410751278323467}, "seed": {"control_nodes": [[125.0, 0.0, -28.0, 8.0], [125.0, 25.0, -28.0, 8.0], [125.0, 50.0, -28.0, 8.0], [117.69070738193159, 73.90761889907589, -28.0, 8.0], [115.51181381324014, 98.81248635136953, -28.0, 8.0], [112.46508022811146, 123.62614014240258, -28.0, 8.0], [97.77044892079964, 143.85156500177627, -28.0, 8.0], [74.4309382583696, 152.81076374040876, -28.0, 8.0], [49.4461675828922, 151.93827632284624, -28.0, 8.0], [28.967366475667408, 166.2776872316224, -28.0, 8.0], [8.488565368442611, 180.61709814039855, -28.0, 8.0]],