{"name": "Road397", "members_distance": null, "m1": {"control_nodes": [[125.0, 0.0, -28.0, 8.0], [125.0, 25.0, -28.0, 8.0], [125.0, 50.0, -28.0, 8.0], [123.9519526100083, 75.25739315689991, -28.0, 8.0], [114.75416033956432, 100.71108317524505, -28.0, 8.0], [119.49807218316745, 126.65018443174066, -28.0, 8.0], [143.2310819594134, 142.07883346816493, -28.0, 8.0], [152.197846158049, 156.6948093435406, -28.0, 8.0], [173.84848125265998, 169.1948093435406, -28.0, 8.0], [192.71622075822927, 185.5962850683033, -28.0, 8.0], [211.58396026379856, 201.997760793066, -28.0, 8.0]], "sample_nodes": [[125.0, 25.0, -28.0, 8.0], [125.00570289204379, 27.777134508891272, -28.0, 8.0], [125.01996012215328, 30.55330411445278, -28.0, 8.0], [125.03849452129558, 33.32899126834941, -28.0, 8.0], [125.05702892043789, 36.10467842224606, -28.0, 8.0], [125.07128615054737, 38.88084802780757, -28.0, 8.0], [125.07698904259112, 41.65798253669884, -28.0, 8.0], [125.06986042753643, 44.43656440058474, -28.0, 8.0], [125.04562313635029, 47.21707607113018, -28.0, 8.0], [125.0, 50.0, -28.0, 8.0], [124.97197316471753, 52.804720097173266, -28.0, 8.0], [124.98575723460647, 55.617199418164105, -28.0, 8.0], [125.01395937087366, 58.434290108507085, -28.0, 8.0], [125.0291867347261, 61.2528443137369, -28.0, 8.0], [125.00404648737063, 64.06971417938813, -28.0, 8.0], [124.91114579001425, 66.88175185099541, -28.0, 8.0], [124.72309180386375, 69.6858094740934, -28.0, 8.0], [124.41249169012616, 72.4787391942167, -28.0, 8.0], [123.9519526100083, 75.25739315689991, -28.0, 8.0], [123.21485515172773, 78.11140153495818, -28.0, 8.0], [122.1919603256413, 80.94433515569251, -28.0, 8.0], [120.97522991859532, 83.76245956528722, -28.0, 8.0], [119.65662571743619, 86.57204030992666, -28.0, 8.0], [118.32810950901018, 89.37934293579508, -28.0, 8.0], [117.08164308016362, 92.19063298907685, -28.0, 8.0], [116.00918821774293, 95.01217601595623, -28.0, 8.0], [115.20270670859438, 97.8502375626175, -28.0, 8.0], [114.75416033956432, 100.71108317524505, -28.0, 8.0], [114.58055729865973, 103.61723199762585, -28.0, 8.0], [114.54268947418565, 106.62934772742808, -28.0, 8.0], [114.65746009733544, 109.69944171212668, -28.0, 8.0], [114.9417723993026, 112.77952529919668, -28.0, 8.0], [115.41252961128045, 115.82160983611296, -28.0, 8.0], [116.08663496446246, 118.77770667035054, -28.0, 8.0], [116.98099169004203, 121.59982714938435, -28.0, 8.0], [118.11250301921251, 124.2399826206894, -28.0, 8.0], [119.49807218316747, 126.65018443174067, -28.0, 8.0], [121.36976683964663, 128.85517032813297, -28.0, 8.0], [123.74856597477013, 130.7894372534027, -28.0, 8.0], [126.49913621516572, 132.5164335281368, -28.0, 8.0], [129.48614418746135, 134.09960747292226, -28.0, 8.0], [132.57425651828478, 135.60240740834607, -28.0, 8.0], [135.6281398342639, 137.08828165499523, -28.0, 8.0], [138.51246076202648, 138.6206785334568, -28.0, 8.0], [141.09188592820036, 140.26304636431772, -28.0, 8.0], [143.2310819594134, 142.07883346816493, -28.0, 8.0], [144.5480302061377, 143.6238261631571, -28.0, 8.0], [145.62694522487016, 145.2475817008721, -28.0, 8.0], [146.53548685115626, 146.9248093584817, -28.0, 8.0], [147.3413149205416, 148.63021841315748, -28.0, 8.0], [148.1120892685716, 150.33851814207134, -28.0, 8.0], [148.91546973079187, 152.02441782239484, -28.0, 8.0], [149.81911614274782, 153.66262673129972, -28.0, 8.0], [150.89068833998505, 155.22785414595776, -28.0, 8.0], [152.197846158049, 156.6948093435406, -28.0, 8.0], [154.09897887496095, 158.30951248846446, -28.0, 8.0], [156.26665501904023, 159.77621962977108, -28.0, 8.0], [158.64069455771988, 161.1341632415784, -28.0, 8.0], [161.16091745843303, 162.42257579800435, -28.0, 8.0], [163.76714368861275, 163.68068977316685, -28.0, 8.0], [166.39919321569226, 164.9477376411838, -28.0, 8.0], [168.99688600710454, 166.26295187617313, -28.0, 8.0], [171.50004203028277, 167.6655649522528, -28.0, 8.0], [173.84848125266, 169.1948093435406, -28.0, 8.0], [176.06705403565098, 170.84593734150133, -28.0, 8.0], [178.22836559253003, 172.57734261774937, -28.0, 8.0], [180.34386816851946, 174.3729697166272, -28.0, 8.0], [182.4250140088418, 176.2167631824775, -28.0, 8.0], [184.48325535871925, 178.0926675596426, -28.0, 8.0], [186.53004446337437, 179.98462739246526, -28.0, 8.0], [188.57683356802949, 181.8765872252879, -28.0, 8.0], [190.635074917907, 183.75249160245306, -28.0, 8.0], [192.71622075822924, 185.5962850683033, -28.0, 8.0]], "num_spline_nodes": 10, "road_bbox_size": [0.0, 0.0, 250.0, 250.0], "distance_to_boundary": -0.12857576489982092}, "seed": {"control_nodes": [[125.0, 0.0, -28.0, 8.0], [125.0, 25.0, -28.0, 8.0], [125.0, 50.0, -28.0, 8.0], [118.9519526100083, 74.25739315689991, -28.0, 8.0], [113.75416033956432, 98.71108317524505, -28.0, 8.0], [115.49807218316745, 123.65018443174066, -28.0, 8.0], [131.2310819594134, 143.07883346816493, -28.0, 8.0], [152.197846158049, 156.6948093435406, -28.0, 8.0], [173.84848125265998, 169.1948093435406, -28.0, 8.0], [192.71622075822927, 185.5962850683033, -28.0, 8.0], [211.58396026379856, 201.997760793066, -28.0, 8.0]],