{"name": "Road560", "members_distance": null, "m1": {"control_nodes": [[125.0, 0.0, -28.0, 8.0], [125.0, 25.0, -28.0, 8.0], [125.0, 50.0, -28.0, 8.0], [114.69070738193159, 73.90761889907589, -28.0, 8.0], [115.51181381324014, 98.81248635136953, -28.0, 8.0], [112.46508022811146, 118.62614014240258, -28.0, 8.0], [97.77044892079964, 143.85156500177627, -28.0, 8.0], [74.4309382583696, 152.81076374040876, -28.0, 8.0], [49.4461675828922, 151.93827632284624, -28.0, 8.0], [28.967366475667408, 166.2776872316224, -28.0, 8.0], [8.488565368442611, 180.61709814039855, -28.0, 8.0]], "sample_nodes": [[125.0, 25.0, -28.0, 8.0], [125.05486779306979, 27.786319634657705, -28.0, 8.0], [125.1920372757443, 30.58545205463529, -28.0, 8.0], [125.37035760322112, 33.390990867272826, -28.0, 8.0], [125.54867793069795, 36.19652967991037, -28.0, 8.0], [125.68584741337244, 38.995662099887966, -28.0, 8.0], [125.74071520644222, 41.78198173454567, -28.0, 8.0], [125.672130465105, 44.54908219122353, -28.0, 8.0], [125.43894234455834, 47.29055707726163, -28.0, 8.0], [125.0, 50.0, -28.0, 8.0], [124.24980646216358, 52.718972799464524, -28.0, 8.0], [123.19257084565142, 55.39169411598208, -28.0, 8.0], [121.91753081778236, 58.03128201014769, -28.0, 8.0], [120.51392404587533, 60.65085454255653, -28.0, 8.0], [119.07098819724922, 63.26352977380359, -28.0, 8.0], [117.6779609392229, 65.882425764484, -28.0, 8.0], [116.42407993911527, 68.52066057519279, -28.0, 8.0], [115.39858286424518, 71.19135226652507, -28.0, 8.0], [114.69070738193159, 73.90761889907589, -28.0, 8.0], [114.33283118473767, 76.62529838727576, -28.0, 8.0], [114.23351532359655, 79.39824842371343, -28.0, 8.0], [114.33006718074812, 82.20808820269761, -28.0, 8.0], [114.55979413843231, 85.03643691853709, -28.0, 8.0], [114.86000357888904, 87.86491376554058, -28.0, 8.0], [115.16800288435826, 90.6751379380168, -28.0, 8.0], [115.4210994370799, 93.44872863027454, -28.0, 8.0], [115.55660061929387, 96.16730503662254, -28.0, 8.0], [115.51181381324014, 98.81248635136953, -28.0, 8.0], [115.37573458352968, 101.1133709083651, -28.0, 8.0], [115.23414552428534, 103.35700851885986, -28.0, 8.0], [115.06771727057244, 105.55728707395036, -28.0, 8.0], [114.85712045745628, 107.72809446473298, -28.0, 8.0], [114.58302572000213, 109.8833185823041, -28.0, 8.0], [114.22610369327528, 112.03684731776022, -28.0, 8.0], [113.76702501234104, 114.20256856219774, -28.0, 8.0], [113.18646031226466, 116.39437020671302, -28.0, 8.0], [112.46508022811145, 118.62614014240258, -28.0, 8.0], [111.42129568934003, 121.45442755141512, -28.0, 8.0], [110.21955765458355, 124.44519867263165, -28.0, 8.0], [108.86445844999781, 127.52608951246785, -28.0, 8.0], [107.36059040173879, 130.62473607733938, -28.0, 8.0], [105.71254583596233, 133.668774373662, -28.0, 8.0], [103.92491707882431, 136.58584040785126, -28.0, 8.0], [102.0022964564806, 139.30357018632296, -28.0, 8.0], [99.94927629508707, 141.74959971549274, -28.0, 8.0], [97.77044892079965, 143.8515650017763, -28.0, 8.0], [95.59722457771741, 145.50792246810713, -28.0, 8.0], [93.24487250229805, 146.96069379265435, -28.0, 8.0], [90.74515587060641, 148.22632043548776, -28.0, 8.0], [88.12983785870735, 149.32124385667726, -28.0, 8.0], [85.43068164266565, 150.26190551629253, -28.0, 8.0], [82.67945039854618, 151.0647468744035, -28.0, 8.0], [79.9079073024138, 151.74620939108004, -28.0, 8.0], [77.14781553033333, 152.32273452639186, -28.0, 8.0], [74.4309382583696, 152.81076374040876, -28.0, 8.0], [71.70234843317185, 153.0619227018221, -28.0, 8.0], [68.90281935199984, 152.98558278490768, -28.0, 8.0], [66.05766471683424, 152.68480400811202, -28.0, 8.0], [63.19219822965573, 152.26264638988198, -28.0, 8.0], [60.33173359244494, 151.822169948664, -28.0, 8.0], [57.50158450718253, 151.46643470290476, -28.0, 8.0], [54.72706467584916, 151.29850067105102, -28.0, 8.0], [52.033487800425505, 151.42142787154927, -28.0, 8.0], [49.4461675828922, 151.93827632284624, -28.0, 8.0], [46.972952334786186, 152.86380655215768, -28.0, 8.0], [44.59245250989524, 154.1023388046448, -28.0, 8.0], [42.286125023576346, 155.59127267567246, -28.0, 8.0], [40.035426791186495, 157.2680077606056, -28.0, 8.0], [37.82181472808268, 159.06994365480892, -28.0, 8.0], [35.62674574962186, 160.93447995364744, -28.0, 8.0], [33.43167677116107, 162.79901625248596, -28.0, 8.0], [31.218064708057256, 164.60095214668934, -28.0, 8.0], [28.967366475667408, 166.2776872316224, -28.0, 8.0]], "num_spline_nodes": 10, "road_bbox_size": [0.0, 0.0, 250.0, 250.0], "distance_to_boundary": -0.34620440841896327}, "seed": {"control_nodes": [[125.0, 0.0, -28.0, 8.0], [125.0, 25.0, -28.0, 8.0], [125.0, 50.0, -28.0, 8.0], [117.69070738193159, 73.90761889907589, -28.0, 8.0], [115.51181381324014, 98.81248635136953, -28.0, 8.0], [112.46508022811146, 123.62614014240258, -28.0, 8.0], [97.77044892079964, 143.85156500177627, -28.0, 8.0], [74.4309382583696, 152.81076374040876, -28.0, 8.0], [49.4461675828922, 151.93827632284624, -28.0, 8.0], [28.967366475667408, 166.2776872316224, -28.0, 8.0], [8.488565368442611, 180.61709814039855, -28.0, 8.0]],