{"name": "Road783", "members_distance": null, "m1": {"control_nodes": [[125.0, 0.0, -28.0, 8.0], [125.0, 25.0, -28.0, 8.0], [125.0, 50.0, -28.0, 8.0], [116.69070738193159, 66.90761889907589, -28.0, 8.0], [114.51181381324014, 100.81248635136953, -28.0, 8.0], [108.46508022811146, 116.62614014240258, -28.0, 8.0], [88.77044892079964, 143.85156500177627, -28.0, 8.0], [74.4309382583696, 152.81076374040876, -28.0, 8.0], [49.4461675828922, 151.93827632284624, -28.0, 8.0], [28.967366475667408, 166.2776872316224, -28.0, 8.0], [8.488565368442611, 180.61709814039855, -28.0, 8.0]], "sample_nodes": [[125.0, 25.0, -28.0, 8.0], [125.05623034093489, 27.810222270616038, -28.0, 8.0], [125.19680619327212, 30.669111280489446, -28.0, 8.0], [125.37955480131052, 33.552333659991554, -28.0, 8.0], [125.56230340934891, 36.435556039493676, -28.0, 8.0], [125.70287926168612, 39.29444504936709, -28.0, 8.0], [125.75910960262101, 42.10466731998312, -28.0, 8.0], [125.6888216764524, 44.84188948171308, -28.0, 8.0], [125.44984272747914, 47.48177816492827, -28.0, 8.0], [125.0, 50.0, -28.0, 8.0], [124.38441055919112, 52.03515465249864, -28.0, 8.0], [123.56294156218374, 53.920032896427244, -28.0, 8.0], [122.59086296579164, 55.70226780006094, -28.0, 8.0], [121.52344472682856, 57.42949243167483, -28.0, 8.0], [120.41595680210833, 59.14933985954403, -28.0, 8.0], [119.32366914844478, 60.909443151943634, -28.0, 8.0], [118.3018517226516, 62.757435377148724, -28.0, 8.0], [117.40577448154261, 64.74094960343446, -28.0, 8.0], [116.69070738193159, 66.90761889907589, -28.0, 8.0], [116.0378279061633, 70.18526784050005, -28.0, 8.0], [115.65838975131167, 73.83808316486012, -28.0, 8.0], [115.47921594309366, 77.75773198160594, -28.0, 8.0], [115.42712950722614, 81.83588140018728, -28.0, 8.0], [115.42895346942615, 85.96419853005392, -28.0, 8.0], [115.41151085541057, 90.03435048065565, -28.0, 8.0], [115.30162469089643, 93.93800436144231, -28.0, 8.0], [115.02611800160062, 97.56682728186367, -28.0, 8.0], [114.51181381324014, 100.81248635136953, -28.0, 8.0], [114.0398865485588, 102.84856267624347, -28.0, 8.0], [113.54539277239417, 104.72236063850326, -28.0, 8.0], [113.01658255867954, 106.4735348562593, -28.0, 8.0], [112.44170598134839, 108.14173994762214, -28.0, 8.0], [111.809013114334, 109.76663053070207, -28.0, 8.0], [111.10675403156975, 111.38786122360965, -28.0, 8.0], [110.32317880698899, 113.04508664445531, -28.0, 8.0], [109.44653751452512, 114.77796141134948, -28.0, 8.0], [108.46508022811146, 116.62614014240258, -28.0, 8.0], [106.85396132205153, 119.49088000575586, -28.0, 8.0], [104.97886623581854, 122.61523857340309, -28.0, 8.0], [102.89108760433464, 125.9051264731373, -28.0, 8.0], [100.64191806252194, 129.26645433275144, -28.0, 8.0], [98.28265024530248, 132.60513278003856, -28.0, 8.0], [95.86457678759842, 135.82707244279158, -28.0, 8.0], [93.43899032433185, 138.8381839488036, -28.0, 8.0], [91.05718349042488, 141.54437792586742, -28.0, 8.0], [88.77044892079962, 143.85156500177624, -28.0, 8.0], [87.2213539254754, 145.2721496027315, -28.0, 8.0], [85.71207159987406, 146.58780508216242, -28.0, 8.0], [84.22080537477497, 147.79795269846076, -28.0, 8.0], [82.72575868095748, 148.90201371001842, -28.0, 8.0], [81.20513494920087, 149.8994093752272, -28.0, 8.0], [79.63713761028446, 150.7895609524788, -28.0, 8.0], [77.99997009498755, 151.57188970016506, -28.0, 8.0], [76.2718358340895, 152.2458168766778, -28.0, 8.0], [74.4309382583696, 152.81076374040873, -28.0, 8.0], [71.99376527834265, 153.19719236001234, -28.0, 8.0], [69.34905139616761, 153.19271444901142, -28.0, 8.0], [66.54943064305996, 152.91307155630807, -28.0, 8.0], [63.64753705023509, 152.47400523080418, -28.0, 8.0], [60.69600464890842, 151.99125702140174, -28.0, 8.0], [57.74746747029538, 151.58056847700277, -28.0, 8.0], [54.85455954561138, 151.3576811465092, -28.0, 8.0], [52.06991490607185, 151.43833657882305, -28.0, 8.0], [49.44616758289221, 151.93827632284626, -28.0, 8.0], [46.972952334786186, 152.86380655215768, -28.0, 8.0], [44.59245250989524, 154.1023388046448, -28.0, 8.0], [42.286125023576346, 155.59127267567246, -28.0, 8.0], [40.035426791186495, 157.2680077606056, -28.0, 8.0], [37.82181472808268, 159.06994365480892, -28.0, 8.0], [35.62674574962186, 160.93447995364744, -28.0, 8.0], [33.43167677116107, 162.79901625248596, -28.0, 8.0], [31.218064708057256, 164.60095214668934, -28.0, 8.0], [28.967366475667408, 166.2776872316224, -28.0, 8.0]], "num_spline_nodes": 10, "road_bbox_size": [0.0, 0.0, 250.0, 250.0], "distance_to_boundary": -0.23941159479049867}, "seed": {"control_nodes": [[125.0, 0.0, -28.0, 8.0], [125.0, 25.0, -28.0, 8.0], [125.0, 50.0, -28.0, 8.0], [117.69070738193159, 73.90761889907589, -28.0, 8.0], [115.51181381324014, 98.81248635136953, -28.0, 8.0], [112.46508022811146, 123.62614014240258, -28.0, 8.0], [97.77044892079964, 143.85156500177627, -28.0, 8.0], [74.4309382583696, 152.81076374040876, -28.0, 8.0], [49.4461675828922, 151.93827632284624, -28.0, 8.0], [28.967366475667408, 166.2776872316224, -28.0, 8.0], [8.488565368442611, 180.61709814039855, -28.0, 8.0]],