{"name": "Road704", "members_distance": null, "m1": {"control_nodes": [[125.0, 0.0, -28.0, 8.0], [125.0, 25.0, -28.0, 8.0], [125.0, 50.0, -28.0, 8.0], [113.69070738193159, 73.90761889907589, -28.0, 8.0], [113.51181381324014, 100.81248635136953, -28.0, 8.0], [112.46508022811146, 118.62614014240258, -28.0, 8.0], [91.77044892079964, 146.85156500177627, -28.0, 8.0], [74.4309382583696, 152.81076374040876, -28.0, 8.0], [49.4461675828922, 151.93827632284624, -28.0, 8.0], [28.967366475667408, 166.2776872316224, -28.0, 8.0], [8.488565368442611, 180.61709814039855, -28.0, 8.0]], "sample_nodes": [[125.0, 25.0, -28.0, 8.0], [125.05948267498391, 27.78727658802979, -28.0, 8.0], [125.20818936244369, 30.588801391437592, -28.0, 8.0], [125.4015080561414, 33.39745030253441, -28.0, 8.0], [125.59482674983909, 36.206099213631234, -28.0, 8.0], [125.74353343729888, 39.00762401703904, -28.0, 8.0], [125.80301611228276, 41.79490060506882, -28.0, 8.0], [125.7286627685529, 44.56080487003159, -28.0, 8.0], [125.47586139987128, 47.298212704238324, -28.0, 8.0], [125.0, 50.0, -28.0, 8.0], [124.18600874610799, 52.72167357825851, -28.0, 8.0], [123.04481395116241, 55.38298544793127, -28.0, 8.0], [121.66922461688812, 58.00281154001634, -28.0, 8.0], [120.15204974501, 60.60002778551174, -28.0, 8.0], [118.58609833725285, 63.19351011541556, -28.0, 8.0], [117.0641793953416, 65.80213446072584, -28.0, 8.0], [115.67910192100105, 68.44477675244062, -28.0, 8.0], [114.52367491595612, 71.14031292155794, -28.0, 8.0], [113.69070738193159, 73.90761889907589, -28.0, 8.0], [113.18255120687003, 76.80443176182175, -28.0, 8.0], [112.91645052105011, 79.80456761961723, -28.0, 8.0], [112.84098287678326, 82.87366842324565, -28.0, 8.0], [112.904725826381, 85.97737612349023, -28.0, 8.0], [113.05625692215483, 89.08133267113426, -28.0, 8.0], [113.24415371641614, 92.15118001696094, -28.0, 8.0], [113.41699376147648, 95.15256011175352, -28.0, 8.0], [113.52335460964731, 98.05111490629528, -28.0, 8.0], [113.51181381324014, 100.81248635136953, -28.0, 8.0], [113.49378348469384, 102.94253693408318, -28.0, 8.0], [113.55326115281918, 104.98085665067971, -28.0, 8.0], [113.64649981156397, 106.95060633124035, -28.0, 8.0], [113.72975245487582, 108.87494680584635, -28.0, 8.0], [113.7592720767025, 110.77703890457909, -28.0, 8.0], [113.69131167099172, 112.68004345751979, -28.0, 8.0], [113.48212423169113, 114.60712129474976, -28.0, 8.0], [113.08796275274847, 116.58143324635023, -28.0, 8.0], [112.46508022811145, 118.62614014240256, -28.0, 8.0], [111.17131947946206, 121.72169144749013, -28.0, 8.0], [109.44704772196039, 125.08684614246584, -28.0, 8.0], [107.36902223833519, 128.61041066872988, -28.0, 8.0], [105.01400031131526, 132.18119146768242, -28.0, 8.0], [102.45873922362927, 135.6879949807235, -28.0, 8.0], [99.77999625800598, 139.0196276492533, -28.0, 8.0], [97.0545286971741, 142.06489591467195, -28.0, 8.0], [94.35909382386244, 144.71260621837953, -28.0, 8.0], [91.77044892079962, 146.85156500177627, -28.0, 8.0], [89.95140695264186, 148.081043752429, -28.0, 8.0], [88.12237774897102, 149.11142028650528, -28.0, 8.0], [86.27611616132837, 149.96723710138028, -28.0, 8.0], [84.40537704125501, 150.673036694429, -28.0, 8.0], [82.50291524029217, 151.25336156302666, -28.0, 8.0], [80.56148560998102, 151.73275420454837, -28.0, 8.0], [78.57384300186276, 152.13575711636918, -28.0, 8.0], [76.53274226747855, 152.4869127958643, -28.0, 8.0], [74.4309382583696, 152.8107637404088, -28.0, 8.0], [71.8541715850625, 153.00069511875327, -28.0, 8.0], [69.13529855333238, 152.8918280483335, -28.0, 8.0], [66.3138662856497, 152.58148246168344, -28.0, 8.0], [63.429421904484855, 152.1669782913369, -28.0, 8.0], [60.52151253230823, 151.7456354698279, -28.0, 8.0], [57.62968529159025, 151.41477392969045, -28.0, 8.0], [54.79348730480132, 151.27171360345835, -28.0, 8.0], [52.05246569441182, 151.41377442366567, -28.0, 8.0], [49.446167582892194, 151.9382763228462, -28.0, 8.0], [46.972952334786186, 152.86380655215768, -28.0, 8.0], [44.59245250989524, 154.1023388046448, -28.0, 8.0], [42.286125023576346, 155.59127267567246, -28.0, 8.0], [40.035426791186495, 157.2680077606056, -28.0, 8.0], [37.82181472808268, 159.06994365480892, -28.0, 8.0], [35.62674574962186, 160.93447995364744, -28.0, 8.0], [33.43167677116107, 162.79901625248596, -28.0, 8.0], [31.218064708057256, 164.60095214668934, -28.0, 8.0], [28.967366475667408, 166.2776872316224, -28.0, 8.0]], "num_spline_nodes": 10, "road_bbox_size": [0.0, 0.0, 250.0, 250.0], "distance_to_boundary": -0.3807827520009459}, "seed": {"control_nodes": [[125.0, 0.0, -28.0, 8.0], [125.0, 25.0, -28.0, 8.0], [125.0, 50.0, -28.0, 8.0], [117.69070738193159, 73.90761889907589, -28.0, 8.0], [115.51181381324014, 98.81248635136953, -28.0, 8.0], [112.46508022811146, 123.62614014240258, -28.0, 8.0], [97.77044892079964, 143.85156500177627, -28.0, 8.0], [74.4309382583696, 152.81076374040876, -28.0, 8.0], [49.4461675828922, 151.93827632284624, -28.0, 8.0], [28.967366475667408, 166.2776872316224, -28.0, 8.0], [8.488565368442611, 180.61709814039855, -28.0, 8.0]],