{"name": "Road953", "members_distance": null, "m1": {"control_nodes": [[125.0, 0.0, -28.0, 8.0], [125.0, 25.0, -28.0, 8.0], [125.0, 50.0, -28.0, 8.0], [116.69070738193159, 81.90761889907589, -28.0, 8.0], [115.51181381324014, 97.81248635136953, -28.0, 8.0], [112.46508022811146, 116.62614014240258, -28.0, 8.0], [91.77044892079964, 145.85156500177627, -28.0, 8.0], [74.4309382583696, 152.81076374040876, -28.0, 8.0], [49.4461675828922, 151.93827632284624, -28.0, 8.0], [28.967366475667408, 166.2776872316224, -28.0, 8.0], [8.488565368442611, 180.61709814039855, -28.0, 8.0]], "sample_nodes": [[125.0, 25.0, -28.0, 8.0], [125.03695775278433, 27.763557950868893, -28.0, 8.0], [125.12935213474518, 30.505786161374452, -28.0, 8.0], [125.24946483129426, 33.237349501698354, -28.0, 8.0], [125.36957752784332, 35.968912842022256, -28.0, 8.0], [125.46197190980416, 38.71114105252782, -28.0, 8.0], [125.49892966258847, 41.47469900339671, -28.0, 8.0], [125.45273247160809, 44.27025156481059, -28.0, 8.0], [125.29566202227468, 47.10846360695114, -28.0, 8.0], [124.99999999999999, 50.0, -28.0, 8.0], [124.42387557205697, 53.453761726712706, -28.0, 8.0], [123.60075120117824, 57.06560725353671, -28.0, 8.0], [122.59929147282936, 60.77759308707505, -28.0, 8.0], [121.48816097247585, 64.53177573393077, -28.0, 8.0], [120.3360242855832, 68.27021170070688, -28.0, 8.0], [119.21154599761698, 71.9349574940064, -28.0, 8.0], [118.1833906940426, 75.4680696204324, -28.0, 8.0], [117.32022296032562, 78.81160458658789, -28.0, 8.0], [116.69070738193159, 81.90761889907589, -28.0, 8.0], [116.4024916864706, 83.89436986766162, -28.0, 8.0], [116.20457535888238, 85.76473671688646, -28.0, 8.0], [116.07510447591737, 87.54507583998864, -28.0, 8.0], [115.99222511432606, 89.26174363020645, -28.0, 8.0], [115.93408335085881, 90.94109648077817, -28.0, 8.0], [115.87882526226616, 92.60949078494204, -28.0, 8.0], [115.80459692529855, 94.2932829359364, -28.0, 8.0], [115.68954441670637, 96.01882932699944, -28.0, 8.0], [115.51181381324014, 97.81248635136953, -28.0, 8.0], [115.30967240671751, 99.82586241438693, -28.0, 8.0], [115.15341919714218, 101.85249862183704, -28.0, 8.0], [115.0087751843175, 103.89496525972348, -28.0, 8.0], [114.84146136804654, 105.9558326140497, -28.0, 8.0], [114.61719874813261, 108.0376709708193, -28.0, 8.0], [114.30170832437892, 110.14305061603582, -28.0, 8.0], [113.86071109658867, 112.27454183570286, -28.0, 8.0], [113.25992806456513, 114.43471491582392, -28.0, 8.0], [112.46508022811146, 116.62614014240256, -28.0, 8.0], [111.025247699309, 119.82379083577185, -28.0, 8.0], [109.22402130161402, 123.29045049713292, -28.0, 8.0], [107.1241872342175, 126.91614586185895, -28.0, 8.0], [104.78853169631037, 130.59090366532314, -28.0, 8.0], [102.27984088708362, 134.20475064289857, -28.0, 8.0], [99.66090100572823, 137.64771352995848, -28.0, 8.0], [96.99449825143512, 140.80981906187597, -28.0, 8.0], [94.34341882339527, 143.58109397402416, -28.0, 8.0], [91.77044892079964, 145.85156500177627, -28.0, 8.0], [89.95355914430004, 147.1850726612082, -28.0, 8.0], [88.12790883881335, 148.3332257336192, -28.0, 8.0], [86.28549653254909, 149.31543368253895, -28.0, 8.0], [84.41832075371681, 150.15110597149726, -28.0, 8.0], [82.51838003052609, 150.85965206402392, -28.0, 8.0], [80.57767289118645, 151.46048142364862, -28.0, 8.0], [78.58819786390747, 151.97300351390112, -28.0, 8.0], [76.54195347689866, 152.41662779831125, -28.0, 8.0], [74.4309382583696, 152.81076374040873, -28.0, 8.0], [71.86214203590067, 153.05047585446354, -28.0, 8.0], [69.14750330617836, 152.9680547998899, -28.0, 8.0], [66.32731642143915, 152.66548745319446, -28.0, 8.0], [63.44187573391952, 152.24476069088422, -28.0, 8.0], [60.53147559585598, 151.80786138946578, -28.0, 8.0], [57.636410359484984, 151.45677642544598, -28.0, 8.0], [54.796974377043014, 151.29349267533163, -28.0, 8.0], [52.05346200076661, 151.41999701562946, -28.0, 8.0], [49.4461675828922, 151.93827632284624, -28.0, 8.0], [46.972952334786186, 152.86380655215768, -28.0, 8.0], [44.59245250989524, 154.1023388046448, -28.0, 8.0], [42.286125023576346, 155.59127267567246, -28.0, 8.0], [40.035426791186495, 157.2680077606056, -28.0, 8.0], [37.82181472808268, 159.06994365480892, -28.0, 8.0], [35.62674574962186, 160.93447995364744, -28.0, 8.0], [33.43167677116107, 162.79901625248596, -28.0, 8.0], [31.218064708057256, 164.60095214668934, -28.0, 8.0], [28.967366475667408, 166.2776872316224, -28.0, 8.0]], "num_spline_nodes": 10, "road_bbox_size": [0.0, 0.0, 250.0, 250.0], "distance_to_boundary": -0.4420695175284304}, "seed": {"control_nodes": [[125.0, 0.0, -28.0, 8.0], [125.0, 25.0, -28.0, 8.0], [125.0, 50.0, -28.0, 8.0], [117.69070738193159, 73.90761889907589, -28.0, 8.0], [115.51181381324014, 98.81248635136953, -28.0, 8.0], [112.46508022811146, 123.62614014240258, -28.0, 8.0], [97.77044892079964, 143.85156500177627, -28.0, 8.0], [74.4309382583696, 152.81076374040876, -28.0, 8.0], [49.4461675828922, 151.93827632284624, -28.0, 8.0], [28.967366475667408, 166.2776872316224, -28.0, 8.0], [8.488565368442611, 180.61709814039855, -28.0, 8.0]],