{"name": "Road271", "members_distance": null, "m1": {"control_nodes": [[125.0, 0.0, -28.0, 8.0], [125.0, 25.0, -28.0, 8.0], [125.0, 50.0, -28.0, 8.0], [117.69070738193159, 68.90761889907589, -28.0, 8.0], [105.0747315065559, 94.87438309771149, -28.0, 8.0], [81.79088896607664, 111.92434209927396, -28.0, 8.0], [65.45137830364659, 119.88354083790647, -28.0, 8.0], [41.25017589973594, 134.1315224437366, -28.0, 8.0], [24.848700174973263, 152.9992619493059, -28.0, 8.0], [23.97621275741074, 177.98403262478328, -28.0, 8.0], [23.103725339848214, 202.96880330026067, -28.0, 8.0]], "sample_nodes": [[125.0, 25.0, -28.0, 8.0], [125.0468711875961, 27.80088979738693, -28.0, 8.0], [125.16404915658633, 30.63644762418757, -28.0, 8.0], [125.31638051627363, 33.48933946569508, -28.0, 8.0], [125.4687118759609, 36.3422313072026, -28.0, 8.0], [125.58588984495114, 39.17778913400325, -28.0, 8.0], [125.63276103254722, 41.97867893139018, -28.0, 8.0], [125.57417204805212, 44.727566684656516, -28.0, 8.0], [125.37496950076874, 47.407118379095415, -28.0, 8.0], [125.0, 50.0, -28.0, 8.0], [124.50822280307908, 52.23650326144713, -28.0, 8.0], [123.89840841258282, 54.38133051202611, -28.0, 8.0], [123.18681922283182, 56.45923682241911, -28.0, 8.0], [122.38971762814671, 58.49497726330838, -28.0, 8.0], [121.52336602284817, 60.51330690537611, -28.0, 8.0], [120.60402680125674, 62.53898081930451, -28.0, 8.0], [119.64796235769307, 64.5967540757758, -28.0, 8.0], [118.67143508647781, 66.71138174547218, -28.0, 8.0], [117.69070738193159, 68.90761889907589, -28.0, 8.0], [116.53345799918915, 71.6791892345558, -28.0, 8.0], [115.37688190129904, 74.60032073992663, -28.0, 8.0], [114.19449135391149, 77.6190899516555, -28.0, 8.0], [112.95979862267683, 80.68357340620966, -28.0, 8.0], [111.64631597324528, 83.74184764005628, -28.0, 8.0], [110.22755567126713, 86.74198918966256, -28.0, 8.0], [108.67702998239267, 89.63207459149574, -28.0, 8.0], [106.96825117227215, 92.36018038202295, -28.0, 8.0], [105.0747315065559, 94.87438309771149, -28.0, 8.0], [102.93948313878883, 97.20294849002354, -28.0, 8.0], [100.55997548824018, 99.41258519556432, -28.0, 8.0], [97.99247911383327, 101.50774920474473, -28.0, 8.0], [95.2932645744915, 103.49289650797576, -28.0, 8.0], [92.51860242913823, 105.37248309566837, -28.0, 8.0], [89.72476323669673, 107.15096495823354, -28.0, 8.0], [86.96801755609042, 108.8327980860822, -28.0, 8.0], [84.3046359462426, 110.42243846962535, -28.0, 8.0], [81.79088896607664, 111.92434209927396, -28.0, 8.0], [79.90763762300486, 113.007979720469, -28.0, 8.0], [78.08628771762483, 113.96446489016454, -28.0, 8.0], [76.30756900789268, 114.82693985123993, -28.0, 8.0], [74.55221125176449, 115.6285468465743, -28.0, 8.0], [72.80094420719637, 116.40242811904702, -28.0, 8.0], [71.03449763214441, 117.18172591153736, -28.0, 8.0], [69.23360128456473, 117.9995824669245, -28.0, 8.0], [67.37898492241341, 118.88914002808778, -28.0, 8.0], [65.4513783036466, 119.88354083790648, -28.0, 8.0], [62.91312888744453, 121.2223415594253, -28.0, 8.0], [60.22841733018894, 122.61174590471242, -28.0, 8.0], [57.443858863068314, 124.05624250063101, -28.0, 8.0], [54.6060687172712, 125.56031997404409, -28.0, 8.0], [51.76166212398609, 127.12846695181483, -28.0, 8.0], [48.9572543144015, 128.76517206080632, -28.0, 8.0], [46.239460519705936, 130.47492392788172, -28.0, 8.0], [43.654895971087925, 132.2622111799041, -28.0, 8.0], [41.250175899735936, 134.13152244373657, -28.0, 8.0], [39.068438571454635, 135.9631719650827, -28.0, 8.0], [36.887395671575035, 137.8528514987972, -28.0, 8.0], [34.745251495422224, 139.80405882307286, -28.0, 8.0], [32.68021033832132, 141.8202917161025, -28.0, 8.0], [30.730476495597372, 143.90504795607873, -28.0, 8.0], [28.934254262575507, 146.06182532119448, -28.0, 8.0], [27.329747934580812, 148.29412158964243, -28.0, 8.0], [25.955161806938367, 150.60543453961532, -28.0, 8.0], [24.848700174973263, 152.9992619493059, -28.0, 8.0], [24.070100577369743, 155.50683592362225, -28.0, 8.0], [23.611027488144813, 158.14027473682555, -28.0, 8.0], [23.407575605622775, 160.87440542113848, -28.0, 8.0], [23.395839628127902, 163.68405500878362, -28.0, 8.0], [23.511914253984468, 166.54405053198354, -28.0, 8.0], [23.691894181516762, 169.42921902296092, -28.0, 8.0], [23.871874109049052, 172.31438751393824, -28.0, 8.0], [23.98794873490562, 175.17438303713817, -28.0, 8.0], [23.976212757410742, 177.9840326247833, -28.0, 8.0]], "num_spline_nodes": 10, "road_bbox_size": [0.0, 0.0, 250.0, 250.0], "distance_to_boundary": -0.04695728558934631}, "seed": {"control_nodes": [[125.0, 0.0, -28.0, 8.0], [125.0, 25.0, -28.0, 8.0], [125.0, 50.0, -28.0, 8.0], [117.69070738193159, 73.90761889907589, -28.0, 8.0], [104.0747315065559, 94.87438309771149, -28.0, 8.0], [85.79088896607664, 111.92434209927396, -28.0, 8.0], [62.45137830364659, 120.88354083790647, -28.0, 8.0], [41.25017589973594, 134.1315224437366, -28.0, 8.0], [24.848700174973263, 152.9992619493059, -28.0, 8.0], [23.97621275741074, 177.98403262478328, -28.0, 8.0], [23.103725339848214, 202.96880330026067, -28.0, 8.0]],