{"name": "Road867", "members_distance": null, "m1": {"control_nodes": [[125.0, 0.0, -28.0, 8.0], [125.0, 25.0, -28.0, 8.0], [125.0, 50.0, -28.0, 8.0], [115.69070738193159, 68.90761889907589, -28.0, 8.0], [108.51181381324014, 98.81248635136953, -28.0, 8.0], [108.46508022811146, 119.62614014240258, -28.0, 8.0], [93.77044892079964, 143.85156500177627, -28.0, 8.0], [74.4309382583696, 152.81076374040876, -28.0, 8.0], [49.4461675828922, 151.93827632284624, -28.0, 8.0], [28.967366475667408, 166.2776872316224, -28.0, 8.0], [8.488565368442611, 180.61709814039855, -28.0, 8.0]], "sample_nodes": [[125.0, 25.0, -28.0, 8.0], [125.0580070499911, 27.802990069313303, -28.0, 8.0], [125.2030246749689, 30.643798575929885, -28.0, 8.0], [125.39154758744002, 33.50351630119811, -28.0, 8.0], [125.5800704999111, 36.36323402646636, -28.0, 8.0], [125.72508812488888, 39.20404253308294, -28.0, 8.0], [125.78309517487997, 42.00703260239624, -28.0, 8.0], [125.71058636239113, 44.75329501575461, -28.0, 8.0], [125.46405639992886, 47.42392055450641, -28.0, 8.0], [125.0, 50.0, -28.0, 8.0], [124.34010418423462, 52.241814581666475, -28.0, 8.0], [123.47173466589953, 54.360329303007504, -28.0, 8.0], [122.44411552852247, 56.39328324302061, -28.0, 8.0], [121.3064708556312, 58.37841548070337, -28.0, 8.0], [120.10802473075341, 60.353465095053316, -28.0, 8.0], [118.89800123741678, 62.35617116506798, -28.0, 8.0], [117.72562445914915, 64.42427276974495, -28.0, 8.0], [116.64011847947815, 66.59550898808172, -28.0, 8.0], [115.69070738193159, 68.90761889907589, -28.0, 8.0], [114.65483997822666, 71.91879690642475, -28.0, 8.0], [113.64621293837078, 75.13060928532079, -28.0, 8.0], [112.67867459529361, 78.49045398826944, -28.0, 8.0], [111.76607328192475, 81.94572896777612, -28.0, 8.0], [110.92225733119369, 85.44383217634626, -28.0, 8.0], [110.16107507603013, 88.93216156648523, -28.0, 8.0], [109.49637484936363, 92.35811509069852, -28.0, 8.0], [108.94200498412374, 95.66909070149146, -28.0, 8.0], [108.51181381324014, 98.81248635136953, -28.0, 8.0], [108.33800781805702, 101.27546484030822, -28.0, 8.0], [108.36835479213346, 103.66846993856262, -28.0, 8.0], [108.53342632449545, 106.0053812825044, -28.0, 8.0], [108.76379400416873, 108.30007850850518, -28.0, 8.0], [108.9900294201793, 110.56644125293667, -28.0, 8.0], [109.14270416155294, 112.81834915217047, -28.0, 8.0], [109.15238981731558, 115.06968184257829, -28.0, 8.0], [108.94965797649313, 117.33431896053177, -28.0, 8.0], [108.46508022811146, 119.62614014240258, -28.0, 8.0], [107.56912190520104, 122.40230077506585, -28.0, 8.0], [106.41576982964062, 125.29965030754738, -28.0, 8.0], [105.03639505731458, 128.25720277284654, -28.0, 8.0], [103.46236864410716, 131.21397220396267, -28.0, 8.0], [101.72506164590267, 134.10897263389518, -28.0, 8.0], [99.85584511858539, 136.88121809564342, -28.0, 8.0], [97.88609011803959, 139.4697226222068, -28.0, 8.0], [95.84716770014957, 141.8135002465846, -28.0, 8.0], [93.77044892079964, 143.85156500177627, -28.0, 8.0], [91.91016969760467, 145.3899173800041, -28.0, 8.0], [89.95331675201177, 146.77507165243833, -28.0, 8.0], [87.91036218345732, 148.0145178088783, -28.0, 8.0], [85.79177809137758, 149.11574583912358, -28.0, 8.0], [83.60803657520883, 150.0862457329735, -28.0, 8.0], [81.36960973438735, 150.93350748022752, -28.0, 8.0], [79.08696966834947, 151.66502107068513, -28.0, 8.0], [76.77058847653146, 152.28827649414572, -28.0, 8.0], [74.4309382583696, 152.8107637404088, -28.0, 8.0], [71.81451793321018, 153.11307636537174, -28.0, 8.0], [69.07457889893357, 153.06391183221805, -28.0, 8.0], [66.24695074814895, 152.77112581535204, -28.0, 8.0], [63.36746307346564, 152.34257398917828, -28.0, 8.0], [60.47194546749287, 151.88611202810102, -28.0, 8.0], [57.59622752283988, 151.50959560652478, -28.0, 8.0], [54.77613883211593, 151.32088039885397, -28.0, 8.0], [52.0475089879303, 151.42782207949298, -28.0, 8.0], [49.4461675828922, 151.93827632284624, -28.0, 8.0], [46.972952334786186, 152.86380655215768, -28.0, 8.0], [44.59245250989524, 154.1023388046448, -28.0, 8.0], [42.286125023576346, 155.59127267567246, -28.0, 8.0], [40.035426791186495, 157.2680077606056, -28.0, 8.0], [37.82181472808268, 159.06994365480892, -28.0, 8.0], [35.62674574962186, 160.93447995364744, -28.0, 8.0], [33.43167677116107, 162.79901625248596, -28.0, 8.0], [31.218064708057256, 164.60095214668934, -28.0, 8.0], [28.967366475667408, 166.2776872316224, -28.0, 8.0]], "num_spline_nodes": 10, "road_bbox_size": [0.0, 0.0, 250.0, 250.0], "distance_to_boundary": -0.4084947935297283}, "seed": {"control_nodes": [[125.0, 0.0, -28.0, 8.0], [125.0, 25.0, -28.0, 8.0], [125.0, 50.0, -28.0, 8.0], [117.69070738193159, 73.90761889907589, -28.0, 8.0], [115.51181381324014, 98.81248635136953, -28.0, 8.0], [112.46508022811146, 123.62614014240258, -28.0, 8.0], [97.77044892079964, 143.85156500177627, -28.0, 8.0], [74.4309382583696, 152.81076374040876, -28.0, 8.0], [49.4461675828922, 151.93827632284624, -28.0, 8.0], [28.967366475667408, 166.2776872316224, -28.0, 8.0], [8.488565368442611, 180.61709814039855, -28.0, 8.0]],