{"name": "Road946", "members_distance": null, "m1": {"control_nodes": [[125.0, 0.0, -28.0, 8.0], [125.0, 25.0, -28.0, 8.0], [125.0, 50.0, -28.0, 8.0], [116.69070738193159, 87.90761889907589, -28.0, 8.0], [115.51181381324014, 97.81248635136953, -28.0, 8.0], [110.46508022811146, 116.62614014240258, -28.0, 8.0], [91.77044892079964, 143.85156500177627, -28.0, 8.0], [74.4309382583696, 152.81076374040876, -28.0, 8.0], [49.4461675828922, 151.93827632284624, -28.0, 8.0], [28.967366475667408, 166.2776872316224, -28.0, 8.0], [8.488565368442611, 180.61709814039855, -28.0, 8.0]], "sample_nodes": [[125.0, 25.0, -28.0, 8.0], [125.03258701551931, 27.75126774889648, -28.0, 8.0], [125.11405455431762, 30.462770454471013, -28.0, 8.0], [125.2199623547554, 33.15439063838457, -28.0, 8.0], [125.32587015519317, 35.84601082229814, -28.0, 8.0], [125.40733769399145, 38.55751352787267, -28.0, 8.0], [125.43992470951076, 41.30878127676915, -28.0, 8.0], [125.39919094011164, 44.11969659064855, -28.0, 8.0], [125.26069612415452, 47.01014199117184, -28.0, 8.0], [125.0, 50.0, -28.0, 8.0], [124.43784949205251, 54.01652111877896, -28.0, 8.0], [123.62064173663077, 58.38802595969895, -28.0, 8.0], [122.61899724400295, 62.983318270771726, -28.0, 8.0], [121.50353652443738, 67.67120180000904, -28.0, 8.0], [120.3448800882023, 72.32048029542273, -28.0, 8.0], [119.21364844556592, 76.79995750502448, -28.0, 8.0], [118.18046210679651, 80.97843717682608, -28.0, 8.0], [117.3159415821623, 84.72472305883927, -28.0, 8.0], [116.69070738193159, 87.90761889907589, -28.0, 8.0], [116.48125136457492, 89.2669509597474, -28.0, 8.0], [116.33049861615527, 90.47290919638303, -28.0, 8.0], [116.22169786174152, 91.56349761578689, -28.0, 8.0], [116.13809782640257, 92.57672022476301, -28.0, 8.0], [116.06294723520725, 93.55058103011544, -28.0, 8.0], [115.9794948132245, 94.52308403864825, -28.0, 8.0], [115.87098928552315, 95.5322332571655, -28.0, 8.0], [115.72067937717208, 96.61603269247124, -28.0, 8.0], [115.51181381324014, 97.81248635136953, -28.0, 8.0], [115.16939917230572, 99.63845947074536, -28.0, 8.0], [114.81201820043215, 101.5687233596346, -28.0, 8.0], [114.42269216068004, 103.58691406582497, -28.0, 8.0], [113.98444231611, 105.67666763710415, -28.0, 8.0], [113.48028992978263, 107.8216201212599, -28.0, 8.0], [112.89325626475846, 110.00540756607988, -28.0, 8.0], [112.20636258409819, 112.21166601935187, -28.0, 8.0], [111.4026301508623, 114.4240315288635, -28.0, 8.0], [110.46508022811145, 116.62614014240255, -28.0, 8.0], [109.01384822618635, 119.61233232375898, -28.0, 8.0], [107.31636359245535, 122.80693641228935, -28.0, 8.0], [105.41109717757347, 126.12479605762348, -28.0, 8.0], [103.33651983219585, 129.4807549093912, -28.0, 8.0], [101.13110240697756, 132.7896566172223, -28.0, 8.0], [98.83331575257368, 135.96634483074652, -28.0, 8.0], [96.48163071963934, 138.92566319959374, -28.0, 8.0], [94.11451815882964, 141.58245537339374, -28.0, 8.0], [91.77044892079962, 143.85156500177624, -28.0, 8.0], [89.98147041001987, 145.35386293591932, -28.0, 8.0], [88.17597653149379, 146.71719550128205, -28.0, 8.0], [86.34629882300061, 147.9468159193815, -28.0, 8.0], [84.4847688223196, 149.0479774117349, -28.0, 8.0], [82.58371806722994, 150.02593319985925, -28.0, 8.0], [80.63547809551088, 150.8859365052717, -28.0, 8.0], [78.63238044494166, 151.63324054948936, -28.0, 8.0], [76.56675665330147, 152.27309855402933, -28.0, 8.0], [74.4309382583696, 152.81076374040876, -28.0, 8.0], [71.87997006746981, 153.14362636011134, -28.0, 8.0], [69.17480247951859, 153.11069151166308, -28.0, 8.0], [66.35740122471205, 152.82267893147514, -28.0, 8.0], [63.46973203324629, 152.3903083559589, -28.0, 8.0], [60.55376063531739, 151.92429952152554, -28.0, 8.0], [57.65145276112143, 151.5353721645863, -28.0, 8.0], [54.80477414085451, 151.33424602155256, -28.0, 8.0], [52.05569050471275, 151.43164082883544, -28.0, 8.0], [49.4461675828922, 151.93827632284624, -28.0, 8.0], [46.972952334786186, 152.86380655215768, -28.0, 8.0], [44.59245250989524, 154.1023388046448, -28.0, 8.0], [42.286125023576346, 155.59127267567246, -28.0, 8.0], [40.035426791186495, 157.2680077606056, -28.0, 8.0], [37.82181472808268, 159.06994365480892, -28.0, 8.0], [35.62674574962186, 160.93447995364744, -28.0, 8.0], [33.43167677116107, 162.79901625248596, -28.0, 8.0], [31.218064708057256, 164.60095214668934, -28.0, 8.0], [28.967366475667408, 166.2776872316224, -28.0, 8.0]], "num_spline_nodes": 10, "road_bbox_size": [0.0, 0.0, 250.0, 250.0], "distance_to_boundary": -0.4231999879775237}, "seed": {"control_nodes": [[125.0, 0.0, -28.0, 8.0], [125.0, 25.0, -28.0, 8.0], [125.0, 50.0, -28.0, 8.0], [117.69070738193159, 73.90761889907589, -28.0, 8.0], [115.51181381324014, 98.81248635136953, -28.0, 8.0], [112.46508022811146, 123.62614014240258, -28.0, 8.0], [97.77044892079964, 143.85156500177627, -28.0, 8.0], [74.4309382583696, 152.81076374040876, -28.0, 8.0], [49.4461675828922, 151.93827632284624, -28.0, 8.0], [28.967366475667408, 166.2776872316224, -28.0, 8.0], [8.488565368442611, 180.61709814039855, -28.0, 8.0]],