{"name": "Road174", "members_distance": null, "m1": {"control_nodes": [[125.0, 0.0, -28.0, 8.0], [125.0, 25.0, -28.0, 8.0], [125.0, 50.0, -28.0, 8.0], [117.69070738193159, 74.90761889907589, -28.0, 8.0], [105.0747315065559, 94.87438309771149, -28.0, 8.0], [85.79088896607664, 111.92434209927396, -28.0, 8.0], [62.45137830364659, 120.88354083790647, -28.0, 8.0], [41.25017589973594, 134.1315224437366, -28.0, 8.0], [24.848700174973263, 152.9992619493059, -28.0, 8.0], [23.97621275741074, 177.98403262478328, -28.0, 8.0], [23.103725339848214, 202.96880330026067, -28.0, 8.0]], "sample_nodes": [[125.0, 25.0, -28.0, 8.0], [125.03898888528481, 27.780801465221828, -28.0, 8.0], [125.13646109849682, 30.566138461609725, -28.0, 8.0], [125.26317497567243, 33.35374322358066, -28.0, 8.0], [125.38988885284806, 36.14134798555161, -28.0, 8.0], [125.48736106606006, 38.926684981939516, -28.0, 8.0], [125.52634995134483, 41.70748644716133, -28.0, 8.0], [125.47761384473887, 44.48148461563405, -28.0, 8.0], [125.31191108227843, 47.246411721774614, -28.0, 8.0], [125.0, 50.0, -28.0, 8.0], [124.5449506805789, 52.81495709624599, -28.0, 8.0], [123.9879377185326, 55.651632119477085, -28.0, 8.0], [123.3343997137566, 58.49563411328133, -28.0, 8.0], [122.58977526614655, 61.332572121246834, -28.0, 8.0], [121.75950297559805, 64.14805518696168, -28.0, 8.0], [120.84902144200672, 66.92769235401391, -28.0, 8.0], [119.86376926526812, 69.65709266599166, -28.0, 8.0], [118.80918504527789, 72.32186516648295, -28.0, 8.0], [117.69070738193159, 74.90761889907589, -28.0, 8.0], [116.56226442095415, 77.3081846711154, -28.0, 8.0], [115.36759549262814, 79.66183985591266, -28.0, 8.0], [114.10579756835796, 81.9691850890748, -28.0, 8.0], [112.77596761954803, 84.23082100620903, -28.0, 8.0], [111.37720261760273, 86.44734824292246, -28.0, 8.0], [109.90859953392643, 88.61936743482227, -28.0, 8.0], [108.36925533992364, 90.74747921751559, -28.0, 8.0], [106.75826700699864, 92.83228422660963, -28.0, 8.0], [105.0747315065559, 94.8743830977115, -28.0, 8.0], [103.23051492026724, 96.9829532487748, -28.0, 8.0], [101.29427215626005, 99.07775467691818, -28.0, 8.0], [99.27346808517703, 101.14174573532152, -28.0, 8.0], [97.1755675776609, 103.15788477716471, -28.0, 8.0], [95.00803550435427, 105.10913015562761, -28.0, 8.0], [92.77833673589987, 106.9784402238901, -28.0, 8.0], [90.49393614294034, 108.74877333513209, -28.0, 8.0], [88.16229859611836, 110.40308784253342, -28.0, 8.0], [85.79088896607664, 111.92434209927397, -28.0, 8.0], [83.37477813325764, 113.23807179550485, -28.0, 8.0], [80.85252073068884, 114.35628618637826, -28.0, 8.0], [78.250625845798, 115.328677920292, -28.0, 8.0], [75.59560256601291, 116.20493964564412, -28.0, 8.0], [72.9139599787614, 117.03476401083246, -28.0, 8.0], [70.2322071714712, 117.8678436642549, -28.0, 8.0], [67.57685323157015, 118.75387125430949, -28.0, 8.0], [64.97440724648602, 119.74253942939404, -28.0, 8.0], [62.45137830364659, 120.88354083790647, -28.0, 8.0], [59.97549055919396, 122.13644402957036, -28.0, 8.0], [57.50409700377136, 123.43134063084948, -28.0, 8.0], [55.04814997655835, 124.77370790525228, -28.0, 8.0], [52.618601816734476, 126.16902311628715, -28.0, 8.0], [50.22640486347926, 127.6227635274625, -28.0, 8.0], [47.88251145597225, 129.1404064022867, -28.0, 8.0], [45.59787393339302, 130.7274290042682, -28.0, 8.0], [43.38344463492106, 132.38930859691536, -28.0, 8.0], [41.25017589973594, 134.1315224437366, -28.0, 8.0], [39.13189504834046, 135.94769051298192, -28.0, 8.0], [36.98456340180645, 137.82914552526788, -28.0, 8.0], [34.852334300167044, 139.77793387265277, -28.0, 8.0], [32.779361083455406, 141.79610194719498, -28.0, 8.0], [30.80979709170465, 143.8856961409528, -28.0, 8.0], [28.98779566494792, 146.04876284598444, -28.0, 8.0], [27.35751014321836, 148.28734845434832, -28.0, 8.0], [25.963093866549094, 150.6034993581027, -28.0, 8.0], [24.848700174973263, 152.9992619493059, -28.0, 8.0], [24.070100577369743, 155.50683592362225, -28.0, 8.0], [23.611027488144813, 158.14027473682555, -28.0, 8.0], [23.407575605622775, 160.87440542113848, -28.0, 8.0], [23.395839628127902, 163.68405500878362, -28.0, 8.0], [23.511914253984468, 166.54405053198354, -28.0, 8.0], [23.691894181516762, 169.42921902296092, -28.0, 8.0], [23.871874109049052, 172.31438751393824, -28.0, 8.0], [23.98794873490562, 175.17438303713817, -28.0, 8.0], [23.976212757410742, 177.9840326247833, -28.0, 8.0]], "num_spline_nodes": 10, "road_bbox_size": [0.0, 0.0, 250.0, 250.0], "distance_to_boundary": -0.17053910406691175}, "seed": {"control_nodes": [[125.0, 0.0, -28.0, 8.0], [125.0, 25.0, -28.0, 8.0], [125.0, 50.0, -28.0, 8.0], [117.69070738193159, 73.90761889907589, -28.0, 8.0], [104.0747315065559, 94.87438309771149, -28.0, 8.0], [85.79088896607664, 111.92434209927396, -28.0, 8.0], [62.45137830364659, 120.88354083790647, -28.0, 8.0], [41.25017589973594, 134.1315224437366, -28.0, 8.0], [24.848700174973263, 152.9992619493059, -28.0, 8.0], [23.97621275741074, 177.98403262478328, -28.0, 8.0], [23.103725339848214, 202.96880330026067, -28.0, 8.0]],