{"name": "Road806", "members_distance": null, "m1": {"control_nodes": [[125.0, 0.0, -28.0, 8.0], [125.0, 25.0, -28.0, 8.0], [125.0, 50.0, -28.0, 8.0], [116.69070738193159, 76.90761889907589, -28.0, 8.0], [115.51181381324014, 96.81248635136953, -28.0, 8.0], [108.46508022811146, 116.62614014240258, -28.0, 8.0], [94.77044892079964, 143.85156500177627, -28.0, 8.0], [74.4309382583696, 152.81076374040876, -28.0, 8.0], [49.4461675828922, 151.93827632284624, -28.0, 8.0], [28.967366475667408, 166.2776872316224, -28.0, 8.0], [8.488565368442611, 180.61709814039855, -28.0, 8.0]], "sample_nodes": [[125.0, 25.0, -28.0, 8.0], [125.04167911279951, 27.775901996365803, -28.0, 8.0], [125.14587689479833, 30.54899032061364, -28.0, 8.0], [125.28133401139678, 33.3206718088025, -28.0, 8.0], [125.4167911279952, 36.09235329699136, -28.0, 8.0], [125.52098890999403, 38.865441621239206, -28.0, 8.0], [125.5626680227935, 41.641343617605, -28.0, 8.0], [125.51056913179414, 44.42146612214775, -28.0, 8.0], [125.33343290239617, 47.20721597092643, -28.0, 8.0], [125.0, 50.0, -28.0, 8.0], [124.41117370717183, 52.99221394850138, -28.0, 8.0], [123.58453258333176, 56.02142518404651, -28.0, 8.0], [122.58616565150133, 59.07151217126616, -28.0, 8.0], [121.48216193470222, 62.126353374791215, -28.0, 8.0], [120.33861045595599, 65.16982725925246, -28.0, 8.0], [119.22160023828422, 68.18581228928072, -28.0, 8.0], [118.19722030470848, 71.15818692950684, -28.0, 8.0], [117.33155967825041, 74.07082964456163, -28.0, 8.0], [116.69070738193159, 76.90761889907589, -28.0, 8.0], [116.35728742329556, 79.23237091344308, -28.0, 8.0], [116.17932951612671, 81.5106239227383, -28.0, 8.0], [116.11189618668953, 83.75018820678991, -28.0, 8.0], [116.11004996124848, 85.95887404542617, -28.0, 8.0], [116.12885336606794, 88.1444917184755, -28.0, 8.0], [116.1233689274124, 90.31485150576617, -28.0, 8.0], [116.04865917154628, 92.4777636871265, -28.0, 8.0], [115.85978662473403, 94.64103854238485, -28.0, 8.0], [115.51181381324014, 96.81248635136953, -28.0, 8.0], [115.00998624677622, 99.02797768876543, -28.0, 8.0], [114.4188139341648, 101.20944811723398, -28.0, 8.0], [113.74646503462438, 103.36998078529726, -28.0, 8.0], [113.00110770737354, 105.52265884147738, -28.0, 8.0], [112.19091011163076, 107.68056543429637, -28.0, 8.0], [111.32404040661464, 109.8567837122763, -28.0, 8.0], [110.40866675154368, 112.06439682393925, -28.0, 8.0], [109.45295730563646, 114.31648791780734, -28.0, 8.0], [108.46508022811147, 116.62614014240259, -28.0, 8.0], [107.25329752364335, 119.58847229622458, -28.0, 8.0], [106.01423891412298, 122.77521163371422, -28.0, 8.0], [104.7263966092502, 126.09690311752551, -28.0, 8.0], [103.36826281872476, 129.46409171031257, -28.0, 8.0], [101.91832975224641, 132.78732237472943, -28.0, 8.0], [100.35508961951496, 135.97714007343012, -28.0, 8.0], [98.65703463023016, 138.94408976906885, -28.0, 8.0], [96.80265699409178, 141.59871642429954, -28.0, 8.0], [94.77044892079964, 143.85156500177627, -28.0, 8.0], [92.8772150317853, 145.4770212270207, -28.0, 8.0], [90.84582499433316, 146.9097309025223, -28.0, 8.0], [88.69619804275823, 148.16480079616417, -28.0, 8.0], [86.4482534113755, 149.25733767582926, -28.0, 8.0], [84.12191033449994, 150.2024483094006, -28.0, 8.0], [81.73708804644659, 151.01523946476118, -28.0, 8.0], [79.31370578153042, 151.71081790979406, -28.0, 8.0], [76.8716827740664, 152.30429041238222, -28.0, 8.0], [74.4309382583696, 152.81076374040876, -28.0, 8.0], [71.78434722294583, 153.09913988822845, -28.0, 8.0], [69.02837999884125, 153.0425716015924, -28.0, 8.0], [66.19603767457784, 152.74760801017277, -28.0, 8.0], [63.32032133867757, 152.32079824364192, -28.0, 8.0], [60.43423207966242, 151.86869143167195, -28.0, 8.0], [57.57077098605433, 151.49783670393515, -28.0, 8.0], [54.762939146375274, 151.3147831901038, -28.0, 8.0], [52.04373764914725, 151.42608001985008, -28.0, 8.0], [49.4461675828922, 151.93827632284624, -28.0, 8.0], [46.972952334786186, 152.86380655215768, -28.0, 8.0], [44.59245250989524, 154.1023388046448, -28.0, 8.0], [42.286125023576346, 155.59127267567246, -28.0, 8.0], [40.035426791186495, 157.2680077606056, -28.0, 8.0], [37.82181472808268, 159.06994365480892, -28.0, 8.0], [35.62674574962186, 160.93447995364744, -28.0, 8.0], [33.43167677116107, 162.79901625248596, -28.0, 8.0], [31.218064708057256, 164.60095214668934, -28.0, 8.0], [28.967366475667408, 166.2776872316224, -28.0, 8.0]], "num_spline_nodes": 10, "road_bbox_size": [0.0, 0.0, 250.0, 250.0], "distance_to_boundary": -0.4481965069521614}, "seed": {"control_nodes": [[125.0, 0.0, -28.0, 8.0], [125.0, 25.0, -28.0, 8.0], [125.0, 50.0, -28.0, 8.0], [117.69070738193159, 73.90761889907589, -28.0, 8.0], [115.51181381324014, 98.81248635136953, -28.0, 8.0], [112.46508022811146, 123.62614014240258, -28.0, 8.0], [97.77044892079964, 143.85156500177627, -28.0, 8.0], [74.4309382583696, 152.81076374040876, -28.0, 8.0], [49.4461675828922, 151.93827632284624, -28.0, 8.0], [28.967366475667408, 166.2776872316224, -28.0, 8.0], [8.488565368442611, 180.61709814039855, -28.0, 8.0]],