{"name": "Road765", "members_distance": null, "m1": {"control_nodes": [[125.0, 0.0, -28.0, 8.0], [125.0, 25.0, -28.0, 8.0], [125.0, 50.0, -28.0, 8.0], [116.69070738193159, 71.90761889907589, -28.0, 8.0], [116.51181381324014, 100.81248635136953, -28.0, 8.0], [108.46508022811146, 116.62614014240258, -28.0, 8.0], [88.77044892079964, 143.85156500177627, -28.0, 8.0], [74.4309382583696, 152.81076374040876, -28.0, 8.0], [49.4461675828922, 151.93827632284624, -28.0, 8.0], [28.967366475667408, 166.2776872316224, -28.0, 8.0], [8.488565368442611, 180.61709814039855, -28.0, 8.0]], "sample_nodes": [[125.0, 25.0, -28.0, 8.0], [125.04785842140151, 27.79099559936138, -28.0, 8.0], [125.1675044749053, 30.601817931098147, -28.0, 8.0], [125.3230443444602, 33.42255362902262, -28.0, 8.0], [125.47858421401509, 36.24328932694711, -28.0, 8.0], [125.59823026751889, 39.05411165868389, -28.0, 8.0], [125.64608868892037, 41.845107258045246, -28.0, 8.0], [125.58626566216851, 44.60636275884354, -28.0, 8.0], [125.3828673712121, 47.327964794891024, -28.0, 8.0], [125.0, 50.0, -28.0, 8.0], [124.39321204098904, 52.51188272494859, -28.0, 8.0], [123.55467594054733, 54.945208653782814, -28.0, 8.0], [122.54980517610988, 57.32531967977238, -28.0, 8.0], [121.44401322511169, 59.67755769618702, -28.0, 8.0], [120.30271356498756, 62.02726459629642, -28.0, 8.0], [119.19131967317253, 64.39978227337029, -28.0, 8.0], [118.1752450271016, 66.82045262067837, -28.0, 8.0], [117.3199031042096, 69.31461753149031, -28.0, 8.0], [116.69070738193159, 71.90761889907589, -28.0, 8.0], [116.31481982013902, 74.96171629336055, -28.0, 8.0], [116.22806174393824, 78.19531227977828, -28.0, 8.0], [116.34466449864047, 81.54835973436408, -28.0, 8.0], [116.5788594295568, 84.96081153315299, -28.0, 8.0], [116.84487788199837, 88.37262055218, -28.0, 8.0], [117.05695120127635, 91.72373966748015, -28.0, 8.0], [117.12931073270187, 94.95412175508844, -28.0, 8.0], [116.9761878215861, 98.00371969103988, -28.0, 8.0], [116.51181381324014, 100.81248635136953, -28.0, 8.0], [115.95159422915462, 102.81473620100405, -28.0, 8.0], [115.29183725754156, 104.66596202376834, -28.0, 8.0], [114.53943085819422, 106.40461941622968, -28.0, 8.0], [113.70126299090586, 108.06916397495536, -28.0, 8.0], [112.78422161546966, 109.69805129651257, -28.0, 8.0], [111.79519469167889, 111.32973697746863, -28.0, 8.0], [110.74107017932675, 113.00267661439081, -28.0, 8.0], [109.62873603820655, 114.75532580384638, -28.0, 8.0], [108.46508022811147, 116.62614014240258, -28.0, 8.0], [106.71846260056618, 119.46710459704501, -28.0, 8.0], [104.77138381854411, 122.57883247881459, -28.0, 8.0], [102.66243351182811, 125.86500547093772, -28.0, 8.0], [100.43020131020108, 129.2293052566407, -28.0, 8.0], [98.11327684344579, 132.57541351914995, -28.0, 8.0], [95.75024974134514, 135.8070119416918, -28.0, 8.0], [93.37970963368201, 138.82778220749256, -28.0, 8.0], [91.04024615023921, 141.54140599977856, -28.0, 8.0], [88.77044892079962, 143.85156500177624, -28.0, 8.0], [87.2213539254754, 145.2721496027315, -28.0, 8.0], [85.71207159987406, 146.58780508216242, -28.0, 8.0], [84.22080537477497, 147.79795269846076, -28.0, 8.0], [82.72575868095748, 148.90201371001842, -28.0, 8.0], [81.20513494920087, 149.8994093752272, -28.0, 8.0], [79.63713761028446, 150.7895609524788, -28.0, 8.0], [77.99997009498755, 151.57188970016506, -28.0, 8.0], [76.2718358340895, 152.2458168766778, -28.0, 8.0], [74.4309382583696, 152.81076374040873, -28.0, 8.0], [71.99376527834265, 153.19719236001234, -28.0, 8.0], [69.34905139616761, 153.19271444901142, -28.0, 8.0], [66.54943064305996, 152.91307155630807, -28.0, 8.0], [63.64753705023509, 152.47400523080418, -28.0, 8.0], [60.69600464890842, 151.99125702140174, -28.0, 8.0], [57.74746747029538, 151.58056847700277, -28.0, 8.0], [54.85455954561138, 151.3576811465092, -28.0, 8.0], [52.06991490607185, 151.43833657882305, -28.0, 8.0], [49.44616758289221, 151.93827632284626, -28.0, 8.0], [46.972952334786186, 152.86380655215768, -28.0, 8.0], [44.59245250989524, 154.1023388046448, -28.0, 8.0], [42.286125023576346, 155.59127267567246, -28.0, 8.0], [40.035426791186495, 157.2680077606056, -28.0, 8.0], [37.82181472808268, 159.06994365480892, -28.0, 8.0], [35.62674574962186, 160.93447995364744, -28.0, 8.0], [33.43167677116107, 162.79901625248596, -28.0, 8.0], [31.218064708057256, 164.60095214668934, -28.0, 8.0], [28.967366475667408, 166.2776872316224, -28.0, 8.0]], "num_spline_nodes": 10, "road_bbox_size": [0.0, 0.0, 250.0, 250.0], "distance_to_boundary": -0.42815644841177214}, "seed": {"control_nodes": [[125.0, 0.0, -28.0, 8.0], [125.0, 25.0, -28.0, 8.0], [125.0, 50.0, -28.0, 8.0], [117.69070738193159, 73.90761889907589, -28.0, 8.0], [115.51181381324014, 98.81248635136953, -28.0, 8.0], [112.46508022811146, 123.62614014240258, -28.0, 8.0], [97.77044892079964, 143.85156500177627, -28.0, 8.0], [74.4309382583696, 152.81076374040876, -28.0, 8.0], [49.4461675828922, 151.93827632284624, -28.0, 8.0], [28.967366475667408, 166.2776872316224, -28.0, 8.0], [8.488565368442611, 180.61709814039855, -28.0, 8.0]],