{"name": "Road622", "members_distance": null, "m1": {"control_nodes": [[125.0, 0.0, -28.0, 8.0], [125.0, 25.0, -28.0, 8.0], [125.0, 50.0, -28.0, 8.0], [113.69070738193159, 73.90761889907589, -28.0, 8.0], [116.51181381324014, 98.81248635136953, -28.0, 8.0], [112.46508022811146, 123.62614014240258, -28.0, 8.0], [98.77044892079964, 143.85156500177627, -28.0, 8.0], [74.4309382583696, 152.81076374040876, -28.0, 8.0], [49.4461675828922, 151.93827632284624, -28.0, 8.0], [28.967366475667408, 166.2776872316224, -28.0, 8.0], [8.488565368442611, 180.61709814039855, -28.0, 8.0]], "sample_nodes": [[125.0, 25.0, -28.0, 8.0], [125.05948267498391, 27.78727658802979, -28.0, 8.0], [125.20818936244369, 30.588801391437592, -28.0, 8.0], [125.4015080561414, 33.39745030253441, -28.0, 8.0], [125.59482674983909, 36.206099213631234, -28.0, 8.0], [125.74353343729888, 39.00762401703904, -28.0, 8.0], [125.80301611228276, 41.79490060506882, -28.0, 8.0], [125.7286627685529, 44.56080487003159, -28.0, 8.0], [125.47586139987128, 47.298212704238324, -28.0, 8.0], [125.0, 50.0, -28.0, 8.0], [124.16782567029475, 52.7274766602948, -28.0, 8.0], [122.98117318581608, 55.40329623505827, -28.0, 8.0], [121.54648885514877, 58.041982343761276, -28.0, 8.0], [119.97021898687763, 60.658058605874615, -28.0, 8.0], [118.35880988958739, 63.26604864086916, -28.0, 8.0], [116.81870787186287, 65.88047606821571, -28.0, 8.0], [115.4563592422889, 68.51586450738513, -28.0, 8.0], [114.37821030945021, 71.18673757784823, -28.0, 8.0], [113.69070738193159, 73.90761889907589, -28.0, 8.0], [113.44283178190753, 76.60490630473932, -28.0, 8.0], [113.5321457611017, 79.33636555759855, -28.0, 8.0], [113.87428220022447, 82.09484301839501, -28.0, 8.0], [114.38487397998618, 84.87318504786998, -28.0, 8.0], [114.97955398109713, 87.66423800676482, -28.0, 8.0], [115.57395508426765, 90.46084825582085, -28.0, 8.0], [116.08371017020811, 93.25586215577943, -28.0, 8.0], [116.42445211962881, 96.04212606738186, -28.0, 8.0], [116.51181381324012, 98.81248635136953, -28.0, 8.0], [116.4184899734287, 101.59898355347514, -28.0, 8.0], [116.26528574998747, 104.4184086735184, -28.0, 8.0], [116.03968774748606, 107.25349711538415, -28.0, 8.0], [115.72918257049407, 110.08698428295725, -28.0, 8.0], [115.32125682358111, 112.90160558012255, -28.0, 8.0], [114.80339711131674, 115.68009641076486, -28.0, 8.0], [114.16309003827062, 118.40519217876907, -28.0, 8.0], [113.38782220901234, 121.05962828802002, -28.0, 8.0], [112.46508022811146, 123.62614014240258, -28.0, 8.0], [111.42007081068286, 126.12017443253194, -28.0, 8.0], [110.25725938537674, 128.6212327936433, -28.0, 8.0], [108.97606649663527, 131.09986581731835, -28.0, 8.0], [107.57591268890047, 133.5266240951387, -28.0, 8.0], [106.05621850661444, 135.87205821868588, -28.0, 8.0], [104.41640449421926, 138.1067187795417, -28.0, 8.0], [102.655891196157, 140.20115636928753, -28.0, 8.0], [100.77409915686975, 142.12592157950522, -28.0, 8.0], [98.77044892079962, 143.85156500177624, -28.0, 8.0], [96.52788931126254, 145.43096437303143, -28.0, 8.0], [94.0809334799082, 146.84400410702835, -28.0, 8.0], [91.46769797207976, 148.09941695779838, -28.0, 8.0], [88.7262993331204, 149.20593567937289, -28.0, 8.0], [85.89485410837321, 150.17229302578315, -28.0, 8.0], [83.01147884318141, 151.0072217510605, -28.0, 8.0], [80.11429008288809, 151.71945460923635, -28.0, 8.0], [77.24140437283643, 152.317724354342, -28.0, 8.0], [74.4309382583696, 152.81076374040873, -28.0, 8.0], [71.67747057078692, 153.0508607203824, -28.0, 8.0], [68.86472512522293, 152.96864412582812, -28.0, 8.0], [66.01568332405968, 152.66613691443254, -28.0, 8.0], [63.15332656967928, 152.24536204388238, -28.0, 8.0], [60.300636264463776, 151.8083424718643, -28.0, 8.0], [57.480593810795256, 151.45710115606505, -28.0, 8.0], [54.716180611055755, 151.29366105417114, -28.0, 8.0], [52.03037806762739, 151.4200451238693, -28.0, 8.0], [49.44616758289221, 151.93827632284626, -28.0, 8.0], [46.972952334786186, 152.86380655215768, -28.0, 8.0], [44.59245250989524, 154.1023388046448, -28.0, 8.0], [42.286125023576346, 155.59127267567246, -28.0, 8.0], [40.035426791186495, 157.2680077606056, -28.0, 8.0], [37.82181472808268, 159.06994365480892, -28.0, 8.0], [35.62674574962186, 160.93447995364744, -28.0, 8.0], [33.43167677116107, 162.79901625248596, -28.0, 8.0], [31.218064708057256, 164.60095214668934, -28.0, 8.0], [28.967366475667408, 166.2776872316224, -28.0, 8.0]], "num_spline_nodes": 10, "road_bbox_size": [0.0, 0.0, 250.0, 250.0], "distance_to_boundary": -0.35828875159986273}, "seed": {"control_nodes": [[125.0, 0.0, -28.0, 8.0], [125.0, 25.0, -28.0, 8.0], [125.0, 50.0, -28.0, 8.0], [117.69070738193159, 73.90761889907589, -28.0, 8.0], [115.51181381324014, 98.81248635136953, -28.0, 8.0], [112.46508022811146, 123.62614014240258, -28.0, 8.0], [97.77044892079964, 143.85156500177627, -28.0, 8.0], [74.4309382583696, 152.81076374040876, -28.0, 8.0], [49.4461675828922, 151.93827632284624, -28.0, 8.0], [28.967366475667408, 166.2776872316224, -28.0, 8.0], [8.488565368442611, 180.61709814039855, -28.0, 8.0]],