{"name": "Road657", "members_distance": null, "m1": {"control_nodes": [[125.0, 0.0, -28.0, 8.0], [125.0, 25.0, -28.0, 8.0], [125.0, 50.0, -28.0, 8.0], [114.69070738193159, 77.90761889907589, -28.0, 8.0], [115.51181381324014, 100.81248635136953, -28.0, 8.0], [112.46508022811146, 118.62614014240258, -28.0, 8.0], [100.77044892079964, 143.85156500177627, -28.0, 8.0], [74.4309382583696, 152.81076374040876, -28.0, 8.0], [49.4461675828922, 151.93827632284624, -28.0, 8.0], [28.967366475667408, 166.2776872316224, -28.0, 8.0], [8.488565368442611, 180.61709814039855, -28.0, 8.0]], "sample_nodes": [[125.0, 25.0, -28.0, 8.0], [125.049599859118, 27.77472065294875, -28.0, 8.0], [125.17359950691304, 30.544855618653948, -28.0, 8.0], [125.33479904904652, 33.31269774073738, -28.0, 8.0], [125.49599859118005, 36.08053986282082, -28.0, 8.0], [125.61999823897506, 38.850674828526024, -28.0, 8.0], [125.66959809809305, 41.62539548147477, -28.0, 8.0], [125.60759827419555, 44.40699466528883, -28.0, 8.0], [125.39679887294405, 47.19776522358999, -28.0, 8.0], [125.0, 50.0, -28.0, 8.0], [124.26101012295999, 53.08232925420383, -28.0, 8.0], [123.20209703951329, 56.19418248993533, -28.0, 8.0], [121.9168185080638, 59.324890567625985, -28.0, 8.0], [120.49873228701556, 62.46378434770732, -28.0, 8.0], [119.04139613477253, 65.60019469061078, -28.0, 8.0], [117.63836780973867, 68.72345245676787, -28.0, 8.0], [116.3832050703179, 71.82288850661013, -28.0, 8.0], [115.36946567491422, 74.88783370056893, -28.0, 8.0], [114.69070738193159, 77.90761889907589, -28.0, 8.0], [114.40163317137556, 80.53438604950557, -28.0, 8.0], [114.33948796367565, 83.15536318746791, -28.0, 8.0], [114.44776378530204, 85.76426940281111, -28.0, 8.0], [114.66995266272485, 88.35482378538342, -28.0, 8.0], [114.94954662241422, 90.92074542503306, -28.0, 8.0], [115.2300376908403, 93.45575341160824, -28.0, 8.0], [115.4549178944732, 95.95356683495724, -28.0, 8.0], [115.56767925978312, 98.40790478492828, -28.0, 8.0], [115.51181381324014, 100.81248635136953, -28.0, 8.0], [115.36045703661551, 102.8836991784192, -28.0, 8.0], [115.18290589218482, 104.8874909035419, -28.0, 8.0], [114.97033269715655, 106.84290793170143, -28.0, 8.0], [114.71390976873914, 108.7689966678615, -28.0, 8.0], [114.40480942414106, 110.68480351698594, -28.0, 8.0], [114.03420398057081, 112.6093748840385, -28.0, 8.0], [113.5932657552368, 114.56175717398293, -28.0, 8.0], [113.07316706534753, 116.56099679178303, -28.0, 8.0], [112.46508022811147, 118.62614014240259, -28.0, 8.0], [111.63071422510222, 121.36608595866934, -28.0, 8.0], [110.73645107573903, 124.31122452300573, -28.0, 8.0], [109.75813554178993, 127.38035313996492, -28.0, 8.0], [108.67161238502287, 130.49226911410005, -28.0, 8.0], [107.45272636720595, 133.56576974996432, -28.0, 8.0], [106.07732225010716, 136.5196523521109, -28.0, 8.0], [104.52124479549447, 139.27271422509295, -28.0, 8.0], [102.76033876513597, 141.7437526734637, -28.0, 8.0], [100.77044892079964, 143.85156500177627, -28.0, 8.0], [98.48672401191004, 145.61715758081684, -28.0, 8.0], [95.9018395007513, 147.13133013327206, -28.0, 8.0], [93.07598299683853, 148.41932059347945, -28.0, 8.0], [90.06934210968677, 149.5063668957763, -28.0, 8.0], [86.94210444881104, 150.41770697449988, -28.0, 8.0], [83.75445762372641, 151.17857876398762, -28.0, 8.0], [80.56658924394793, 151.81422019857675, -28.0, 8.0], [77.43868691899064, 152.34986921260472, -28.0, 8.0], [74.4309382583696, 152.81076374040873, -28.0, 8.0], [71.63083637520153, 153.0304605439212, -28.0, 8.0], [68.79331651323278, 152.93740635562193, -28.0, 8.0], [65.93698811900933, 152.6317116166543, -28.0, 8.0], [63.080460639077096, 152.21348676816183, -28.0, 8.0], [60.242343519982015, 151.78284225128783, -28.0, 8.0], [57.441246208270066, 151.43988850717588, -28.0, 8.0], [54.69577815048714, 151.28473597696933, -28.0, 8.0], [52.0245487931792, 151.41749510181165, -28.0, 8.0], [49.446167582892194, 151.9382763228462, -28.0, 8.0], [46.972952334786186, 152.86380655215768, -28.0, 8.0], [44.59245250989524, 154.1023388046448, -28.0, 8.0], [42.286125023576346, 155.59127267567246, -28.0, 8.0], [40.035426791186495, 157.2680077606056, -28.0, 8.0], [37.82181472808268, 159.06994365480892, -28.0, 8.0], [35.62674574962186, 160.93447995364744, -28.0, 8.0], [33.43167677116107, 162.79901625248596, -28.0, 8.0], [31.218064708057256, 164.60095214668934, -28.0, 8.0], [28.967366475667408, 166.2776872316224, -28.0, 8.0]], "num_spline_nodes": 10, "road_bbox_size": [0.0, 0.0, 250.0, 250.0], "distance_to_boundary": -0.4460485614655103}, "seed": {"control_nodes": [[125.0, 0.0, -28.0, 8.0], [125.0, 25.0, -28.0, 8.0], [125.0, 50.0, -28.0, 8.0], [117.69070738193159, 73.90761889907589, -28.0, 8.0], [115.51181381324014, 98.81248635136953, -28.0, 8.0], [112.46508022811146, 123.62614014240258, -28.0, 8.0], [97.77044892079964, 143.85156500177627, -28.0, 8.0], [74.4309382583696, 152.81076374040876, -28.0, 8.0], [49.4461675828922, 151.93827632284624, -28.0, 8.0], [28.967366475667408, 166.2776872316224, -28.0, 8.0], [8.488565368442611, 180.61709814039855, -28.0, 8.0]],