{"name": "Road742", "members_distance": null, "m1": {"control_nodes": [[125.0, 0.0, -28.0, 8.0], [125.0, 25.0, -28.0, 8.0], [125.0, 50.0, -28.0, 8.0], [113.69070738193159, 73.90761889907589, -28.0, 8.0], [113.51181381324014, 100.81248635136953, -28.0, 8.0], [111.46508022811146, 118.62614014240258, -28.0, 8.0], [93.77044892079964, 146.85156500177627, -28.0, 8.0], [74.4309382583696, 152.81076374040876, -28.0, 8.0], [49.4461675828922, 151.93827632284624, -28.0, 8.0], [28.967366475667408, 166.2776872316224, -28.0, 8.0], [8.488565368442611, 180.61709814039855, -28.0, 8.0]], "sample_nodes": [[125.0, 25.0, -28.0, 8.0], [125.05948267498391, 27.78727658802979, -28.0, 8.0], [125.20818936244369, 30.588801391437592, -28.0, 8.0], [125.4015080561414, 33.39745030253441, -28.0, 8.0], [125.59482674983909, 36.206099213631234, -28.0, 8.0], [125.74353343729888, 39.00762401703904, -28.0, 8.0], [125.80301611228276, 41.79490060506882, -28.0, 8.0], [125.7286627685529, 44.56080487003159, -28.0, 8.0], [125.47586139987128, 47.298212704238324, -28.0, 8.0], [125.0, 50.0, -28.0, 8.0], [124.18600874610799, 52.72167357825851, -28.0, 8.0], [123.04481395116241, 55.38298544793127, -28.0, 8.0], [121.66922461688812, 58.00281154001634, -28.0, 8.0], [120.15204974501, 60.60002778551174, -28.0, 8.0], [118.58609833725285, 63.19351011541556, -28.0, 8.0], [117.0641793953416, 65.80213446072584, -28.0, 8.0], [115.67910192100105, 68.44477675244062, -28.0, 8.0], [114.52367491595612, 71.14031292155794, -28.0, 8.0], [113.69070738193159, 73.90761889907589, -28.0, 8.0], [113.18992603911803, 76.80471778148922, -28.0, 8.0], [112.94226243391813, 79.8055686884534, -28.0, 8.0], [112.8907629944573, 82.8755990560011, -28.0, 8.0], [112.97847414886107, 85.980236320165, -28.0, 8.0], [113.14844232525492, 89.08490791697773, -28.0, 8.0], [113.34371395176423, 92.15504128247187, -28.0, 8.0], [113.50733545651457, 95.15606385268012, -28.0, 8.0], [113.58235326763139, 98.05340306363513, -28.0, 8.0], [113.51181381324014, 100.81248635136953, -28.0, 8.0], [113.4101780096232, 102.94210344770744, -28.0, 8.0], [113.34956063111476, 104.97479697361803, -28.0, 8.0], [113.29890602704245, 106.93599964885578, -28.0, 8.0], [113.22715854673379, 108.85114419317519, -28.0, 8.0], [113.10326253951644, 110.74566332633066, -28.0, 8.0], [112.89616235471792, 112.64498976807667, -28.0, 8.0], [112.57480234166589, 114.57455623816772, -28.0, 8.0], [112.10812684968785, 116.5597954563582, -28.0, 8.0], [111.46508022811146, 118.62614014240259, -28.0, 8.0], [110.29768689453985, 121.68945792015701, -28.0, 8.0], [108.84234535926602, 125.0367902552204, -28.0, 8.0], [107.13688947891036, 128.5542209665982, -28.0, 8.0], [105.21915311009327, 132.127833873296, -28.0, 8.0], [103.12697010943512, 135.6437127943192, -28.0, 8.0], [100.89817433355628, 138.98794154867335, -28.0, 8.0], [98.57059963907722, 142.04660395536393, -28.0, 8.0], [96.1820798826182, 144.70578383339642, -28.0, 8.0], [93.77044892079964, 146.85156500177627, -28.0, 8.0], [91.85128300362814, 148.16554245614495, -28.0, 8.0], [89.85658341812565, 149.2429754880188, -28.0, 8.0], [87.79411438634008, 150.11539982191118, -28.0, 8.0], [85.67164013031946, 150.81435118233566, -28.0, 8.0], [83.49692487211175, 151.37136529380558, -28.0, 8.0], [81.27773283376492, 151.81797788083443, -28.0, 8.0], [79.02182823732697, 152.18572466793557, -28.0, 8.0], [76.73697530484584, 152.50614137962256, -28.0, 8.0], [74.4309382583696, 152.8107637404088, -28.0, 8.0], [71.7913860217759, 152.9767663485833, -28.0, 8.0], [69.0391581595498, 152.8551871190108, -28.0, 8.0], [66.20791564760358, 152.54110266202161, -28.0, 8.0], [63.331319461849574, 152.12958958794638, -28.0, 8.0], [60.44303057820001, 151.7157245071155, -28.0, 8.0], [57.5767099725672, 151.39458402985957, -28.0, 8.0], [54.766018620863434, 151.26124476650904, -28.0, 8.0], [52.04461749900101, 151.41078332739443, -28.0, 8.0], [49.4461675828922, 151.93827632284624, -28.0, 8.0], [46.972952334786186, 152.86380655215768, -28.0, 8.0], [44.59245250989524, 154.1023388046448, -28.0, 8.0], [42.286125023576346, 155.59127267567246, -28.0, 8.0], [40.035426791186495, 157.2680077606056, -28.0, 8.0], [37.82181472808268, 159.06994365480892, -28.0, 8.0], [35.62674574962186, 160.93447995364744, -28.0, 8.0], [33.43167677116107, 162.79901625248596, -28.0, 8.0], [31.218064708057256, 164.60095214668934, -28.0, 8.0], [28.967366475667408, 166.2776872316224, -28.0, 8.0]], "num_spline_nodes": 10, "road_bbox_size": [0.0, 0.0, 250.0, 250.0], "distance_to_boundary": -0.2966436369123797}, "seed": {"control_nodes": [[125.0, 0.0, -28.0, 8.0], [125.0, 25.0, -28.0, 8.0], [125.0, 50.0, -28.0, 8.0], [117.69070738193159, 73.90761889907589, -28.0, 8.0], [115.51181381324014, 98.81248635136953, -28.0, 8.0], [112.46508022811146, 123.62614014240258, -28.0, 8.0], [97.77044892079964, 143.85156500177627, -28.0, 8.0], [74.4309382583696, 152.81076374040876, -28.0, 8.0], [49.4461675828922, 151.93827632284624, -28.0, 8.0], [28.967366475667408, 166.2776872316224, -28.0, 8.0], [8.488565368442611, 180.61709814039855, -28.0, 8.0]],