{"name": "Road903", "members_distance": null, "m1": {"control_nodes": [[125.0, 0.0, -28.0, 8.0], [125.0, 25.0, -28.0, 8.0], [125.0, 50.0, -28.0, 8.0], [119.52952387243698, 71.1481456572267, -28.0, 8.0], [126.48872261106949, 102.48765631965675, -28.0, 8.0], [136.447921349702, 124.8271669820868, -28.0, 8.0], [135.70400950609886, 145.7662682385824, -28.0, 8.0], [135.14031966703095, 170.7624606174922, -28.0, 8.0], [151.8685848260024, 189.34108125442705, -28.0, 8.0], [176.0167304832291, 195.81155738199007, -28.0, 8.0], [200.27412364012903, 201.85960477198176, -28.0, 8.0]], "sample_nodes": [[125.0, 25.0, -28.0, 8.0], [125.03319426358536, 27.791253095901173, -28.0, 8.0], [125.1161799225488, 30.602719168987427, -28.0, 8.0], [125.22406127920121, 33.424291730666226, -28.0, 8.0], [125.33194263585365, 36.24586429234505, -28.0, 8.0], [125.41492829481706, 39.057330365431305, -28.0, 8.0], [125.44812255840242, 41.84858346133247, -28.0, 8.0], [125.40662972892075, 44.60951709145601, -28.0, 8.0], [125.26555410868293, 47.33002476720937, -28.0, 8.0], [125.0, 50.0, -28.0, 8.0], [124.56859029270895, 52.420656875789945, -28.0, 8.0], [123.9449971755812, 54.76216265579732, -28.0, 8.0], [123.19268271995213, 57.05084678315649, -28.0, 8.0], [122.37510899715726, 59.3130387010019, -28.0, 8.0], [121.55573807853204, 61.575067852467946, -28.0, 8.0], [120.79803203541192, 63.86326368068903, -28.0, 8.0], [120.1654529391324, 66.20395562879959, -28.0, 8.0], [119.7214628610289, 68.623473139934, -28.0, 8.0], [119.52952387243698, 71.1481456572267, -28.0, 8.0], [119.62285880485076, 74.38967255335531, -28.0, 8.0], [119.98356022711621, 77.81028643033278, -28.0, 8.0], [120.56988993342677, 81.35901868442951, -28.0, 8.0], [121.34010971797589, 84.98490071191594, -28.0, 8.0], [122.25248137495697, 88.63696390906242, -28.0, 8.0], [123.26526669856344, 92.26423967213933, -28.0, 8.0], [124.33672748298874, 95.81575939741711, -28.0, 8.0], [125.42512552242627, 99.2405544811661, -28.0, 8.0], [126.4887226110695, 102.48765631965676, -28.0, 8.0], [127.49769093337079, 105.17342463815255, -28.0, 8.0], [128.67317582435265, 107.76056823319546, -28.0, 8.0], [129.95427118122234, 110.26954050764581, -28.0, 8.0], [131.2800709011874, 112.72079486436402, -28.0, 8.0], [132.58966888145514, 115.1347847062105, -28.0, 8.0], [133.82215901923306, 117.5319634360456, -28.0, 8.0], [134.9166352117286, 119.93278445672978, -28.0, 8.0], [135.81219135614907, 122.35770117112335, -28.0, 8.0], [136.447921349702, 124.8271669820868, -28.0, 8.0], [136.78443263147562, 127.1324491364605, -28.0, 8.0], [136.9221057130464, 129.42764504106074, -28.0, 8.0], [136.90124609236355, 131.71935787278008, -28.0, 8.0], [136.76215926737638, 134.01419080851116, -28.0, 8.0], [136.54515073603403, 136.31874702514648, -28.0, 8.0], [136.29052599628585, 138.63962969957868, -28.0, 8.0], [136.0385905460811, 140.98344200870037, -28.0, 8.0], [135.829649883369, 143.35678712940404, -28.0, 8.0], [135.70400950609886, 145.7662682385824, -28.0, 8.0], [135.5350794893903, 148.48154419226478, -28.0, 8.0], [135.22916679688325, 151.29523672375439, -28.0, 8.0], [134.85636734095925, 154.17181859489298, -28.0, 8.0], [134.486777034, 157.07576256752236, -28.0, 8.0], [134.19049178838708, 159.9715414034843, -28.0, 8.0], [134.03760751650208, 162.82362786462045, -28.0, 8.0], [134.09822013072667, 165.5964947127727, -28.0, 8.0], [134.44242554344243, 168.2546147097827, -28.0, 8.0], [135.14031966703095, 170.7624606174922, -28.0, 8.0], [136.1992804494215, 173.17482984252467, -28.0, 8.0], [137.55296414535582, 175.5548353421845, -28.0, 8.0], [139.16074686471347, 177.8790532084367, -28.0, 8.0], [140.98200471737394, 180.12405953324617, -28.0, 8.0], [142.97611381321678, 182.26643040857797, -28.0, 8.0], [145.10245026212152, 184.28274192639697, -28.0, 8.0], [147.3203901739677, 186.1495701786682, -28.0, 8.0], [149.58930965863487, 187.8434912573566, -28.0, 8.0], [151.8685848260024, 189.34108125442708, -28.0, 8.0], [154.22541148209638, 190.59383695481498, -28.0, 8.0], [156.73401142005014, 191.600930659023, -28.0, 8.0], [159.3642997304045, 192.41045173236714, -28.0, 8.0], [162.08619150370032, 193.07048954016352, -28.0, 8.0], [164.86960183047833, 193.62913344772812, -28.0, 8.0], [167.68444580127942, 194.134472820377, -28.0, 8.0], [170.50063850664438, 194.6345970234263, -28.0, 8.0], [173.288095037114, 195.17759542219198, -28.0, 8.0], [176.0167304832291, 195.81155738199007, -28.0, 8.0]], "num_spline_nodes": 10, "road_bbox_size": [0.0, 0.0, 250.0, 250.0], "distance_to_boundary": -0.3684337084061293}, "seed": {"control_nodes": [[125.0, 0.0, -28.0, 8.0], [125.0, 25.0, -28.0, 8.0], [125.0, 50.0, -28.0, 8.0], [118.52952387243698, 74.1481456572267, -28.0, 8.0], [127.48872261106949, 97.48765631965675, -28.0, 8.0], [136.447921349702, 120.8271669820868, -28.0, 8.0], [134.70400950609886, 145.7662682385824, -28.0, 8.0], [135.14031966703095, 170.7624606174922, -28.0, 8.0], [151.8685848260024, 189.34108125442705, -28.0, 8.0], [176.0167304832291, 195.81155738199007, -28.0, 8.0], [200.27412364012903, 201.85960477198176, -28.0, 8.0]],