{"name": "Road582", "members_distance": null, "m1": {"control_nodes": [[125.0, 0.0, -28.0, 8.0], [125.0, 25.0, -28.0, 8.0], [125.0, 50.0, -28.0, 8.0], [114.69070738193159, 76.90761889907589, -28.0, 8.0], [116.51181381324014, 98.81248635136953, -28.0, 8.0], [112.46508022811146, 123.62614014240258, -28.0, 8.0], [97.77044892079964, 143.85156500177627, -28.0, 8.0], [74.4309382583696, 152.81076374040876, -28.0, 8.0], [49.4461675828922, 151.93827632284624, -28.0, 8.0], [28.967366475667408, 166.2776872316224, -28.0, 8.0], [8.488565368442611, 180.61709814039855, -28.0, 8.0]], "sample_nodes": [[125.0, 25.0, -28.0, 8.0], [125.05081936508857, 27.77744336914106, -28.0, 8.0], [125.17786777781001, 30.554385125327038, -28.0, 8.0], [125.34303071434788, 33.33107607503548, -28.0, 8.0], [125.50819365088574, 36.10776702474394, -28.0, 8.0], [125.63524206360717, 38.88470878092992, -28.0, 8.0], [125.68606142869572, 41.66215215007098, -28.0, 8.0], [125.62253722233504, 44.440347938644656, -28.0, 8.0], [125.40655492070859, 47.219546953128486, -28.0, 8.0], [125.0, 50.0, -28.0, 8.0], [124.25051373991698, 52.9973564183675, -28.0, 8.0], [123.17246825391999, 56.01221497483179, -28.0, 8.0], [121.86424706409923, 59.03625821894386, -28.0, 8.0], [120.42423369254504, 62.06116870025474, -28.0, 8.0], [118.95081166134767, 65.07862896831537, -28.0, 8.0], [117.54236449259733, 68.08032157267682, -28.0, 8.0], [116.2972757083844, 71.05792906289007, -28.0, 8.0], [115.31392883079903, 74.00313398850605, -28.0, 8.0], [114.69070738193159, 76.90761889907589, -28.0, 8.0], [114.47970888372566, 79.39994236352031, -28.0, 8.0], [114.52097889786977, 81.85133261175338, -28.0, 8.0], [114.75068916806111, 84.27307002539297, -28.0, 8.0], [115.10501143799681, 86.67643498605696, -28.0, 8.0], [115.52011745137395, 89.07270787536328, -28.0, 8.0], [115.93217895188971, 91.4731690749298, -28.0, 8.0], [116.27736768324127, 93.88909896637443, -28.0, 8.0], [116.49185538912569, 96.33177793131506, -28.0, 8.0], [116.51181381324012, 98.81248635136953, -28.0, 8.0], [116.39287576897536, 101.53154660881358, -28.0, 8.0], [116.23455753957222, 104.31744111910011, -28.0, 8.0], [116.01830430929544, 107.14559938665425, -28.0, 8.0], [115.72556126240974, 109.99145091590103, -28.0, 8.0], [115.33777358317978, 112.83042521126559, -28.0, 8.0], [114.8363864558703, 115.63795177717293, -28.0, 8.0], [114.20284506474594, 118.38946011804816, -28.0, 8.0], [113.41859459407141, 121.06037973831636, -28.0, 8.0], [112.46508022811147, 123.62614014240259, -28.0, 8.0], [111.34701543519547, 126.1332821624999, -28.0, 8.0], [110.0810841757861, 128.64031196538187, -28.0, 8.0], [108.67551436205827, 131.11943415221825, -28.0, 8.0], [107.1385339061869, 133.54285332417857, -28.0, 8.0], [105.47837072034693, 135.88277408243243, -28.0, 8.0], [103.70325271671331, 138.11140102814954, -28.0, 8.0], [101.82140780746091, 140.20093876249945, -28.0, 8.0], [99.84106390476472, 142.12359188665187, -28.0, 8.0], [97.77044892079962, 143.85156500177624, -28.0, 8.0], [95.56567089029092, 145.39551709823408, -28.0, 8.0], [93.19655591842624, 146.78857307003625, -28.0, 8.0], [90.69190902307422, 148.036636373827, -28.0, 8.0], [88.08053522210345, 149.14561046625062, -28.0, 8.0], [85.39123953338253, 150.12139880395125, -28.0, 8.0], [82.65282697478007, 150.96990484357315, -28.0, 8.0], [79.89410256416471, 151.69703204176056, -28.0, 8.0], [77.14387131940502, 152.30868385515774, -28.0, 8.0], [74.4309382583696, 152.81076374040876, -28.0, 8.0], [71.70234843317185, 153.0619227018221, -28.0, 8.0], [68.90281935199984, 152.98558278490768, -28.0, 8.0], [66.05766471683424, 152.68480400811202, -28.0, 8.0], [63.19219822965573, 152.26264638988198, -28.0, 8.0], [60.33173359244494, 151.822169948664, -28.0, 8.0], [57.50158450718253, 151.46643470290476, -28.0, 8.0], [54.72706467584916, 151.29850067105102, -28.0, 8.0], [52.033487800425505, 151.42142787154927, -28.0, 8.0], [49.4461675828922, 151.93827632284624, -28.0, 8.0], [46.972952334786186, 152.86380655215768, -28.0, 8.0], [44.59245250989524, 154.1023388046448, -28.0, 8.0], [42.286125023576346, 155.59127267567246, -28.0, 8.0], [40.035426791186495, 157.2680077606056, -28.0, 8.0], [37.82181472808268, 159.06994365480892, -28.0, 8.0], [35.62674574962186, 160.93447995364744, -28.0, 8.0], [33.43167677116107, 162.79901625248596, -28.0, 8.0], [31.218064708057256, 164.60095214668934, -28.0, 8.0], [28.967366475667408, 166.2776872316224, -28.0, 8.0]], "num_spline_nodes": 10, "road_bbox_size": [0.0, 0.0, 250.0, 250.0], "distance_to_boundary": -0.31099770048142883}, "seed": {"control_nodes": [[125.0, 0.0, -28.0, 8.0], [125.0, 25.0, -28.0, 8.0], [125.0, 50.0, -28.0, 8.0], [117.69070738193159, 73.90761889907589, -28.0, 8.0], [115.51181381324014, 98.81248635136953, -28.0, 8.0], [112.46508022811146, 123.62614014240258, -28.0, 8.0], [97.77044892079964, 143.85156500177627, -28.0, 8.0], [74.4309382583696, 152.81076374040876, -28.0, 8.0], [49.4461675828922, 151.93827632284624, -28.0, 8.0], [28.967366475667408, 166.2776872316224, -28.0, 8.0], [8.488565368442611, 180.61709814039855, -28.0, 8.0]],