{"name": "Road763", "members_distance": null, "m1": {"control_nodes": [[125.0, 0.0, -28.0, 8.0], [125.0, 25.0, -28.0, 8.0], [125.0, 50.0, -28.0, 8.0], [116.69070738193159, 68.90761889907589, -28.0, 8.0], [114.51181381324014, 100.81248635136953, -28.0, 8.0], [108.46508022811146, 116.62614014240258, -28.0, 8.0], [88.77044892079964, 143.85156500177627, -28.0, 8.0], [74.4309382583696, 152.81076374040876, -28.0, 8.0], [49.4461675828922, 151.93827632284624, -28.0, 8.0], [28.967366475667408, 166.2776872316224, -28.0, 8.0], [8.488565368442611, 180.61709814039855, -28.0, 8.0]], "sample_nodes": [[125.0, 25.0, -28.0, 8.0], [125.05255580245421, 27.801908153836344, -28.0, 8.0], [125.18394530858976, 30.640011871760517, -28.0, 8.0], [125.35475166656595, 33.49621337172862, -28.0, 8.0], [125.52555802454214, 36.35241487169674, -28.0, 8.0], [125.65694753067766, 39.190518589620915, -28.0, 8.0], [125.70950333313186, 41.992426743457244, -28.0, 8.0], [125.64380858006412, 44.74004155116182, -28.0, 8.0], [125.42044641963369, 47.41526523069072, -28.0, 8.0], [125.0, 50.0, -28.0, 8.0], [124.39201566373092, 52.22740518307243, -28.0, 8.0], [123.57311610013521, 54.33068006734195, -28.0, 8.0], [122.59991457816663, 56.34946349814579, -28.0, 8.0], [121.52902436677883, 58.32339432082123, -28.0, 8.0], [120.41705873492555, 60.29211138070549, -28.0, 8.0], [119.32063095156049, 62.29525352313584, -28.0, 8.0], [118.29635428563734, 64.37245959344952, -28.0, 8.0], [117.4008420061098, 66.5633684369838, -28.0, 8.0], [116.69070738193159, 68.90761889907589, -28.0, 8.0], [116.09033084477441, 72.10945624152535, -28.0, 8.0], [115.73457554242775, 75.59934151912779, -28.0, 8.0], [115.55699065123139, 79.29059146646344, -28.0, 8.0], [115.49112534752521, 83.09652281811259, -28.0, 8.0], [115.47052880764899, 86.93045230865548, -28.0, 8.0], [115.42875020794253, 90.70569667267235, -28.0, 8.0], [115.29933872474574, 94.33557264474348, -28.0, 8.0], [115.01584353439831, 97.73339695944912, -28.0, 8.0], [114.51181381324015, 100.81248635136953, -28.0, 8.0], [114.04105233320539, 102.8271980876105, -28.0, 8.0], [113.54717788013423, 104.689646112159, -28.0, 8.0], [113.01854982027066, 106.43748211294118, -28.0, 8.0], [112.44352751985866, 108.10835777788309, -28.0, 8.0], [111.81047034514222, 109.73992479491085, -28.0, 8.0], [111.10773766236531, 111.36983485195057, -28.0, 8.0], [110.32368883777188, 113.03573963692838, -28.0, 8.0], [109.44668323760595, 114.77529083777037, -28.0, 8.0], [108.46508022811147, 116.62614014240259, -28.0, 8.0], [106.85396132205153, 119.49088000575586, -28.0, 8.0], [104.97886623581854, 122.61523857340309, -28.0, 8.0], [102.89108760433464, 125.9051264731373, -28.0, 8.0], [100.64191806252194, 129.26645433275144, -28.0, 8.0], [98.28265024530248, 132.60513278003856, -28.0, 8.0], [95.86457678759842, 135.82707244279158, -28.0, 8.0], [93.43899032433185, 138.8381839488036, -28.0, 8.0], [91.05718349042488, 141.54437792586742, -28.0, 8.0], [88.77044892079962, 143.85156500177624, -28.0, 8.0], [87.2213539254754, 145.2721496027315, -28.0, 8.0], [85.71207159987406, 146.58780508216242, -28.0, 8.0], [84.22080537477497, 147.79795269846076, -28.0, 8.0], [82.72575868095748, 148.90201371001842, -28.0, 8.0], [81.20513494920087, 149.8994093752272, -28.0, 8.0], [79.63713761028446, 150.7895609524788, -28.0, 8.0], [77.99997009498755, 151.57188970016506, -28.0, 8.0], [76.2718358340895, 152.2458168766778, -28.0, 8.0], [74.4309382583696, 152.81076374040873, -28.0, 8.0], [71.99376527834265, 153.19719236001234, -28.0, 8.0], [69.34905139616761, 153.19271444901142, -28.0, 8.0], [66.54943064305996, 152.91307155630807, -28.0, 8.0], [63.64753705023509, 152.47400523080418, -28.0, 8.0], [60.69600464890842, 151.99125702140174, -28.0, 8.0], [57.74746747029538, 151.58056847700277, -28.0, 8.0], [54.85455954561138, 151.3576811465092, -28.0, 8.0], [52.06991490607185, 151.43833657882305, -28.0, 8.0], [49.44616758289221, 151.93827632284626, -28.0, 8.0], [46.972952334786186, 152.86380655215768, -28.0, 8.0], [44.59245250989524, 154.1023388046448, -28.0, 8.0], [42.286125023576346, 155.59127267567246, -28.0, 8.0], [40.035426791186495, 157.2680077606056, -28.0, 8.0], [37.82181472808268, 159.06994365480892, -28.0, 8.0], [35.62674574962186, 160.93447995364744, -28.0, 8.0], [33.43167677116107, 162.79901625248596, -28.0, 8.0], [31.218064708057256, 164.60095214668934, -28.0, 8.0], [28.967366475667408, 166.2776872316224, -28.0, 8.0]], "num_spline_nodes": 10, "road_bbox_size": [0.0, 0.0, 250.0, 250.0], "distance_to_boundary": -0.5197606610334025}, "seed": {"control_nodes": [[125.0, 0.0, -28.0, 8.0], [125.0, 25.0, -28.0, 8.0], [125.0, 50.0, -28.0, 8.0], [117.69070738193159, 73.90761889907589, -28.0, 8.0], [115.51181381324014, 98.81248635136953, -28.0, 8.0], [112.46508022811146, 123.62614014240258, -28.0, 8.0], [97.77044892079964, 143.85156500177627, -28.0, 8.0], [74.4309382583696, 152.81076374040876, -28.0, 8.0], [49.4461675828922, 151.93827632284624, -28.0, 8.0], [28.967366475667408, 166.2776872316224, -28.0, 8.0], [8.488565368442611, 180.61709814039855, -28.0, 8.0]],