{"name": "Road577", "members_distance": null, "m1": {"control_nodes": [[125.0, 0.0, -28.0, 8.0], [125.0, 25.0, -28.0, 8.0], [125.0, 50.0, -28.0, 8.0], [114.69070738193159, 73.90761889907589, -28.0, 8.0], [115.51181381324014, 98.81248635136953, -28.0, 8.0], [112.46508022811146, 118.62614014240258, -28.0, 8.0], [98.77044892079964, 143.85156500177627, -28.0, 8.0], [74.4309382583696, 152.81076374040876, -28.0, 8.0], [49.4461675828922, 151.93827632284624, -28.0, 8.0], [28.967366475667408, 166.2776872316224, -28.0, 8.0], [8.488565368442611, 180.61709814039855, -28.0, 8.0]], "sample_nodes": [[125.0, 25.0, -28.0, 8.0], [125.05486779306979, 27.786319634657705, -28.0, 8.0], [125.1920372757443, 30.58545205463529, -28.0, 8.0], [125.37035760322112, 33.390990867272826, -28.0, 8.0], [125.54867793069795, 36.19652967991037, -28.0, 8.0], [125.68584741337244, 38.995662099887966, -28.0, 8.0], [125.74071520644222, 41.78198173454567, -28.0, 8.0], [125.672130465105, 44.54908219122353, -28.0, 8.0], [125.43894234455834, 47.29055707726163, -28.0, 8.0], [125.0, 50.0, -28.0, 8.0], [124.24980646216358, 52.718972799464524, -28.0, 8.0], [123.19257084565142, 55.39169411598208, -28.0, 8.0], [121.91753081778236, 58.03128201014769, -28.0, 8.0], [120.51392404587533, 60.65085454255653, -28.0, 8.0], [119.07098819724922, 63.26352977380359, -28.0, 8.0], [117.6779609392229, 65.882425764484, -28.0, 8.0], [116.42407993911527, 68.52066057519279, -28.0, 8.0], [115.39858286424518, 71.19135226652507, -28.0, 8.0], [114.69070738193159, 73.90761889907589, -28.0, 8.0], [114.33283118473767, 76.62529838727576, -28.0, 8.0], [114.23351532359655, 79.39824842371343, -28.0, 8.0], [114.33006718074812, 82.20808820269761, -28.0, 8.0], [114.55979413843231, 85.03643691853709, -28.0, 8.0], [114.86000357888904, 87.86491376554058, -28.0, 8.0], [115.16800288435826, 90.6751379380168, -28.0, 8.0], [115.4210994370799, 93.44872863027454, -28.0, 8.0], [115.55660061929387, 96.16730503662254, -28.0, 8.0], [115.51181381324014, 98.81248635136953, -28.0, 8.0], [115.37228725555062, 101.11245755924192, -28.0, 8.0], [115.22207987635863, 103.35381179692874, -28.0, 8.0], [115.04444780671379, 105.55112196736893, -28.0, 8.0], [114.82264717766569, 107.7189609735012, -28.0, 8.0], [114.5399341202639, 109.87190171826441, -28.0, 8.0], [114.17956476555797, 112.02451710459732, -28.0, 8.0], [113.72479524459756, 114.19138003543881, -28.0, 8.0], [113.15888168843216, 116.38706341372762, -28.0, 8.0], [112.46508022811145, 118.62614014240256, -28.0, 8.0], [111.49104550641174, 121.4453250917724, -28.0, 8.0], [110.39224819518486, 124.43184953394503, -28.0, 8.0], [109.16348751360897, 127.51224369004113, -28.0, 8.0], [107.79956268086221, 130.61303778118162, -28.0, 8.0], [106.29527291612268, 133.66076202848717, -28.0, 8.0], [104.64541743856856, 136.58194665307866, -28.0, 8.0], [102.8447954673779, 139.3031218760768, -28.0, 8.0], [100.88820622172888, 141.75081791860242, -28.0, 8.0], [98.77044892079965, 143.8515650017763, -28.0, 8.0], [96.55658043077237, 145.54415278137796, -28.0, 8.0], [94.1248667566576, 147.01732385730895, -28.0, 8.0], [91.51611423625258, 148.29042239688312, -28.0, 8.0], [88.77112920735448, 149.38279256741433, -28.0, 8.0], [85.93071800776048, 150.31377853621626, -28.0, 8.0], [83.03568697526782, 151.1027244706029, -28.0, 8.0], [80.12684244767364, 151.76897453788794, -28.0, 8.0], [77.24499076277516, 152.33187290538532, -28.0, 8.0], [74.4309382583696, 152.81076374040873, -28.0, 8.0], [71.67747057078692, 153.0508607203824, -28.0, 8.0], [68.86472512522293, 152.96864412582812, -28.0, 8.0], [66.01568332405968, 152.66613691443254, -28.0, 8.0], [63.15332656967928, 152.24536204388238, -28.0, 8.0], [60.300636264463776, 151.8083424718643, -28.0, 8.0], [57.480593810795256, 151.45710115606505, -28.0, 8.0], [54.716180611055755, 151.29366105417114, -28.0, 8.0], [52.03037806762739, 151.4200451238693, -28.0, 8.0], [49.44616758289221, 151.93827632284626, -28.0, 8.0], [46.972952334786186, 152.86380655215768, -28.0, 8.0], [44.59245250989524, 154.1023388046448, -28.0, 8.0], [42.286125023576346, 155.59127267567246, -28.0, 8.0], [40.035426791186495, 157.2680077606056, -28.0, 8.0], [37.82181472808268, 159.06994365480892, -28.0, 8.0], [35.62674574962186, 160.93447995364744, -28.0, 8.0], [33.43167677116107, 162.79901625248596, -28.0, 8.0], [31.218064708057256, 164.60095214668934, -28.0, 8.0], [28.967366475667408, 166.2776872316224, -28.0, 8.0]], "num_spline_nodes": 10, "road_bbox_size": [0.0, 0.0, 250.0, 250.0], "distance_to_boundary": -0.3060715774065139}, "seed": {"control_nodes": [[125.0, 0.0, -28.0, 8.0], [125.0, 25.0, -28.0, 8.0], [125.0, 50.0, -28.0, 8.0], [117.69070738193159, 73.90761889907589, -28.0, 8.0], [115.51181381324014, 98.81248635136953, -28.0, 8.0], [112.46508022811146, 123.62614014240258, -28.0, 8.0], [97.77044892079964, 143.85156500177627, -28.0, 8.0], [74.4309382583696, 152.81076374040876, -28.0, 8.0], [49.4461675828922, 151.93827632284624, -28.0, 8.0], [28.967366475667408, 166.2776872316224, -28.0, 8.0], [8.488565368442611, 180.61709814039855, -28.0, 8.0]],