{"name": "Road122", "members_distance": null, "m1": {"control_nodes": [[125.0, 0.0, -28.0, 8.0], [125.0, 25.0, -28.0, 8.0], [125.0, 50.0, -28.0, 8.0], [117.69070738193159, 73.90761889907589, -28.0, 8.0], [104.0747315065559, 94.87438309771149, -28.0, 8.0], [85.79088896607664, 111.92434209927396, -28.0, 8.0], [65.45137830364659, 120.88354083790647, -28.0, 8.0], [41.25017589973594, 134.1315224437366, -28.0, 8.0], [24.848700174973263, 152.9992619493059, -28.0, 8.0], [23.97621275741074, 177.98403262478328, -28.0, 8.0], [23.103725339848214, 202.96880330026067, -28.0, 8.0]], "sample_nodes": [[125.0, 25.0, -28.0, 8.0], [125.04010585798666, 27.783771638413853, -28.0, 8.0], [125.14037050295332, 30.576534067781804, -28.0, 8.0], [125.27071454140994, 33.37379189262681, -28.0, 8.0], [125.40105857986659, 36.17104971747183, -28.0, 8.0], [125.50132322483321, 38.96381214683979, -28.0, 8.0], [125.54142908281989, 41.74758378525364, -28.0, 8.0], [125.49129676033658, 44.517869237236326, -28.0, 8.0], [125.32084686389327, 47.270173107310804, -28.0, 8.0], [125.0, 50.0, -28.0, 8.0], [124.54330781172, 52.720489361943045, -28.0, 8.0], [123.98812551407488, 55.44270631193655, -28.0, 8.0], [123.33857907151216, 58.15904396273969, -28.0, 8.0], [122.59879444847951, 60.86189542711167, -28.0, 8.0], [121.77289760942443, 63.54365381781168, -28.0, 8.0], [120.86501451879451, 66.1967122475989, -28.0, 8.0], [119.87927114103735, 68.81346382923256, -28.0, 8.0], [118.81979344060053, 71.38630167547183, -28.0, 8.0], [117.69070738193159, 73.90761889907589, -28.0, 8.0], [116.4802701871289, 76.387841767789, -28.0, 8.0], [115.17848450279392, 78.83979030272414, -28.0, 8.0], [113.79209443012925, 81.25944824669345, -28.0, 8.0], [112.32784407033735, 83.64279934250919, -28.0, 8.0], [110.79247752462067, 85.98582733298356, -28.0, 8.0], [109.19273889418164, 88.28451596092873, -28.0, 8.0], [107.5353722802229, 90.534848969157, -28.0, 8.0], [105.82712178394682, 92.73281010048052, -28.0, 8.0], [104.0747315065559, 94.87438309771149, -28.0, 8.0], [102.26666446626909, 96.98338715703835, -28.0, 8.0], [100.39040807099335, 99.07574813374306, -28.0, 8.0], [98.45124300646324, 101.13560975927825, -28.0, 8.0], [96.45444995841336, 103.14711576509649, -28.0, 8.0], [94.40530961257822, 105.09440988265035, -28.0, 8.0], [92.30910265469241, 106.96163584339243, -28.0, 8.0], [90.17110977049052, 108.73293737877536, -28.0, 8.0], [87.99661164570706, 110.39245822025165, -28.0, 8.0], [85.79088896607664, 111.92434209927396, -28.0, 8.0], [83.67019778496424, 113.20780383991155, -28.0, 8.0], [81.49835121598785, 114.32631326385281, -28.0, 8.0], [79.28235287736989, 115.31970759102579, -28.0, 8.0], [77.02920638733285, 116.22782404135877, -28.0, 8.0], [74.74591536409912, 117.09049983477973, -28.0, 8.0], [72.43948342589118, 117.94757219121688, -28.0, 8.0], [70.1169141909315, 118.83887833059828, -28.0, 8.0], [67.78521127744246, 119.80425547285212, -28.0, 8.0], [65.45137830364658, 120.88354083790645, -28.0, 8.0], [62.794389977616326, 122.16748345113666, -28.0, 8.0], [60.04522542875847, 123.46682265682139, -28.0, 8.0], [57.23995652078912, 124.79510870208436, -28.0, 8.0], [54.414655117424466, 126.1658918340494, -28.0, 8.0], [51.6053930823806, 127.59272229984025, -28.0, 8.0], [48.848242279373686, 129.0891503465806, -28.0, 8.0], [46.17927457211985, 130.66872622139428, -28.0, 8.0], [43.634561824335215, 132.34500017140508, -28.0, 8.0], [41.25017589973595, 134.1315224437366, -28.0, 8.0], [39.05847600781141, 135.9264898861881, -28.0, 8.0], [36.872140495996334, 137.79668206548985, -28.0, 8.0], [34.728439669274266, 139.74215781493822, -28.0, 8.0], [32.664643832628755, 141.76297596782965, -28.0, 8.0], [30.71802329104333, 143.8591953574605, -28.0, 8.0], [28.925848349501535, 146.03087481712717, -28.0, 8.0], [27.325389312986893, 148.278073180126, -28.0, 8.0], [25.953916486482967, 150.60084927975345, -28.0, 8.0], [24.84870017497326, 152.9992619493059, -28.0, 8.0], [24.070100577369743, 155.50683592362225, -28.0, 8.0], [23.611027488144813, 158.14027473682555, -28.0, 8.0], [23.407575605622775, 160.87440542113848, -28.0, 8.0], [23.395839628127902, 163.68405500878362, -28.0, 8.0], [23.511914253984468, 166.54405053198354, -28.0, 8.0], [23.691894181516762, 169.42921902296092, -28.0, 8.0], [23.871874109049052, 172.31438751393824, -28.0, 8.0], [23.98794873490562, 175.17438303713817, -28.0, 8.0], [23.976212757410742, 177.9840326247833, -28.0, 8.0]], "num_spline_nodes": 10, "road_bbox_size": [0.0, 0.0, 250.0, 250.0], "distance_to_boundary": -0.014466524707208883}, "seed": {"control_nodes": [[125.0, 0.0, -28.0, 8.0], [125.0, 25.0, -28.0, 8.0], [125.0, 50.0, -28.0, 8.0], [117.69070738193159, 73.90761889907589, -28.0, 8.0], [104.0747315065559, 94.87438309771149, -28.0, 8.0], [85.79088896607664, 111.92434209927396, -28.0, 8.0], [62.45137830364659, 120.88354083790647, -28.0, 8.0], [41.25017589973594, 134.1315224437366, -28.0, 8.0], [24.848700174973263, 152.9992619493059, -28.0, 8.0], [23.97621275741074, 177.98403262478328, -28.0, 8.0], [23.103725339848214, 202.96880330026067, -28.0, 8.0]],