{"name": "Road362", "members_distance": null, "m1": {"control_nodes": [[125.0, 0.0, -28.0, 8.0], [125.0, 25.0, -28.0, 8.0], [125.0, 50.0, -28.0, 8.0], [121.95326641487132, 74.81365379103305, -28.0, 8.0], [116.75547414442734, 103.26734380937819, -28.0, 8.0], [98.07780461476365, 116.94501333904188, -28.0, 8.0], [77.42716952015269, 129.44501333904188, -28.0, 8.0], [57.72690067998464, 144.83655022218335, -28.0, 8.0], [35.06920600406839, 155.40200676570083, -28.0, 8.0], [23.719443510579723, 177.67716987041004, -28.0, 8.0], [12.369681017091054, 199.95233297511925, -28.0, 8.0]], "sample_nodes": [[125.0, 25.0, -28.0, 8.0], [125.01671733105695, 27.778800253547146, -28.0, 8.0], [125.05851065869933, 30.559134220748334, -28.0, 8.0], [125.1128419846344, 33.34023504477655, -28.0, 8.0], [125.16717331056948, 36.12133586880478, -28.0, 8.0], [125.20896663821185, 38.901669836005965, -28.0, 8.0], [125.2256839692688, 41.68047008955311, -28.0, 8.0], [125.20478730544762, 44.456969772619175, -28.0, 8.0], [125.13373864845559, 47.230402028377156, -28.0, 8.0], [125.0, 50.0, -28.0, 8.0], [124.80465315189255, 52.75658504627915, -28.0, 8.0], [124.56077699833179, 55.49633470343731, -28.0, 8.0], [124.27382919460527, 58.22651638079445, -28.0, 8.0], [123.94926739600064, 60.954397487670526, -28.0, 8.0], [123.59254925780547, 63.68724543338547, -28.0, 8.0], [123.20913243530734, 66.43232762725923, -28.0, 8.0], [122.80447458379392, 69.1969114786118, -28.0, 8.0], [122.38403335855268, 71.98826439676309, -28.0, 8.0], [121.95326641487132, 74.81365379103305, -28.0, 8.0], [121.55393210470584, 77.97120447898234, -28.0, 8.0], [121.24986663086665, 81.28074098899457, -28.0, 8.0], [120.98114783160736, 84.6775519428856, -28.0, 8.0], [120.68785354518145, 88.09692596247139, -28.0, 8.0], [120.3100616098425, 91.47415166956782, -28.0, 8.0], [119.78784986384406, 94.7445176859908, -28.0, 8.0], [119.06129614543971, 97.84331263355628, -28.0, 8.0], [118.07047829288294, 100.7058251340801, -28.0, 8.0], [116.75547414442735, 103.26734380937819, -28.0, 8.0], [115.2700750883894, 105.2831319998899, -28.0, 8.0], [113.52468268136832, 107.08175239772703, -28.0, 8.0], [111.5675193353887, 108.70312900707219, -28.0, 8.0], [109.44680746247525, 110.18718583210813, -28.0, 8.0], [107.21076947465265, 111.57384687701743, -28.0, 8.0], [104.90762778394554, 112.90303614598281, -28.0, 8.0], [102.58560480237853, 114.21467764318689, -28.0, 8.0], [100.29292294197636, 115.54869537281238, -28.0, 8.0], [98.07780461476366, 116.94501333904188, -28.0, 8.0], [95.84626094610454, 118.38468661713445, -28.0, 8.0], [93.57135941056724, 119.77245497912364, -28.0, 8.0], [91.26493502161529, 121.12512220449618, -28.0, 8.0], [88.9388227927122, 122.45949207273893, -28.0, 8.0], [86.60485773732147, 123.79236836333855, -28.0, 8.0], [84.27487486890666, 125.14055485578194, -28.0, 8.0], [81.96070920093122, 126.52085532955574, -28.0, 8.0], [79.67419574685874, 127.95007356414682, -28.0, 8.0], [77.4271695201527, 129.4450133390419, -28.0, 8.0], [75.19623354380236, 131.06340963261616, -28.0, 8.0], [73.01694063891958, 132.7769587934901, -28.0, 8.0], [70.87165990519667, 134.55471400045167, -28.0, 8.0], [68.7427604423259, 136.36572843228873, -28.0, 8.0], [66.61261134999955, 138.17905526778924, -28.0, 8.0], [64.46358172790998, 139.96374768574105, -28.0, 8.0], [62.27804067574945, 141.68885886493206, -28.0, 8.0], [60.038357293210225, 143.3234419841502, -28.0, 8.0], [57.72690067998464, 144.83655022218335, -28.0, 8.0], [55.277151200238436, 146.1580834521533, -28.0, 8.0], [52.6734799363622, 147.28393843183315, -28.0, 8.0], [49.974592065385465, 148.28216366698751, -28.0, 8.0], [47.23919276433779, 149.22080766338115, -28.0, 8.0], [44.525987210248644, 150.16791892677858, -28.0, 8.0], [41.89368058014762, 151.19154596294464, -28.0, 8.0], [39.40097805106421, 152.35973727764392, -28.0, 8.0], [37.10658480002797, 153.74054137664106, -28.0, 8.0], [35.06920600406839, 155.40200676570083, -28.0, 8.0], [33.3117511456181, 157.3630185647726, -28.0, 8.0], [31.78696978886385, 159.5649708280664, -28.0, 8.0], [30.448327233466422, 161.95967546273783, -28.0, 8.0], [29.249288779086626, 164.49894437594253, -28.0, 8.0], [28.143319725385243, 167.13458947483605, -28.0, 8.0], [27.08388537202307, 169.81842266657395, -28.0, 8.0], [26.024451018660898, 172.50225585831188, -28.0, 8.0], [24.918481964959522, 175.13790095720535, -28.0, 8.0], [23.719443510579723, 177.67716987041004, -28.0, 8.0]], "num_spline_nodes": 10, "road_bbox_size": [0.0, 0.0, 250.0, 250.0], "distance_to_boundary": -0.1650562809279692}, "seed": {"control_nodes": [[125.0, 0.0, -28.0, 8.0], [125.0, 25.0, -28.0, 8.0], [125.0, 50.0, -28.0, 8.0], [121.95326641487132, 74.81365379103305, -28.0, 8.0], [116.75547414442734, 99.26734380937819, -28.0, 8.0], [99.07780461476365, 116.94501333904188, -28.0, 8.0], [77.42716952015269, 129.44501333904188, -28.0, 8.0], [57.72690067998464, 144.83655022218335, -28.0, 8.0], [35.06920600406839, 155.40200676570083, -28.0, 8.0], [23.719443510579723, 177.67716987041004, -28.0, 8.0], [12.369681017091054, 199.95233297511925, -28.0, 8.0]],