{"name": "Road190", "members_distance": null, "m1": {"control_nodes": [[125.0, 0.0, -28.0, 8.0], [125.0, 25.0, -28.0, 8.0], [125.0, 50.0, -28.0, 8.0], [117.69070738193159, 74.90761889907589, -28.0, 8.0], [105.0747315065559, 94.87438309771149, -28.0, 8.0], [85.79088896607664, 111.92434209927396, -28.0, 8.0], [65.45137830364659, 117.88354083790647, -28.0, 8.0], [41.25017589973594, 134.1315224437366, -28.0, 8.0], [24.848700174973263, 152.9992619493059, -28.0, 8.0], [23.97621275741074, 177.98403262478328, -28.0, 8.0], [23.103725339848214, 202.96880330026067, -28.0, 8.0]], "sample_nodes": [[125.0, 25.0, -28.0, 8.0], [125.03898888528481, 27.780801465221828, -28.0, 8.0], [125.13646109849682, 30.566138461609725, -28.0, 8.0], [125.26317497567243, 33.35374322358066, -28.0, 8.0], [125.38988885284806, 36.14134798555161, -28.0, 8.0], [125.48736106606006, 38.926684981939516, -28.0, 8.0], [125.52634995134483, 41.70748644716133, -28.0, 8.0], [125.47761384473887, 44.48148461563405, -28.0, 8.0], [125.31191108227843, 47.246411721774614, -28.0, 8.0], [125.0, 50.0, -28.0, 8.0], [124.5449506805789, 52.81495709624599, -28.0, 8.0], [123.9879377185326, 55.651632119477085, -28.0, 8.0], [123.3343997137566, 58.49563411328133, -28.0, 8.0], [122.58977526614655, 61.332572121246834, -28.0, 8.0], [121.75950297559805, 64.14805518696168, -28.0, 8.0], [120.84902144200672, 66.92769235401391, -28.0, 8.0], [119.86376926526812, 69.65709266599166, -28.0, 8.0], [118.80918504527789, 72.32186516648295, -28.0, 8.0], [117.69070738193159, 74.90761889907589, -28.0, 8.0], [116.56226442095415, 77.3081846711154, -28.0, 8.0], [115.36759549262814, 79.66183985591266, -28.0, 8.0], [114.10579756835796, 81.9691850890748, -28.0, 8.0], [112.77596761954803, 84.23082100620903, -28.0, 8.0], [111.37720261760273, 86.44734824292246, -28.0, 8.0], [109.90859953392643, 88.61936743482227, -28.0, 8.0], [108.36925533992364, 90.74747921751559, -28.0, 8.0], [106.75826700699864, 92.83228422660963, -28.0, 8.0], [105.0747315065559, 94.8743830977115, -28.0, 8.0], [103.22421679128436, 96.99927380015372, -28.0, 8.0], [101.27222870481998, 99.1348766067444, -28.0, 8.0], [99.2309557145426, 101.25190945712922, -28.0, 8.0], [97.1125862878321, 103.32109029095389, -28.0, 8.0], [94.92930889206828, 105.3131370478641, -28.0, 8.0], [92.69331199463099, 107.19876766750552, -28.0, 8.0], [90.41678406290005, 108.94870008952384, -28.0, 8.0], [88.11191356425532, 110.53365225356474, -28.0, 8.0], [85.79088896607664, 111.92434209927394, -28.0, 8.0], [83.65110242080212, 112.94387148385074, -28.0, 8.0], [81.45794300119994, 113.71736215379929, -28.0, 8.0], [79.22141060870864, 114.31196682345364, -28.0, 8.0], [76.95150514476677, 114.79483820714782, -28.0, 8.0], [74.65822651081281, 115.23312901921582, -28.0, 8.0], [72.35157460828528, 115.69399197399167, -28.0, 8.0], [70.0415493386227, 116.24457978580935, -28.0, 8.0], [67.73815060326365, 116.95204516900296, -28.0, 8.0], [65.45137830364658, 117.88354083790645, -28.0, 8.0], [62.741870468761256, 119.22660575986107, -28.0, 8.0], [59.969158087767696, 120.74008218163283, -28.0, 8.0], [57.16252368173675, 122.40046514268381, -28.0, 8.0], [54.35124977173933, 124.18424968247629, -28.0, 8.0], [51.56461887884632, 126.06793084047234, -28.0, 8.0], [48.83191352412859, 128.02800365613422, -28.0, 8.0], [46.182416228657026, 130.04096316892412, -28.0, 8.0], [43.64540951350252, 132.0833044183042, -28.0, 8.0], [41.25017589973594, 134.1315224437366, -28.0, 8.0], [39.088847093134824, 136.03310072729278, -28.0, 8.0], [36.918646220397825, 137.9599299159314, -28.0, 8.0], [34.77969087575755, 139.9220636093024, -28.0, 8.0], [32.71209865344661, 141.92955540705574, -28.0, 8.0], [30.755987147697613, 143.99245890884137, -28.0, 8.0], [28.95147395274317, 146.12082771430923, -28.0, 8.0], [27.338676662815896, 148.32471542310932, -28.0, 8.0], [25.95771287214839, 150.61417563489158, -28.0, 8.0], [24.848700174973263, 152.9992619493059, -28.0, 8.0], [24.070100577369743, 155.50683592362225, -28.0, 8.0], [23.611027488144813, 158.14027473682555, -28.0, 8.0], [23.407575605622775, 160.87440542113848, -28.0, 8.0], [23.395839628127902, 163.68405500878362, -28.0, 8.0], [23.511914253984468, 166.54405053198354, -28.0, 8.0], [23.691894181516762, 169.42921902296092, -28.0, 8.0], [23.871874109049052, 172.31438751393824, -28.0, 8.0], [23.98794873490562, 175.17438303713817, -28.0, 8.0], [23.976212757410742, 177.9840326247833, -28.0, 8.0]], "num_spline_nodes": 10, "road_bbox_size": [0.0, 0.0, 250.0, 250.0], "distance_to_boundary": -0.1715363352584629}, "seed": {"control_nodes": [[125.0, 0.0, -28.0, 8.0], [125.0, 25.0, -28.0, 8.0], [125.0, 50.0, -28.0, 8.0], [117.69070738193159, 73.90761889907589, -28.0, 8.0], [104.0747315065559, 94.87438309771149, -28.0, 8.0], [85.79088896607664, 111.92434209927396, -28.0, 8.0], [62.45137830364659, 120.88354083790647, -28.0, 8.0], [41.25017589973594, 134.1315224437366, -28.0, 8.0], [24.848700174973263, 152.9992619493059, -28.0, 8.0], [23.97621275741074, 177.98403262478328, -28.0, 8.0], [23.103725339848214, 202.96880330026067, -28.0, 8.0]],