{"name": "Road883", "members_distance": null, "m1": {"control_nodes": [[125.0, 0.0, -28.0, 8.0], [125.0, 25.0, -28.0, 8.0], [125.0, 50.0, -28.0, 8.0], [116.69070738193159, 81.90761889907589, -28.0, 8.0], [115.51181381324014, 97.81248635136953, -28.0, 8.0], [108.46508022811146, 116.62614014240258, -28.0, 8.0], [91.77044892079964, 143.85156500177627, -28.0, 8.0], [74.4309382583696, 152.81076374040876, -28.0, 8.0], [49.4461675828922, 151.93827632284624, -28.0, 8.0], [28.967366475667408, 166.2776872316224, -28.0, 8.0], [8.488565368442611, 180.61709814039855, -28.0, 8.0]], "sample_nodes": [[125.0, 25.0, -28.0, 8.0], [125.03695775278433, 27.763557950868893, -28.0, 8.0], [125.12935213474518, 30.505786161374452, -28.0, 8.0], [125.24946483129426, 33.237349501698354, -28.0, 8.0], [125.36957752784332, 35.968912842022256, -28.0, 8.0], [125.46197190980416, 38.71114105252782, -28.0, 8.0], [125.49892966258847, 41.47469900339671, -28.0, 8.0], [125.45273247160809, 44.27025156481059, -28.0, 8.0], [125.29566202227468, 47.10846360695114, -28.0, 8.0], [124.99999999999999, 50.0, -28.0, 8.0], [124.42387557205697, 53.453761726712706, -28.0, 8.0], [123.60075120117824, 57.06560725353671, -28.0, 8.0], [122.59929147282936, 60.77759308707505, -28.0, 8.0], [121.48816097247585, 64.53177573393077, -28.0, 8.0], [120.3360242855832, 68.27021170070688, -28.0, 8.0], [119.21154599761698, 71.9349574940064, -28.0, 8.0], [118.1833906940426, 75.4680696204324, -28.0, 8.0], [117.32022296032562, 78.81160458658789, -28.0, 8.0], [116.69070738193159, 81.90761889907589, -28.0, 8.0], [116.42042879295552, 83.89677809417016, -28.0, 8.0], [116.26735523157959, 85.77316550966637, -28.0, 8.0], [116.19617994469056, 87.5613313689213, -28.0, 8.0], [116.17159617917521, 89.28582589529188, -28.0, 8.0], [116.15829718192028, 90.97119931213496, -28.0, 8.0], [116.12097619981253, 92.64200184280736, -28.0, 8.0], [116.02432647973876, 94.32278371066604, -28.0, 8.0], [115.83304126858569, 96.03809513906779, -28.0, 8.0], [115.51181381324014, 97.81248635136953, -28.0, 8.0], [115.02463650646546, 99.84470310631713, -28.0, 8.0], [114.45800113186259, 101.87763161930594, -28.0, 8.0], [113.81426903011797, 103.91720141065768, -28.0, 8.0], [113.09580154191802, 105.96934200069404, -28.0, 8.0], [112.30496000794906, 108.03998290973661, -28.0, 8.0], [111.44410576889754, 110.13505365810705, -28.0, 8.0], [110.51560016544985, 112.26048376612714, -28.0, 8.0], [109.52180453829237, 114.4222027541184, -28.0, 8.0], [108.46508022811145, 116.62614014240256, -28.0, 8.0], [107.02628336725563, 119.57668982385654, -28.0, 8.0], [105.45892950022295, 122.75332134903365, -28.0, 8.0], [103.77352568252243, 126.0671243768893, -28.0, 8.0], [101.9805789696631, 129.4291885663789, -28.0, 8.0], [100.09059641715396, 132.75060357645793, -28.0, 8.0], [98.11408508050403, 135.94245906608174, -28.0, 8.0], [96.06155201522232, 138.9158446942058, -28.0, 8.0], [93.94350427681783, 141.58185011978549, -28.0, 8.0], [91.77044892079962, 143.85156500177627, -28.0, 8.0], [90.03340612528253, 145.37183524977513, -28.0, 8.0], [88.25550309548971, 146.74471560687377, -28.0, 8.0], [86.43394034250636, 147.97714419901325, -28.0, 8.0], [84.56591837741749, 149.0760591521346, -28.0, 8.0], [82.64863771130828, 150.04839859217904, -28.0, 8.0], [80.67929885526375, 150.90110064508758, -28.0, 8.0], [78.65510232036907, 151.64110343680127, -28.0, 8.0], [76.57324861770933, 152.27534509326134, -28.0, 8.0], [74.4309382583696, 152.8107637404088, -28.0, 8.0], [71.87997006746981, 153.14362636011134, -28.0, 8.0], [69.17480247951859, 153.11069151166308, -28.0, 8.0], [66.35740122471205, 152.82267893147514, -28.0, 8.0], [63.46973203324629, 152.3903083559589, -28.0, 8.0], [60.55376063531739, 151.92429952152554, -28.0, 8.0], [57.65145276112143, 151.5353721645863, -28.0, 8.0], [54.80477414085451, 151.33424602155256, -28.0, 8.0], [52.05569050471275, 151.43164082883544, -28.0, 8.0], [49.4461675828922, 151.93827632284624, -28.0, 8.0], [46.972952334786186, 152.86380655215768, -28.0, 8.0], [44.59245250989524, 154.1023388046448, -28.0, 8.0], [42.286125023576346, 155.59127267567246, -28.0, 8.0], [40.035426791186495, 157.2680077606056, -28.0, 8.0], [37.82181472808268, 159.06994365480892, -28.0, 8.0], [35.62674574962186, 160.93447995364744, -28.0, 8.0], [33.43167677116107, 162.79901625248596, -28.0, 8.0], [31.218064708057256, 164.60095214668934, -28.0, 8.0], [28.967366475667408, 166.2776872316224, -28.0, 8.0]], "num_spline_nodes": 10, "road_bbox_size": [0.0, 0.0, 250.0, 250.0], "distance_to_boundary": -0.3022943441049599}, "seed": {"control_nodes": [[125.0, 0.0, -28.0, 8.0], [125.0, 25.0, -28.0, 8.0], [125.0, 50.0, -28.0, 8.0], [117.69070738193159, 73.90761889907589, -28.0, 8.0], [115.51181381324014, 98.81248635136953, -28.0, 8.0], [112.46508022811146, 123.62614014240258, -28.0, 8.0], [97.77044892079964, 143.85156500177627, -28.0, 8.0], [74.4309382583696, 152.81076374040876, -28.0, 8.0], [49.4461675828922, 151.93827632284624, -28.0, 8.0], [28.967366475667408, 166.2776872316224, -28.0, 8.0], [8.488565368442611, 180.61709814039855, -28.0, 8.0]],