{"name": "Road73", "members_distance": null, "m1": {"control_nodes": [[125.0, 0.0, -28.0, 8.0], [125.0, 25.0, -28.0, 8.0], [125.0, 50.0, -28.0, 8.0], [114.04072133027306, 72.46985115747917, -28.0, 8.0], [94.76555822556386, 83.81961365096784, -28.0, 8.0], [81.20010168204638, 108.47730832688408, -28.0, 8.0], [64.47183652307493, 125.05592896381894, -28.0, 8.0], [42.82120142846396, 137.55592896381893, -28.0, 8.0], [32.65278535156895, 160.39456540488396, -28.0, 8.0], [29.606051766440267, 185.20821919591702, -28.0, 8.0], [26.559318181311582, 210.0218729869501, -28.0, 8.0]], "sample_nodes": [[125.0, 25.0, -28.0, 8.0], [125.0601332162948, 27.791660624650323, -28.0, 8.0], [125.21046625703181, 30.60414551960945, -28.0, 8.0], [125.4058992099899, 33.42704254972299, -28.0, 8.0], [125.60133216294798, 36.249939579836536, -28.0, 8.0], [125.75166520368498, 39.06242447479567, -28.0, 8.0], [125.81179841997977, 41.85408509944598, -28.0, 8.0], [125.7366318996113, 44.61450931863309, -28.0, 8.0], [125.4810657303584, 47.333284997202576, -28.0, 8.0], [125.0, 50.0, -28.0, 8.0], [124.31648185212741, 52.66676426918576, -28.0, 8.0], [123.4871347707574, 55.37004491099442, -28.0, 8.0], [122.51722335430696, 58.07596553638294, -28.0, 8.0], [121.41201220119325, 60.75064975630823, -28.0, 8.0], [120.17676590983334, 63.36022118172723, -28.0, 8.0], [118.81674907864425, 65.87080342359687, -28.0, 8.0], [117.33722630604315, 68.24852009287414, -28.0, 8.0], [115.74346219044706, 70.45949480051593, -28.0, 8.0], [114.04072133027306, 72.46985115747917, -28.0, 8.0], [112.24207681751986, 74.09862236589855, -28.0, 8.0], [110.20950607421129, 75.44676294879616, -28.0, 8.0], [108.00650888380046, 76.59514819351128, -28.0, 8.0], [105.69658502974056, 77.62465338738319, -28.0, 8.0], [103.34323429548465, 78.61615381775106, -28.0, 8.0], [101.00995646448588, 79.65052477195422, -28.0, 8.0], [98.76025132019741, 80.80864153733191, -28.0, 8.0], [96.65761864607236, 82.17137940122338, -28.0, 8.0], [94.76555822556386, 83.81961365096784, -28.0, 8.0], [92.91148443371199, 86.04324328984305, -28.0, 8.0], [91.27323836012235, 88.58253737853232, -28.0, 8.0], [89.79547964438672, 91.35750910433012, -28.0, 8.0], [88.42286792609693, 94.28817165453088, -28.0, 8.0], [87.10006284484466, 97.29453821642903, -28.0, 8.0], [85.77172404022167, 100.29662197731898, -28.0, 8.0], [84.38251115181983, 103.21443612449522, -28.0, 8.0], [82.87708381923079, 105.96799384525208, -28.0, 8.0], [81.20010168204638, 108.47730832688407, -28.0, 8.0], [79.54570301495879, 110.59415419497073, -28.0, 8.0], [77.84114765544868, 112.6295105647341, -28.0, 8.0], [76.08604231508782, 114.58886112383843, -28.0, 8.0], [74.27999370544796, 116.4776895599478, -28.0, 8.0], [72.42260853810086, 118.3014795607265, -28.0, 8.0], [70.51349352461824, 120.06571481383881, -28.0, 8.0], [68.55225537657188, 121.77587900694883, -28.0, 8.0], [66.53850080553352, 123.43745582772084, -28.0, 8.0], [64.47183652307493, 125.05592896381893, -28.0, 8.0], [62.1999305791525, 126.5921646777929, -28.0, 8.0], [59.74130698538332, 127.94764876644732, -28.0, 8.0], [57.16166042980516, 129.1840590522315, -28.0, 8.0], [54.52668560045584, 130.3630733575947, -28.0, 8.0], [51.902077185373116, 131.54636950498605, -28.0, 8.0], [49.3535298725948, 132.79562531685494, -28.0, 8.0], [46.946738350158626, 134.17251861565055, -28.0, 8.0], [44.74739730610243, 135.73872722382214, -28.0, 8.0], [42.821201428463965, 137.55592896381893, -28.0, 8.0], [41.148280384894036, 139.62889620142155, -28.0, 8.0], [39.65300432118028, 141.89833729707107, -28.0, 8.0], [38.31742864256569, 144.32983406520734, -28.0, 8.0], [37.12360875429327, 146.88896832027038, -28.0, 8.0], [36.053600061606026, 149.54132187670007, -28.0, 8.0], [35.08945796974697, 152.25247654893633, -28.0, 8.0], [34.2132378839591, 154.98801415141912, -28.0, 8.0], [33.40699520948543, 157.71351649858835, -28.0, 8.0], [32.65278535156895, 160.39456540488396, -28.0, 8.0], [32.001647820523765, 163.06494318523335, -28.0, 8.0], [31.49704696626388, 165.77595918266024, -28.0, 8.0], [31.109675453432253, 168.51948575374917, -28.0, 8.0], [30.810225946671817, 171.28739525508462, -28.0, 8.0], [30.5693911106255, 174.0715600432511, -28.0, 8.0], [30.357863609936253, 176.8638524748331, -28.0, 8.0], [30.146336109247013, 179.6561449064151, -28.0, 8.0], [29.9055012732007, 182.44030969458154, -28.0, 8.0], [29.606051766440263, 185.20821919591702, -28.0, 8.0]], "num_spline_nodes": 10, "road_bbox_size": [0.0, 0.0, 250.0, 250.0], "distance_to_boundary": -0.0774559299248323}, "seed": {"control_nodes": [[125.0, 0.0, -28.0, 8.0], [125.0, 25.0, -28.0, 8.0], [125.0, 50.0, -28.0, 8.0], [114.04072133027306, 72.46985115747917, -28.0, 8.0], [91.76555822556386, 83.81961365096784, -28.0, 8.0], [81.20010168204638, 106.47730832688408, -28.0, 8.0], [64.47183652307493, 125.05592896381894, -28.0, 8.0], [42.82120142846396, 137.55592896381893, -28.0, 8.0], [32.65278535156895, 160.39456540488396, -28.0, 8.0], [29.606051766440267, 185.20821919591702, -28.0, 8.0], [26.559318181311582, 210.0218729869501, -28.0, 8.0]],