{"name": "Road461", "members_distance": null, "m1": {"control_nodes": [[125.0, 0.0, -28.0, 8.0], [125.0, 25.0, -28.0, 8.0], [125.0, 50.0, -28.0, 8.0], [116.86079613857109, 73.63796438998293, -28.0, 8.0], [91.43214710214681, 85.37097416622886, -28.0, 8.0], [72.89146751595521, 95.14119905064248, -28.0, 8.0], [51.13476579741595, 96.62052657464412, -28.0, 8.0], [29.85092325693669, 114.67048557620657, -28.0, 8.0], [20.485758421538886, 137.85008194037627, -28.0, 8.0], [22.229670265142015, 162.78918319687187, -28.0, 8.0], [23.973582108745145, 187.72828445336748, -28.0, 8.0]], "sample_nodes": [[125.0, 25.0, -28.0, 8.0], [125.04465955479522, 27.785251224197626, -28.0, 8.0], [125.15630844178328, 30.581712618025016, -28.0, 8.0], [125.30145199486775, 33.3837790966673, -28.0, 8.0], [125.4465955479522, 36.185845575309585, -28.0, 8.0], [125.55824443494026, 38.98230696913698, -28.0, 8.0], [125.60290398973547, 41.767558193334594, -28.0, 8.0], [125.54707954624146, 44.535994163087565, -28.0, 8.0], [125.35727643836178, 47.282009793581004, -28.0, 8.0], [125.0, 50.0, -28.0, 8.0], [124.53761610693314, 52.75314823926622, -28.0, 8.0], [124.0348023631461, 55.578651324655375, -28.0, 8.0], [123.46153169485433, 58.43192420588366, -28.0, 8.0], [122.78777702827331, 61.2683818326673, -28.0, 8.0], [121.98351128961852, 64.04343915472248, -28.0, 8.0], [121.01870740510543, 66.71251112176542, -28.0, 8.0], [119.86333830094954, 69.23101268351235, -28.0, 8.0], [118.48737690336625, 71.55435878967944, -28.0, 8.0], [116.86079613857109, 73.63796438998293, -28.0, 8.0], [114.77088648720556, 75.54392617571632, -28.0, 8.0], [112.28992271809217, 77.17264647152237, -28.0, 8.0], [109.50669633200218, 78.5784115552823, -28.0, 8.0], [106.5099988297069, 79.81550770487753, -28.0, 8.0], [103.38862171197766, 80.93822119818935, -28.0, 8.0], [100.23135647958571, 82.00083831309905, -28.0, 8.0], [97.12699463330242, 83.05764532748802, -28.0, 8.0], [94.16432767389902, 84.16292851923751, -28.0, 8.0], [91.43214710214681, 85.37097416622888, -28.0, 8.0], [89.24645288105114, 86.51721224130021, -28.0, 8.0], [87.14946098343977, 87.72400084234141, -28.0, 8.0], [85.1166152754822, 88.95889072261267, -28.0, 8.0], [83.12335962334788, 90.18943263537419, -28.0, 8.0], [81.14513789320623, 91.38317733388615, -28.0, 8.0], [79.15739395122671, 92.50767557140877, -28.0, 8.0], [77.13557166357873, 93.53047810120222, -28.0, 8.0], [75.05511489643175, 94.41913567652672, -28.0, 8.0], [72.89146751595521, 95.14119905064247, -28.0, 8.0], [70.58498508616414, 95.60727041710939, -28.0, 8.0], [68.19667808079878, 95.78516892941141, -28.0, 8.0], [65.7497289387907, 95.76607206345011, -28.0, 8.0], [63.26732009907153, 95.64115729512716, -28.0, 8.0], [60.77263400057291, 95.50160210034414, -28.0, 8.0], [58.28885308222641, 95.43858395500271, -28.0, 8.0], [55.839159782963684, 95.54328033500448, -28.0, 8.0], [53.44673654171631, 95.9068687162511, -28.0, 8.0], [51.13476579741596, 96.62052657464413, -28.0, 8.0], [48.55058025480783, 97.82664065311113, -28.0, 8.0], [45.94278468554182, 99.33600725015377, -28.0, 8.0], [43.34499561703075, 101.10431495656539, -28.0, 8.0], [40.79082957668746, 103.08725236313921, -28.0, 8.0], [38.313903091924765, 105.24050806066856, -28.0, 8.0], [35.94783269015552, 107.51977063994667, -28.0, 8.0], [33.72623489879254, 109.88072869176688, -28.0, 8.0], [31.68272624524865, 112.27907080692239, -28.0, 8.0], [29.850923256936692, 114.67048557620657, -28.0, 8.0], [28.28922328490129, 116.9761273318038, -28.0, 8.0], [26.851795714961668, 119.38926316113835, -28.0, 8.0], [25.541215885659184, 121.89273870598701, -28.0, 8.0], [24.360059135535167, 124.46939960812665, -28.0, 8.0], [23.310900803130945, 127.10209150933395, -28.0, 8.0], [22.396316226987878, 129.77366005138578, -28.0, 8.0], [21.61888074564728, 132.46695087605892, -28.0, 8.0], [20.981169697650504, 135.16480962513015, -28.0, 8.0], [20.48575842153889, 137.8500819403763, -28.0, 8.0], [20.191885178197083, 140.54385840844446, -28.0, 8.0], [20.126593759526074, 143.2738386808815, -28.0, 8.0], [20.24416780059171, 146.03278199681358, -28.0, 8.0], [20.49889093645983, 148.81344759536705, -28.0, 8.0], [20.845046802196265, 151.608594715668, -28.0, 8.0], [21.236919032866865, 154.41098259684273, -28.0, 8.0], [21.628791263537455, 157.21337047801748, -28.0, 8.0], [21.9749471292739, 160.00851759831846, -28.0, 8.0], [22.229670265142012, 162.78918319687187, -28.0, 8.0]], "num_spline_nodes": 10, "road_bbox_size": [0.0, 0.0, 250.0, 250.0], "distance_to_boundary": -0.5459167568369789}, "seed": {"control_nodes": [[125.0, 0.0, -28.0, 8.0], [125.0, 25.0, -28.0, 8.0], [125.0, 50.0, -28.0, 8.0], [116.86079613857109, 73.63796438998293, -28.0, 8.0], [97.43214710214681, 89.37097416622886, -28.0, 8.0], [72.89146751595521, 94.14119905064248, -28.0, 8.0], [48.13476579741595, 97.62052657464412, -28.0, 8.0], [29.85092325693669, 114.67048557620657, -28.0, 8.0], [20.485758421538886, 137.85008194037627, -28.0, 8.0], [22.229670265142015, 162.78918319687187, -28.0, 8.0], [23.973582108745145, 187.72828445336748, -28.0, 8.0]],