{"name": "Road932", "members_distance": null, "m1": {"control_nodes": [[125.0, 0.0, -28.0, 8.0], [125.0, 25.0, -28.0, 8.0], [125.0, 50.0, -28.0, 8.0], [116.69070738193159, 87.90761889907589, -28.0, 8.0], [115.51181381324014, 97.81248635136953, -28.0, 8.0], [109.46508022811146, 116.62614014240258, -28.0, 8.0], [91.77044892079964, 143.85156500177627, -28.0, 8.0], [74.4309382583696, 152.81076374040876, -28.0, 8.0], [49.4461675828922, 151.93827632284624, -28.0, 8.0], [28.967366475667408, 166.2776872316224, -28.0, 8.0], [8.488565368442611, 180.61709814039855, -28.0, 8.0]], "sample_nodes": [[125.0, 25.0, -28.0, 8.0], [125.03258701551931, 27.75126774889648, -28.0, 8.0], [125.11405455431762, 30.462770454471013, -28.0, 8.0], [125.2199623547554, 33.15439063838457, -28.0, 8.0], [125.32587015519317, 35.84601082229814, -28.0, 8.0], [125.40733769399145, 38.55751352787267, -28.0, 8.0], [125.43992470951076, 41.30878127676915, -28.0, 8.0], [125.39919094011164, 44.11969659064855, -28.0, 8.0], [125.26069612415452, 47.01014199117184, -28.0, 8.0], [125.0, 50.0, -28.0, 8.0], [124.43784949205251, 54.01652111877896, -28.0, 8.0], [123.62064173663077, 58.38802595969895, -28.0, 8.0], [122.61899724400295, 62.983318270771726, -28.0, 8.0], [121.50353652443738, 67.67120180000904, -28.0, 8.0], [120.3448800882023, 72.32048029542273, -28.0, 8.0], [119.21364844556592, 76.79995750502448, -28.0, 8.0], [118.18046210679651, 80.97843717682608, -28.0, 8.0], [117.3159415821623, 84.72472305883927, -28.0, 8.0], [116.69070738193159, 87.90761889907589, -28.0, 8.0], [116.48432487209938, 89.26745985224036, -28.0, 8.0], [116.34125589249086, 90.47469032010841, -28.0, 8.0], [116.24244403753161, 91.56693264011439, -28.0, 8.0], [116.16883290164714, 92.58180914969263, -28.0, 8.0], [116.10136607926296, 93.55694218627747, -28.0, 8.0], [116.02098716480467, 94.52995408730324, -28.0, 8.0], [115.90863975269772, 95.5384671902043, -28.0, 8.0], [115.74526743736773, 96.62010383241494, -28.0, 8.0], [115.51181381324015, 97.81248635136953, -28.0, 8.0], [115.1024501043623, 99.6411534645612, -28.0, 8.0], [114.64348991433556, 101.56954375319867, -28.0, 8.0], [114.12806435168534, 103.58296216318985, -28.0, 8.0], [113.54930452493693, 105.66671364044248, -28.0, 8.0], [112.90034154261582, 107.80610313086447, -28.0, 8.0], [112.17430651324733, 109.98643558036363, -28.0, 8.0], [111.36433054535684, 112.19301593484779, -28.0, 8.0], [110.46354474746977, 114.41114914022484, -28.0, 8.0], [109.46508022811147, 116.62614014240259, -28.0, 8.0], [108.01827811458286, 119.59470340445935, -28.0, 8.0], [106.38490728442957, 122.78043855227001, -28.0, 8.0], [104.5892898985199, 126.09632377171229, -28.0, 8.0], [102.65574811772206, 129.45533724866374, -28.0, 8.0], [100.60860410290434, 132.77045716900204, -28.0, 8.0], [98.47218001493498, 135.95466171860477, -28.0, 8.0], [96.27079801468223, 138.92092908334965, -28.0, 8.0], [94.02878026301434, 141.58223744911427, -28.0, 8.0], [91.77044892079962, 143.85156500177627, -28.0, 8.0], [90.0070444421462, 145.36289066418226, -28.0, 8.0], [88.21513676818725, 146.7310192101847, -28.0, 8.0], [86.3894550022138, 147.96205021082523, -28.0, 8.0], [84.524728247517, 149.06208323714577, -28.0, 8.0], [82.61568560738786, 150.03721786018795, -28.0, 8.0], [80.65705618511748, 150.89355365099357, -28.0, 8.0], [78.64356908399694, 151.6371901806044, -28.0, 8.0], [76.56995340731727, 152.2742270200622, -28.0, 8.0], [74.4309382583696, 152.81076374040876, -28.0, 8.0], [71.87997006746981, 153.14362636011134, -28.0, 8.0], [69.17480247951859, 153.11069151166308, -28.0, 8.0], [66.35740122471205, 152.82267893147514, -28.0, 8.0], [63.46973203324629, 152.3903083559589, -28.0, 8.0], [60.55376063531739, 151.92429952152554, -28.0, 8.0], [57.65145276112143, 151.5353721645863, -28.0, 8.0], [54.80477414085451, 151.33424602155256, -28.0, 8.0], [52.05569050471275, 151.43164082883544, -28.0, 8.0], [49.4461675828922, 151.93827632284624, -28.0, 8.0], [46.972952334786186, 152.86380655215768, -28.0, 8.0], [44.59245250989524, 154.1023388046448, -28.0, 8.0], [42.286125023576346, 155.59127267567246, -28.0, 8.0], [40.035426791186495, 157.2680077606056, -28.0, 8.0], [37.82181472808268, 159.06994365480892, -28.0, 8.0], [35.62674574962186, 160.93447995364744, -28.0, 8.0], [33.43167677116107, 162.79901625248596, -28.0, 8.0], [31.218064708057256, 164.60095214668934, -28.0, 8.0], [28.967366475667408, 166.2776872316224, -28.0, 8.0]], "num_spline_nodes": 10, "road_bbox_size": [0.0, 0.0, 250.0, 250.0], "distance_to_boundary": -0.33993823383918453}, "seed": {"control_nodes": [[125.0, 0.0, -28.0, 8.0], [125.0, 25.0, -28.0, 8.0], [125.0, 50.0, -28.0, 8.0], [117.69070738193159, 73.90761889907589, -28.0, 8.0], [115.51181381324014, 98.81248635136953, -28.0, 8.0], [112.46508022811146, 123.62614014240258, -28.0, 8.0], [97.77044892079964, 143.85156500177627, -28.0, 8.0], [74.4309382583696, 152.81076374040876, -28.0, 8.0], [49.4461675828922, 151.93827632284624, -28.0, 8.0], [28.967366475667408, 166.2776872316224, -28.0, 8.0], [8.488565368442611, 180.61709814039855, -28.0, 8.0]],