{"name": "Road663", "members_distance": null, "m1": {"control_nodes": [[125.0, 0.0, -28.0, 8.0], [125.0, 25.0, -28.0, 8.0], [125.0, 50.0, -28.0, 8.0], [113.69070738193159, 73.90761889907589, -28.0, 8.0], [113.51181381324014, 100.81248635136953, -28.0, 8.0], [112.46508022811146, 118.62614014240258, -28.0, 8.0], [90.77044892079964, 143.85156500177627, -28.0, 8.0], [74.4309382583696, 152.81076374040876, -28.0, 8.0], [49.4461675828922, 151.93827632284624, -28.0, 8.0], [28.967366475667408, 166.2776872316224, -28.0, 8.0], [8.488565368442611, 180.61709814039855, -28.0, 8.0]], "sample_nodes": [[125.0, 25.0, -28.0, 8.0], [125.05948267498391, 27.78727658802979, -28.0, 8.0], [125.20818936244369, 30.588801391437592, -28.0, 8.0], [125.4015080561414, 33.39745030253441, -28.0, 8.0], [125.59482674983909, 36.206099213631234, -28.0, 8.0], [125.74353343729888, 39.00762401703904, -28.0, 8.0], [125.80301611228276, 41.79490060506882, -28.0, 8.0], [125.7286627685529, 44.56080487003159, -28.0, 8.0], [125.47586139987128, 47.298212704238324, -28.0, 8.0], [125.0, 50.0, -28.0, 8.0], [124.18600874610799, 52.72167357825851, -28.0, 8.0], [123.04481395116241, 55.38298544793127, -28.0, 8.0], [121.66922461688812, 58.00281154001634, -28.0, 8.0], [120.15204974501, 60.60002778551174, -28.0, 8.0], [118.58609833725285, 63.19351011541556, -28.0, 8.0], [117.0641793953416, 65.80213446072584, -28.0, 8.0], [115.67910192100105, 68.44477675244062, -28.0, 8.0], [114.52367491595612, 71.14031292155794, -28.0, 8.0], [113.69070738193159, 73.90761889907589, -28.0, 8.0], [113.18255120687003, 76.80443176182175, -28.0, 8.0], [112.91645052105011, 79.80456761961723, -28.0, 8.0], [112.84098287678326, 82.87366842324565, -28.0, 8.0], [112.904725826381, 85.97737612349023, -28.0, 8.0], [113.05625692215483, 89.08133267113426, -28.0, 8.0], [113.24415371641614, 92.15118001696094, -28.0, 8.0], [113.41699376147648, 95.15256011175352, -28.0, 8.0], [113.52335460964731, 98.05111490629528, -28.0, 8.0], [113.51181381324014, 100.81248635136953, -28.0, 8.0], [113.49986746023971, 102.95017398380057, -28.0, 8.0], [113.57455506722978, 105.00758632469056, -28.0, 8.0], [113.68756664649871, 107.0021564168327, -28.0, 8.0], [113.79059221033472, 108.95131730302023, -28.0, 8.0], [113.83532177102612, 110.87250202604642, -28.0, 8.0], [113.77344534086122, 112.78314362870451, -28.0, 8.0], [113.55665293212829, 114.70067515378776, -28.0, 8.0], [113.1366345571156, 116.64252964408932, -28.0, 8.0], [112.46508022811146, 118.62614014240258, -28.0, 8.0], [111.08243789910763, 121.466479425376, -28.0, 8.0], [109.21969084499622, 124.45301518947781, -28.0, 8.0], [106.9724690628914, 127.51907241080312, -28.0, 8.0], [104.43640254990753, 130.5979760654471, -28.0, 8.0], [101.70712130315874, 133.62305112950486, -28.0, 8.0], [98.88025531975936, 136.52762257907156, -28.0, 8.0], [96.05143459682353, 139.24501539024226, -28.0, 8.0], [93.31628913146558, 141.70855453911213, -28.0, 8.0], [90.77044892079965, 143.8515650017763, -28.0, 8.0], [88.98543904619632, 145.26916166067423, -28.0, 8.0], [87.23850247397385, 146.58610947464842, -28.0, 8.0], [85.5100551484571, 147.80031543448226, -28.0, 8.0], [83.78051301397096, 148.90968653095916, -28.0, 8.0], [82.03029201484028, 149.91212975486252, -28.0, 8.0], [80.2398080953899, 150.80555209697573, -28.0, 8.0], [78.38947719994479, 151.58786054808223, -28.0, 8.0], [76.45971527282968, 152.2569620989654, -28.0, 8.0], [74.4309382583696, 152.81076374040876, -28.0, 8.0], [71.91560512466283, 153.1603788796672, -28.0, 8.0], [69.22936866084542, 153.13634380723303, -28.0, 8.0], [66.4175353837253, 152.85094880822567, -28.0, 8.0], [63.5254118101104, 152.41648416776496, -28.0, 8.0], [60.59830445680868, 151.9452401709704, -28.0, 8.0], [57.681519840628056, 151.54950710296157, -28.0, 8.0], [54.82036447837647, 151.34157524885825, -28.0, 8.0], [52.06014488686188, 151.43373489377993, -28.0, 8.0], [49.4461675828922, 151.93827632284624, -28.0, 8.0], [46.972952334786186, 152.86380655215768, -28.0, 8.0], [44.59245250989524, 154.1023388046448, -28.0, 8.0], [42.286125023576346, 155.59127267567246, -28.0, 8.0], [40.035426791186495, 157.2680077606056, -28.0, 8.0], [37.82181472808268, 159.06994365480892, -28.0, 8.0], [35.62674574962186, 160.93447995364744, -28.0, 8.0], [33.43167677116107, 162.79901625248596, -28.0, 8.0], [31.218064708057256, 164.60095214668934, -28.0, 8.0], [28.967366475667408, 166.2776872316224, -28.0, 8.0]], "num_spline_nodes": 10, "road_bbox_size": [0.0, 0.0, 250.0, 250.0], "distance_to_boundary": -0.32992257420355875}, "seed": {"control_nodes": [[125.0, 0.0, -28.0, 8.0], [125.0, 25.0, -28.0, 8.0], [125.0, 50.0, -28.0, 8.0], [117.69070738193159, 73.90761889907589, -28.0, 8.0], [115.51181381324014, 98.81248635136953, -28.0, 8.0], [112.46508022811146, 123.62614014240258, -28.0, 8.0], [97.77044892079964, 143.85156500177627, -28.0, 8.0], [74.4309382583696, 152.81076374040876, -28.0, 8.0], [49.4461675828922, 151.93827632284624, -28.0, 8.0], [28.967366475667408, 166.2776872316224, -28.0, 8.0], [8.488565368442611, 180.61709814039855, -28.0, 8.0]],