{"name": "Road705", "members_distance": null, "m1": {"control_nodes": [[125.0, 0.0, -28.0, 8.0], [125.0, 25.0, -28.0, 8.0], [125.0, 50.0, -28.0, 8.0], [116.69070738193159, 70.90761889907589, -28.0, 8.0], [119.51181381324014, 100.81248635136953, -28.0, 8.0], [108.46508022811146, 118.62614014240258, -28.0, 8.0], [88.77044892079964, 143.85156500177627, -28.0, 8.0], [74.4309382583696, 152.81076374040876, -28.0, 8.0], [49.4461675828922, 151.93827632284624, -28.0, 8.0], [28.967366475667408, 166.2776872316224, -28.0, 8.0], [8.488565368442611, 180.61709814039855, -28.0, 8.0]], "sample_nodes": [[125.0, 25.0, -28.0, 8.0], [125.04932744152461, 27.79445056734804, -28.0, 8.0], [125.17264604533618, 30.61391031905146, -28.0, 8.0], [125.33296023029118, 33.44587466293258, -28.0, 8.0], [125.49327441524619, 36.277839006813714, -28.0, 8.0], [125.61659301905775, 39.09729875851714, -28.0, 8.0], [125.66592046058236, 41.89174932586516, -28.0, 8.0], [125.60426115867658, 44.64868611668012, -28.0, 8.0], [125.39461953219696, 47.355604538784306, -28.0, 8.0], [125.0, 50.0, -28.0, 8.0], [124.37714114853799, 52.41778239047195, -28.0, 8.0], [123.50571290479789, 54.74131642851493, -28.0, 8.0], [122.46005973505461, 57.00084637689403, -28.0, 8.0], [121.3145261055833, 59.22661649837447, -28.0, 8.0], [120.14345648265893, 61.44887105572133, -28.0, 8.0], [119.02119533255657, 63.69785431169976, -28.0, 8.0], [118.0220871215512, 66.0038105290749, -28.0, 8.0], [117.22047631591786, 68.39698397061191, -28.0, 8.0], [116.69070738193159, 70.90761889907589, -28.0, 8.0], [116.51548711680393, 74.01123126393054, -28.0, 8.0], [116.75820925752775, 77.31857294527367, -28.0, 8.0], [117.29211383037455, 80.76581180947449, -28.0, 8.0], [117.99044086161577, 84.2891157229023, -28.0, 8.0], [118.7264303775229, 87.82465255192629, -28.0, 8.0], [119.37332240436743, 91.30859016291576, -28.0, 8.0], [119.80435696842082, 94.67709642223994, -28.0, 8.0], [119.89277409595456, 97.86633919626814, -28.0, 8.0], [119.51181381324012, 100.81248635136951, -28.0, 8.0], [118.84398370419846, 103.06541349358076, -28.0, 8.0], [117.96112464761654, 105.16493773052368, -28.0, 8.0], [116.89543639953827, 107.14748542054096, -28.0, 8.0], [115.67911871600774, 109.04948292197543, -28.0, 8.0], [114.34437135306896, 110.90735659316988, -28.0, 8.0], [112.92339406676592, 112.75753279246703, -28.0, 8.0], [111.44838661314266, 114.6364378782097, -28.0, 8.0], [109.95154874824316, 116.58049820874064, -28.0, 8.0], [108.46508022811147, 118.62614014240258, -28.0, 8.0], [106.57030997578288, 121.35498103686395, -28.0, 8.0], [104.53836770792404, 124.27988990447051, -28.0, 8.0], [102.396592633139, 127.32476448065074, -28.0, 8.0], [100.17232396003166, 130.41350250083326, -28.0, 8.0], [97.892900897206, 133.47000170044643, -28.0, 8.0], [95.585662653266, 136.4181598149188, -28.0, 8.0], [93.27794843681563, 139.18187457967892, -28.0, 8.0], [90.99709745645883, 141.68504373015523, -28.0, 8.0], [88.77044892079964, 143.85156500177627, -28.0, 8.0], [87.20880637810266, 145.2414314864686, -28.0, 8.0], [85.69285816795957, 146.54076796663483, -28.0, 8.0], [84.1996313885835, 147.74611587726707, -28.0, 8.0], [82.70615313818757, 148.85401665335763, -28.0, 8.0], [81.18945051498496, 149.86101172989854, -28.0, 8.0], [79.62655061718871, 150.76364254188195, -28.0, 8.0], [77.99448054301197, 151.55845052430004, -28.0, 8.0], [76.27026739066791, 152.24197711214495, -28.0, 8.0], [74.4309382583696, 152.81076374040873, -28.0, 8.0], [71.99376527834265, 153.19719236001234, -28.0, 8.0], [69.34905139616761, 153.19271444901142, -28.0, 8.0], [66.54943064305996, 152.91307155630807, -28.0, 8.0], [63.64753705023509, 152.47400523080418, -28.0, 8.0], [60.69600464890842, 151.99125702140174, -28.0, 8.0], [57.74746747029538, 151.58056847700277, -28.0, 8.0], [54.85455954561138, 151.3576811465092, -28.0, 8.0], [52.06991490607185, 151.43833657882305, -28.0, 8.0], [49.44616758289221, 151.93827632284626, -28.0, 8.0], [46.972952334786186, 152.86380655215768, -28.0, 8.0], [44.59245250989524, 154.1023388046448, -28.0, 8.0], [42.286125023576346, 155.59127267567246, -28.0, 8.0], [40.035426791186495, 157.2680077606056, -28.0, 8.0], [37.82181472808268, 159.06994365480892, -28.0, 8.0], [35.62674574962186, 160.93447995364744, -28.0, 8.0], [33.43167677116107, 162.79901625248596, -28.0, 8.0], [31.218064708057256, 164.60095214668934, -28.0, 8.0], [28.967366475667408, 166.2776872316224, -28.0, 8.0]], "num_spline_nodes": 10, "road_bbox_size": [0.0, 0.0, 250.0, 250.0], "distance_to_boundary": -0.44952312173005415}, "seed": {"control_nodes": [[125.0, 0.0, -28.0, 8.0], [125.0, 25.0, -28.0, 8.0], [125.0, 50.0, -28.0, 8.0], [117.69070738193159, 73.90761889907589, -28.0, 8.0], [115.51181381324014, 98.81248635136953, -28.0, 8.0], [112.46508022811146, 123.62614014240258, -28.0, 8.0], [97.77044892079964, 143.85156500177627, -28.0, 8.0], [74.4309382583696, 152.81076374040876, -28.0, 8.0], [49.4461675828922, 151.93827632284624, -28.0, 8.0], [28.967366475667408, 166.2776872316224, -28.0, 8.0], [8.488565368442611, 180.61709814039855, -28.0, 8.0]],