{"name": "Road596", "members_distance": null, "m1": {"control_nodes": [[125.0, 0.0, -28.0, 8.0], [125.0, 25.0, -28.0, 8.0], [125.0, 50.0, -28.0, 8.0], [114.69070738193159, 77.90761889907589, -28.0, 8.0], [115.51181381324014, 98.81248635136953, -28.0, 8.0], [112.46508022811146, 118.62614014240258, -28.0, 8.0], [98.77044892079964, 143.85156500177627, -28.0, 8.0], [74.4309382583696, 152.81076374040876, -28.0, 8.0], [49.4461675828922, 151.93827632284624, -28.0, 8.0], [28.967366475667408, 166.2776872316224, -28.0, 8.0], [8.488565368442611, 180.61709814039855, -28.0, 8.0]], "sample_nodes": [[125.0, 25.0, -28.0, 8.0], [125.049599859118, 27.77472065294875, -28.0, 8.0], [125.17359950691304, 30.544855618653948, -28.0, 8.0], [125.33479904904652, 33.31269774073738, -28.0, 8.0], [125.49599859118005, 36.08053986282082, -28.0, 8.0], [125.61999823897506, 38.850674828526024, -28.0, 8.0], [125.66959809809305, 41.62539548147477, -28.0, 8.0], [125.60759827419555, 44.40699466528883, -28.0, 8.0], [125.39679887294405, 47.19776522358999, -28.0, 8.0], [125.0, 50.0, -28.0, 8.0], [124.25935043022452, 53.089519829260155, -28.0, 8.0], [123.19628811493914, 56.2193495026325, -28.0, 8.0], [121.90561558209936, 59.37342694925623, -28.0, 8.0], [120.48213535966083, 62.53569009827065, -28.0, 8.0], [119.02064997557912, 65.69007687881495, -28.0, 8.0], [117.61596195780976, 68.82052522002837, -28.0, 8.0], [116.36287383430837, 71.91097305105019, -28.0, 8.0], [115.35618813303043, 74.94535830101961, -28.0, 8.0], [114.69070738193159, 77.90761889907589, -28.0, 8.0], [114.42471243084304, 80.33407504230959, -28.0, 8.0], [114.3691145232203, 82.71917093567356, -28.0, 8.0], [114.4720180331864, 85.06952242629282, -28.0, 8.0], [114.68152733486446, 87.39174536129241, -28.0, 8.0], [114.94574680237743, 89.69245558779721, -28.0, 8.0], [115.21278080984845, 91.97826895293235, -28.0, 8.0], [115.43073373140052, 94.25580130382278, -28.0, 8.0], [115.54770994115673, 96.5316684875935, -28.0, 8.0], [115.51181381324015, 98.81248635136954, -28.0, 8.0], [115.38245983205884, 101.03588412072332, -28.0, 8.0], [115.23765663413684, 103.23655871919718, -28.0, 8.0], [115.06161402957143, 105.42190428986882, -28.0, 8.0], [114.83854182845978, 107.59931497581594, -28.0, 8.0], [114.55264984089918, 109.7761849201162, -28.0, 8.0], [114.18814787698682, 111.9599082658473, -28.0, 8.0], [113.72924574681987, 114.15787915608689, -28.0, 8.0], [113.16015326049572, 116.3774917339128, -28.0, 8.0], [112.46508022811145, 118.62614014240258, -28.0, 8.0], [111.49104550641174, 121.4453250917724, -28.0, 8.0], [110.39224819518486, 124.43184953394503, -28.0, 8.0], [109.16348751360897, 127.51224369004113, -28.0, 8.0], [107.79956268086221, 130.61303778118162, -28.0, 8.0], [106.29527291612268, 133.66076202848717, -28.0, 8.0], [104.64541743856856, 136.58194665307866, -28.0, 8.0], [102.8447954673779, 139.3031218760768, -28.0, 8.0], [100.88820622172888, 141.75081791860242, -28.0, 8.0], [98.77044892079965, 143.8515650017763, -28.0, 8.0], [96.55658043077237, 145.54415278137796, -28.0, 8.0], [94.1248667566576, 147.01732385730895, -28.0, 8.0], [91.51611423625258, 148.29042239688312, -28.0, 8.0], [88.77112920735448, 149.38279256741433, -28.0, 8.0], [85.93071800776048, 150.31377853621626, -28.0, 8.0], [83.03568697526782, 151.1027244706029, -28.0, 8.0], [80.12684244767364, 151.76897453788794, -28.0, 8.0], [77.24499076277516, 152.33187290538532, -28.0, 8.0], [74.4309382583696, 152.81076374040873, -28.0, 8.0], [71.67747057078692, 153.0508607203824, -28.0, 8.0], [68.86472512522293, 152.96864412582812, -28.0, 8.0], [66.01568332405968, 152.66613691443254, -28.0, 8.0], [63.15332656967928, 152.24536204388238, -28.0, 8.0], [60.300636264463776, 151.8083424718643, -28.0, 8.0], [57.480593810795256, 151.45710115606505, -28.0, 8.0], [54.716180611055755, 151.29366105417114, -28.0, 8.0], [52.03037806762739, 151.4200451238693, -28.0, 8.0], [49.44616758289221, 151.93827632284626, -28.0, 8.0], [46.972952334786186, 152.86380655215768, -28.0, 8.0], [44.59245250989524, 154.1023388046448, -28.0, 8.0], [42.286125023576346, 155.59127267567246, -28.0, 8.0], [40.035426791186495, 157.2680077606056, -28.0, 8.0], [37.82181472808268, 159.06994365480892, -28.0, 8.0], [35.62674574962186, 160.93447995364744, -28.0, 8.0], [33.43167677116107, 162.79901625248596, -28.0, 8.0], [31.218064708057256, 164.60095214668934, -28.0, 8.0], [28.967366475667408, 166.2776872316224, -28.0, 8.0]], "num_spline_nodes": 10, "road_bbox_size": [0.0, 0.0, 250.0, 250.0], "distance_to_boundary": -0.30882048922024063}, "seed": {"control_nodes": [[125.0, 0.0, -28.0, 8.0], [125.0, 25.0, -28.0, 8.0], [125.0, 50.0, -28.0, 8.0], [117.69070738193159, 73.90761889907589, -28.0, 8.0], [115.51181381324014, 98.81248635136953, -28.0, 8.0], [112.46508022811146, 123.62614014240258, -28.0, 8.0], [97.77044892079964, 143.85156500177627, -28.0, 8.0], [74.4309382583696, 152.81076374040876, -28.0, 8.0], [49.4461675828922, 151.93827632284624, -28.0, 8.0], [28.967366475667408, 166.2776872316224, -28.0, 8.0], [8.488565368442611, 180.61709814039855, -28.0, 8.0]],