{"name": "Road205", "members_distance": null, "m1": {"control_nodes": [[125.0, 0.0, -28.0, 8.0], [125.0, 25.0, -28.0, 8.0], [125.0, 50.0, -28.0, 8.0], [118.69070738193159, 74.90761889907589, -28.0, 8.0], [100.0747315065559, 94.87438309771149, -28.0, 8.0], [85.79088896607664, 111.92434209927396, -28.0, 8.0], [62.45137830364659, 120.88354083790647, -28.0, 8.0], [41.25017589973594, 134.1315224437366, -28.0, 8.0], [24.848700174973263, 152.9992619493059, -28.0, 8.0], [23.97621275741074, 177.98403262478328, -28.0, 8.0], [23.103725339848214, 202.96880330026067, -28.0, 8.0]], "sample_nodes": [[125.0, 25.0, -28.0, 8.0], [125.03391411288499, 27.78012757385278, -28.0, 8.0], [125.11869939509748, 30.563779841818057, -28.0, 8.0], [125.22892026197371, 33.34919445683959, -28.0, 8.0], [125.33914112884992, 36.13460907186113, -28.0, 8.0], [125.42392641106241, 38.918261339826415, -28.0, 8.0], [125.45784052394737, 41.69838891367918, -28.0, 8.0], [125.41544788284118, 44.47322944636321, -28.0, 8.0], [125.27131290307995, 47.24102059082224, -28.0, 8.0], [125.0, 50.0, -28.0, 8.0], [124.64131786376001, 52.81675240565272, -28.0, 8.0], [124.24717984297507, 55.66932650466012, -28.0, 8.0], [123.79610091921316, 58.53709451472973, -28.0, 8.0], [123.26659607404224, 61.399428653569096, -28.0, 8.0], [122.63718028903027, 64.23570113888573, -28.0, 8.0], [121.88636854574521, 67.02528418838719, -28.0, 8.0], [120.99267582575513, 69.74755001978102, -28.0, 8.0], [119.93461711062793, 72.38187085077473, -28.0, 8.0], [118.69070738193159, 74.90761889907589, -28.0, 8.0], [117.1459100060747, 77.38666274547033, -28.0, 8.0], [115.32395463193095, 79.75583134024363, -28.0, 8.0], [113.28751850290108, 82.03430181005594, -28.0, 8.0], [111.09927886238586, 84.24125128156727, -28.0, 8.0], [108.82191295378604, 86.39585688143771, -28.0, 8.0], [106.5180980205024, 88.51729573632728, -28.0, 8.0], [104.25051130593567, 90.62474497289607, -28.0, 8.0], [102.08183005348656, 92.73738171780411, -28.0, 8.0], [100.07473150655592, 94.8743830977115, -28.0, 8.0], [98.42386523094083, 96.85515661274357, -28.0, 8.0], [96.88396586278182, 98.8856414536268, -28.0, 8.0], [95.41430894102693, 100.93528273507113, -28.0, 8.0], [93.97417000462428, 102.97352557178641, -28.0, 8.0], [92.52282459252189, 104.96981507848253, -28.0, 8.0], [91.01954824366786, 106.89359636986944, -28.0, 8.0], [89.42361649701024, 108.71431456065706, -28.0, 8.0], [87.69430489149714, 110.40141476555524, -28.0, 8.0], [85.79088896607664, 111.92434209927396, -28.0, 8.0], [83.55616071127993, 113.30815258579415, -28.0, 8.0], [81.13026280328546, 114.46359739650866, -28.0, 8.0], [78.55670894621059, 115.44693925390516, -28.0, 8.0], [75.87901284417273, 116.3144408804711, -28.0, 8.0], [73.14068820128924, 117.122364998694, -28.0, 8.0], [70.38524872167753, 117.9269743310615, -28.0, 8.0], [67.65620810945491, 118.784531600061, -28.0, 8.0], [64.99708006873881, 119.7512995281802, -28.0, 8.0], [62.451378303646585, 120.88354083790645, -28.0, 8.0], [59.97549055919396, 122.13644402957036, -28.0, 8.0], [57.50409700377136, 123.43134063084948, -28.0, 8.0], [55.04814997655835, 124.77370790525228, -28.0, 8.0], [52.618601816734476, 126.16902311628715, -28.0, 8.0], [50.22640486347926, 127.6227635274625, -28.0, 8.0], [47.88251145597225, 129.1404064022867, -28.0, 8.0], [45.59787393339302, 130.7274290042682, -28.0, 8.0], [43.38344463492106, 132.38930859691536, -28.0, 8.0], [41.25017589973594, 134.1315224437366, -28.0, 8.0], [39.13189504834046, 135.94769051298192, -28.0, 8.0], [36.98456340180645, 137.82914552526788, -28.0, 8.0], [34.852334300167044, 139.77793387265277, -28.0, 8.0], [32.779361083455406, 141.79610194719498, -28.0, 8.0], [30.80979709170465, 143.8856961409528, -28.0, 8.0], [28.98779566494792, 146.04876284598444, -28.0, 8.0], [27.35751014321836, 148.28734845434832, -28.0, 8.0], [25.963093866549094, 150.6034993581027, -28.0, 8.0], [24.848700174973263, 152.9992619493059, -28.0, 8.0], [24.070100577369743, 155.50683592362225, -28.0, 8.0], [23.611027488144813, 158.14027473682555, -28.0, 8.0], [23.407575605622775, 160.87440542113848, -28.0, 8.0], [23.395839628127902, 163.68405500878362, -28.0, 8.0], [23.511914253984468, 166.54405053198354, -28.0, 8.0], [23.691894181516762, 169.42921902296092, -28.0, 8.0], [23.871874109049052, 172.31438751393824, -28.0, 8.0], [23.98794873490562, 175.17438303713817, -28.0, 8.0], [23.976212757410742, 177.9840326247833, -28.0, 8.0]], "num_spline_nodes": 10, "road_bbox_size": [0.0, 0.0, 250.0, 250.0], "distance_to_boundary": -0.11753584446775722}, "seed": {"control_nodes": [[125.0, 0.0, -28.0, 8.0], [125.0, 25.0, -28.0, 8.0], [125.0, 50.0, -28.0, 8.0], [117.69070738193159, 73.90761889907589, -28.0, 8.0], [104.0747315065559, 94.87438309771149, -28.0, 8.0], [85.79088896607664, 111.92434209927396, -28.0, 8.0], [62.45137830364659, 120.88354083790647, -28.0, 8.0], [41.25017589973594, 134.1315224437366, -28.0, 8.0], [24.848700174973263, 152.9992619493059, -28.0, 8.0], [23.97621275741074, 177.98403262478328, -28.0, 8.0], [23.103725339848214, 202.96880330026067, -28.0, 8.0]],