{"name": "Road711", "members_distance": null, "m1": {"control_nodes": [[125.0, 0.0, -28.0, 8.0], [125.0, 25.0, -28.0, 8.0], [125.0, 50.0, -28.0, 8.0], [113.69070738193159, 73.90761889907589, -28.0, 8.0], [116.51181381324014, 98.81248635136953, -28.0, 8.0], [112.46508022811146, 124.62614014240258, -28.0, 8.0], [90.77044892079964, 146.85156500177627, -28.0, 8.0], [74.4309382583696, 152.81076374040876, -28.0, 8.0], [49.4461675828922, 151.93827632284624, -28.0, 8.0], [28.967366475667408, 166.2776872316224, -28.0, 8.0], [8.488565368442611, 180.61709814039855, -28.0, 8.0]], "sample_nodes": [[125.0, 25.0, -28.0, 8.0], [125.05948267498391, 27.78727658802979, -28.0, 8.0], [125.20818936244369, 30.588801391437592, -28.0, 8.0], [125.4015080561414, 33.39745030253441, -28.0, 8.0], [125.59482674983909, 36.206099213631234, -28.0, 8.0], [125.74353343729888, 39.00762401703904, -28.0, 8.0], [125.80301611228276, 41.79490060506882, -28.0, 8.0], [125.7286627685529, 44.56080487003159, -28.0, 8.0], [125.47586139987128, 47.298212704238324, -28.0, 8.0], [125.0, 50.0, -28.0, 8.0], [124.16782567029475, 52.7274766602948, -28.0, 8.0], [122.98117318581608, 55.40329623505827, -28.0, 8.0], [121.54648885514877, 58.041982343761276, -28.0, 8.0], [119.97021898687763, 60.658058605874615, -28.0, 8.0], [118.35880988958739, 63.26604864086916, -28.0, 8.0], [116.81870787186287, 65.88047606821571, -28.0, 8.0], [115.4563592422889, 68.51586450738513, -28.0, 8.0], [114.37821030945021, 71.18673757784823, -28.0, 8.0], [113.69070738193159, 73.90761889907589, -28.0, 8.0], [113.44205063201994, 76.60214786447666, -28.0, 8.0], [113.52941173649512, 79.3267110166793, -28.0, 8.0], [113.8690094384832, 82.07622354662216, -28.0, 8.0], [114.37706248111023, 84.84560064524355, -28.0, 8.0], [114.96978960750218, 87.62975750348178, -28.0, 8.0], [115.56340956078513, 90.42360931227518, -28.0, 8.0], [116.07414108408507, 93.22207126256205, -28.0, 8.0], [116.41820292052807, 96.02005854528073, -28.0, 8.0], [116.51181381324014, 98.81248635136953, -28.0, 8.0], [116.45263449311608, 101.69208024384938, -28.0, 8.0], [116.37427363282826, 104.62243128565667, -28.0, 8.0], [116.24311713406581, 107.58056389801678, -28.0, 8.0], [116.02555089851779, 110.54350250215498, -28.0, 8.0], [115.68796082787321, 113.48827151929652, -28.0, 8.0], [115.19673282382124, 116.39189537066676, -28.0, 8.0], [114.5182527880509, 119.23139847749098, -28.0, 8.0], [113.61890662225129, 121.98380526099452, -28.0, 8.0], [112.46508022811146, 124.62614014240259, -28.0, 8.0], [110.8468385785902, 127.45614888456812, -28.0, 8.0], [108.85895192119561, 130.29340842837368, -28.0, 8.0], [106.57495315856843, 133.09618445621027, -28.0, 8.0], [104.06837519334931, 135.82274265046885, -28.0, 8.0], [101.41275092817898, 138.4313486935404, -28.0, 8.0], [98.68161326569815, 140.88026826781595, -28.0, 8.0], [95.94849510854752, 143.12776705568646, -28.0, 8.0], [93.28692935936778, 145.13211073954287, -28.0, 8.0], [90.77044892079964, 146.85156500177627, -28.0, 8.0], [88.9813477840501, 147.9481109923262, -28.0, 8.0], [87.22408337549842, 148.90672656438153, -28.0, 8.0], [85.48218280649212, 149.73998052615048, -28.0, 8.0], [83.73917318837877, 150.4604416858412, -28.0, 8.0], [81.97858163250584, 151.08067885166196, -28.0, 8.0], [80.18393525022094, 151.61326083182084, -28.0, 8.0], [78.33876115287157, 152.07075643452615, -28.0, 8.0], [76.42658645180529, 152.46573446798607, -28.0, 8.0], [74.43093825836961, 152.8107637404088, -28.0, 8.0], [71.88836668490384, 153.01410661581062, -28.0, 8.0], [69.18765979996446, 152.9123644032026, -28.0, 8.0], [66.37157051663198, 152.60411436296764, -28.0, 8.0], [63.48285174798697, 152.18793375548904, -28.0, 8.0], [60.56425640710994, 151.76239984114966, -28.0, 8.0], [57.6585374070814, 151.4260898803326, -28.0, 8.0], [54.808447660981905, 151.277581133421, -28.0, 8.0], [52.056740081892, 151.41545086079785, -28.0, 8.0], [49.4461675828922, 151.93827632284624, -28.0, 8.0], [46.972952334786186, 152.86380655215768, -28.0, 8.0], [44.59245250989524, 154.1023388046448, -28.0, 8.0], [42.286125023576346, 155.59127267567246, -28.0, 8.0], [40.035426791186495, 157.2680077606056, -28.0, 8.0], [37.82181472808268, 159.06994365480892, -28.0, 8.0], [35.62674574962186, 160.93447995364744, -28.0, 8.0], [33.43167677116107, 162.79901625248596, -28.0, 8.0], [31.218064708057256, 164.60095214668934, -28.0, 8.0], [28.967366475667408, 166.2776872316224, -28.0, 8.0]], "num_spline_nodes": 10, "road_bbox_size": [0.0, 0.0, 250.0, 250.0], "distance_to_boundary": -0.2492674268863162}, "seed": {"control_nodes": [[125.0, 0.0, -28.0, 8.0], [125.0, 25.0, -28.0, 8.0], [125.0, 50.0, -28.0, 8.0], [117.69070738193159, 73.90761889907589, -28.0, 8.0], [115.51181381324014, 98.81248635136953, -28.0, 8.0], [112.46508022811146, 123.62614014240258, -28.0, 8.0], [97.77044892079964, 143.85156500177627, -28.0, 8.0], [74.4309382583696, 152.81076374040876, -28.0, 8.0], [49.4461675828922, 151.93827632284624, -28.0, 8.0], [28.967366475667408, 166.2776872316224, -28.0, 8.0], [8.488565368442611, 180.61709814039855, -28.0, 8.0]],