{"name": "Road346", "members_distance": null, "m1": {"control_nodes": [[125.0, 0.0, -28.0, 8.0], [125.0, 25.0, -28.0, 8.0], [125.0, 50.0, -28.0, 8.0], [123.9519526100083, 75.25739315689991, -28.0, 8.0], [114.75416033956432, 98.71108317524505, -28.0, 8.0], [120.49807218316745, 126.65018443174066, -28.0, 8.0], [143.2310819594134, 144.07883346816493, -28.0, 8.0], [152.197846158049, 156.6948093435406, -28.0, 8.0], [173.84848125265998, 169.1948093435406, -28.0, 8.0], [192.71622075822927, 185.5962850683033, -28.0, 8.0], [211.58396026379856, 201.997760793066, -28.0, 8.0]], "sample_nodes": [[125.0, 25.0, -28.0, 8.0], [125.00570289204379, 27.777134508891272, -28.0, 8.0], [125.01996012215328, 30.55330411445278, -28.0, 8.0], [125.03849452129558, 33.32899126834941, -28.0, 8.0], [125.05702892043789, 36.10467842224606, -28.0, 8.0], [125.07128615054737, 38.88084802780757, -28.0, 8.0], [125.07698904259112, 41.65798253669884, -28.0, 8.0], [125.06986042753643, 44.43656440058474, -28.0, 8.0], [125.04562313635029, 47.21707607113018, -28.0, 8.0], [125.0, 50.0, -28.0, 8.0], [124.97452498264312, 52.81085813692579, -28.0, 8.0], [124.99468859734604, 55.63868255729792, -28.0, 8.0], [125.0311841418714, 58.47572187683657, -28.0, 8.0], [125.054704913982, 61.314224711262085, -28.0, 8.0], [125.03594421144052, 64.1464396762946, -28.0, 8.0], [124.9455953320097, 66.96461538765442, -28.0, 8.0], [124.75435157345225, 69.76100046106176, -28.0, 8.0], [124.43290623353087, 72.52784351223683, -28.0, 8.0], [123.9519526100083, 75.25739315689991, -28.0, 8.0], [123.20988517130539, 77.9256660867107, -28.0, 8.0], [122.18383091243093, 80.53538677814328, -28.0, 8.0], [120.96550816914755, 83.10497325776507, -28.0, 8.0], [119.64663527721785, 85.65284355214351, -28.0, 8.0], [118.31893057240435, 88.19741568784596, -28.0, 8.0], [117.07411239046967, 90.75710769143993, -28.0, 8.0], [116.00389906717639, 93.35033758949281, -28.0, 8.0], [115.20000893828708, 95.99552340857207, -28.0, 8.0], [114.75416033956432, 98.71108317524505, -28.0, 8.0], [114.596624562711, 101.73822908308011, -28.0, 8.0], [114.62928898815002, 104.91537996505932, -28.0, 8.0], [114.85589797960466, 108.18651926185865, -28.0, 8.0], [115.2801959007983, 111.49563041415432, -28.0, 8.0], [115.90592711545422, 114.78669686262239, -28.0, 8.0], [116.73683598729576, 118.00370204793893, -28.0, 8.0], [117.77666688004628, 121.09062941078011, -28.0, 8.0], [119.02916415742905, 123.99146239182198, -28.0, 8.0], [120.49807218316744, 126.65018443174066, -28.0, 8.0], [122.34458548374333, 129.0528552548553, -28.0, 8.0], [124.64073150691877, 131.2403253691458, -28.0, 8.0], [127.2666008724257, 133.25487855016047, -28.0, 8.0], [130.102284199996, 135.13879857344773, -28.0, 8.0], [133.02787210936157, 136.9343692145559, -28.0, 8.0], [135.92345522025414, 138.6838742490333, -28.0, 8.0], [138.66912415240574, 140.4295974524284, -28.0, 8.0], [141.14496952554816, 142.21382260028943, -28.0, 8.0], [143.2310819594134, 144.07883346816493, -28.0, 8.0], [144.4764093848277, 145.50131054872034, -28.0, 8.0], [145.52824356170555, 146.94053650154888, -28.0, 8.0], [146.4428294223948, 148.38711516889515, -28.0, 8.0], [147.27641189924336, 149.8316503930037, -28.0, 8.0], [148.08523592459895, 151.26474601611915, -28.0, 8.0], [148.92554643080948, 152.67700588048598, -28.0, 8.0], [149.8535883502228, 154.05903382834882, -28.0, 8.0], [150.92560661518672, 155.40143370195216, -28.0, 8.0], [152.197846158049, 156.69480934354064, -28.0, 8.0], [154.1149046851072, 158.23591138976778, -28.0, 8.0], [156.29104141582667, 159.66351794739174, -28.0, 8.0], [158.66756936234165, 161.0099613875277, -28.0, 8.0], [161.18580153678653, 162.30757408129074, -28.0, 8.0], [163.78705095129556, 163.58868839979596, -28.0, 8.0], [166.41263061800316, 164.88563671415847, -28.0, 8.0], [169.00385354904353, 166.2307513954933, -28.0, 8.0], [171.50203275655105, 167.65636481491572, -28.0, 8.0], [173.84848125265998, 169.1948093435406, -28.0, 8.0], [176.06705403565098, 170.84593734150133, -28.0, 8.0], [178.22836559253003, 172.57734261774937, -28.0, 8.0], [180.34386816851946, 174.3729697166272, -28.0, 8.0], [182.4250140088418, 176.2167631824775, -28.0, 8.0], [184.48325535871925, 178.0926675596426, -28.0, 8.0], [186.53004446337437, 179.98462739246526, -28.0, 8.0], [188.57683356802949, 181.8765872252879, -28.0, 8.0], [190.635074917907, 183.75249160245306, -28.0, 8.0], [192.71622075822924, 185.5962850683033, -28.0, 8.0]], "num_spline_nodes": 10, "road_bbox_size": [0.0, 0.0, 250.0, 250.0], "distance_to_boundary": -0.10924786406078235}, "seed": {"control_nodes": [[125.0, 0.0, -28.0, 8.0], [125.0, 25.0, -28.0, 8.0], [125.0, 50.0, -28.0, 8.0], [118.9519526100083, 74.25739315689991, -28.0, 8.0], [113.75416033956432, 98.71108317524505, -28.0, 8.0], [115.49807218316745, 123.65018443174066, -28.0, 8.0], [131.2310819594134, 143.07883346816493, -28.0, 8.0], [152.197846158049, 156.6948093435406, -28.0, 8.0], [173.84848125265998, 169.1948093435406, -28.0, 8.0], [192.71622075822927, 185.5962850683033, -28.0, 8.0], [211.58396026379856, 201.997760793066, -28.0, 8.0]],