{"name": "Road422", "members_distance": null, "m1": {"control_nodes": [[125.0, 0.0, -28.0, 8.0], [125.0, 25.0, -28.0, 8.0], [125.0, 50.0, -28.0, 8.0], [117.9519526100083, 75.25739315689991, -28.0, 8.0], [114.75416033956432, 100.71108317524505, -28.0, 8.0], [121.49807218316745, 126.65018443174066, -28.0, 8.0], [143.2310819594134, 142.07883346816493, -28.0, 8.0], [152.197846158049, 156.6948093435406, -28.0, 8.0], [173.84848125265998, 169.1948093435406, -28.0, 8.0], [192.71622075822927, 185.5962850683033, -28.0, 8.0], [211.58396026379856, 201.997760793066, -28.0, 8.0]], "sample_nodes": [[125.0, 25.0, -28.0, 8.0], [125.03730970646667, 27.77961191932087, -28.0, 8.0], [125.13058397263339, 30.56197505095637, -28.0, 8.0], [125.25184051865008, 33.345713788749194, -28.0, 8.0], [125.37309706466678, 36.12945252654203, -28.0, 8.0], [125.46637133083348, 38.911815658177545, -28.0, 8.0], [125.50368103730011, 41.69142757749839, -28.0, 8.0], [125.45704390421682, 44.46691267834731, -28.0, 8.0], [125.29847765173339, 47.236895354566954, -28.0, 8.0], [125.0, 50.0, -28.0, 8.0], [124.50890729618231, 52.81913696980136, -28.0, 8.0], [123.83949108729507, 55.62711371892493, -28.0, 8.0], [123.03688748199144, 58.42734606133602, -28.0, 8.0], [122.14623258892475, 61.223249811, -28.0, 8.0], [121.21266251674817, 64.01824078188218, -28.0, 8.0], [120.28131337411499, 66.81573478794792, -28.0, 8.0], [119.39732126967849, 69.61914764316258, -28.0, 8.0], [118.60582231209182, 72.43189516149145, -28.0, 8.0], [117.9519526100083, 75.25739315689992, -28.0, 8.0], [117.37875182554353, 78.06540507660766, -28.0, 8.0], [116.80302685335292, 80.88368681157377, -28.0, 8.0], [116.24920490233967, 83.70999871169911, -28.0, 8.0], [115.74171318140701, 86.54210112688457, -28.0, 8.0], [115.30497889945809, 89.37775440703103, -28.0, 8.0], [114.96342926539612, 92.21471890203942, -28.0, 8.0], [114.74149148812441, 95.05075496181064, -28.0, 8.0], [114.66359277654607, 97.88362293624554, -28.0, 8.0], [114.75416033956432, 100.71108317524505, -28.0, 8.0], [114.9764794774196, 103.654168864591, -28.0, 8.0], [115.28303233896247, 106.68190975227019, -28.0, 8.0], [115.69418351407566, 109.75149325390618, -28.0, 8.0], [116.23029759264202, 112.82010678512275, -28.0, 8.0], [116.91173916454426, 115.84493776154339, -28.0, 8.0], [117.75887281966514, 118.7831735987919, -28.0, 8.0], [118.79206314788749, 121.59200171249185, -28.0, 8.0], [120.03167473909397, 124.22860951826686, -28.0, 8.0], [121.49807218316745, 126.65018443174066, -28.0, 8.0], [123.3192554859359, 128.80503032144483, -28.0, 8.0], [125.54521458640727, 130.7198764573751, -28.0, 8.0], [128.0660736671295, 132.45037792482856, -28.0, 8.0], [130.7719569106505, 134.05218980910203, -28.0, 8.0], [133.55298849951816, 135.58096719549263, -28.0, 8.0], [136.29929261628038, 137.0923651692972, -28.0, 8.0], [138.90099344348508, 138.6420388158128, -28.0, 8.0], [141.24821516368013, 140.2856432203364, -28.0, 8.0], [143.23108195941342, 142.07883346816496, -28.0, 8.0], [144.51360688034455, 143.6364709769458, -28.0, 8.0], [145.5742345072494, 145.2669440719861, -28.0, 8.0], [146.47739748888037, 146.94614748175013, -28.0, 8.0], [147.28752847398982, 148.64997593470235, -28.0, 8.0], [148.0690601113302, 150.35432415930723, -28.0, 8.0], [148.8864250496539, 152.03508688402903, -28.0, 8.0], [149.80405593771331, 153.66815883733227, -28.0, 8.0], [150.88638542426088, 155.22943474768138, -28.0, 8.0], [152.197846158049, 156.6948093435406, -28.0, 8.0], [154.09897887496095, 158.30951248846446, -28.0, 8.0], [156.26665501904023, 159.77621962977108, -28.0, 8.0], [158.64069455771988, 161.1341632415784, -28.0, 8.0], [161.16091745843303, 162.42257579800435, -28.0, 8.0], [163.76714368861275, 163.68068977316685, -28.0, 8.0], [166.39919321569226, 164.9477376411838, -28.0, 8.0], [168.99688600710454, 166.26295187617313, -28.0, 8.0], [171.50004203028277, 167.6655649522528, -28.0, 8.0], [173.84848125266, 169.1948093435406, -28.0, 8.0], [176.06705403565098, 170.84593734150133, -28.0, 8.0], [178.22836559253003, 172.57734261774937, -28.0, 8.0], [180.34386816851946, 174.3729697166272, -28.0, 8.0], [182.4250140088418, 176.2167631824775, -28.0, 8.0], [184.48325535871925, 178.0926675596426, -28.0, 8.0], [186.53004446337437, 179.98462739246526, -28.0, 8.0], [188.57683356802949, 181.8765872252879, -28.0, 8.0], [190.635074917907, 183.75249160245306, -28.0, 8.0], [192.71622075822924, 185.5962850683033, -28.0, 8.0]], "num_spline_nodes": 10, "road_bbox_size": [0.0, 0.0, 250.0, 250.0], "distance_to_boundary": -0.1516593782633966}, "seed": {"control_nodes": [[125.0, 0.0, -28.0, 8.0], [125.0, 25.0, -28.0, 8.0], [125.0, 50.0, -28.0, 8.0], [118.9519526100083, 74.25739315689991, -28.0, 8.0], [113.75416033956432, 98.71108317524505, -28.0, 8.0], [115.49807218316745, 123.65018443174066, -28.0, 8.0], [131.2310819594134, 143.07883346816493, -28.0, 8.0], [152.197846158049, 156.6948093435406, -28.0, 8.0], [173.84848125265998, 169.1948093435406, -28.0, 8.0], [192.71622075822927, 185.5962850683033, -28.0, 8.0], [211.58396026379856, 201.997760793066, -28.0, 8.0]],