{"name": "Road845", "members_distance": null, "m1": {"control_nodes": [[125.0, 0.0, -28.0, 8.0], [125.0, 25.0, -28.0, 8.0], [125.0, 50.0, -28.0, 8.0], [119.52952387243698, 74.1481456572267, -28.0, 8.0], [127.48872261106949, 102.48765631965675, -28.0, 8.0], [136.447921349702, 124.8271669820868, -28.0, 8.0], [134.70400950609886, 145.7662682385824, -28.0, 8.0], [135.14031966703095, 170.7624606174922, -28.0, 8.0], [151.8685848260024, 189.34108125442705, -28.0, 8.0], [176.0167304832291, 195.81155738199007, -28.0, 8.0], [200.27412364012903, 201.85960477198176, -28.0, 8.0]], "sample_nodes": [[125.0, 25.0, -28.0, 8.0], [125.03023416433088, 27.781821063692046, -28.0, 8.0], [125.10581957515808, 30.56970705625548, -28.0, 8.0], [125.20408060923342, 33.360625513254625, -28.0, 8.0], [125.30234164330875, 36.151543970253776, -28.0, 8.0], [125.37792705413594, 38.939429962817215, -28.0, 8.0], [125.4081612184668, 41.72125102650925, -28.0, 8.0], [125.37036851305325, 44.493974696894206, -28.0, 8.0], [125.24187331464701, 47.254568509536355, -28.0, 8.0], [125.0, 50.0, -28.0, 8.0], [124.56467971089636, 52.70548664307712, -28.0, 8.0], [123.9165077699686, 55.3814418251085, -28.0, 8.0], [123.12822305745524, 58.038126242132, -28.0, 8.0], [122.2725644535949, 60.68580059018549, -28.0, 8.0], [121.42227083862608, 63.334725565306755, -28.0, 8.0], [120.6500810927873, 65.99516186353365, -28.0, 8.0], [120.0287340963172, 68.67737018090408, -28.0, 8.0], [119.63096872945424, 71.39161121345582, -28.0, 8.0], [119.52952387243698, 74.1481456572267, -28.0, 8.0], [119.7650336153047, 77.22589505440362, -28.0, 8.0], [120.28258133642089, 80.37820252153801, -28.0, 8.0], [121.03081279573647, 83.58073086302713, -28.0, 8.0], [121.95837375320238, 86.80914288326824, -28.0, 8.0], [123.01390996876955, 90.03910138665853, -28.0, 8.0], [124.14606720238892, 93.2462691775953, -28.0, 8.0], [125.30349121401142, 96.40630906047575, -28.0, 8.0], [126.43482776358796, 99.49488383969717, -28.0, 8.0], [127.4887226110695, 102.48765631965676, -28.0, 8.0], [128.47214808976514, 105.10643403528196, -28.0, 8.0], [129.5821322393461, 107.66037907507317, -28.0, 8.0], [130.7657257416992, 110.1626401003616, -28.0, 8.0], [131.96997927871152, 112.62636577247856, -28.0, 8.0], [133.14194353226986, 115.06470475275535, -28.0, 8.0], [134.22866918426112, 117.49080570252323, -28.0, 8.0], [135.17720691657235, 119.9178172831136, -28.0, 8.0], [135.9346074110903, 122.35888815585768, -28.0, 8.0], [136.447921349702, 124.8271669820868, -28.0, 8.0], [136.67182129278623, 127.14053262753134, -28.0, 8.0], [136.6777855600574, 129.43966120681205, -28.0, 8.0], [136.51446502053818, 131.73206872980265, -28.0, 8.0], [136.23051054325146, 134.02527120637689, -28.0, 8.0], [135.8745729972198, 136.32678464640844, -28.0, 8.0], [135.49530325146594, 138.64412505977106, -28.0, 8.0], [135.14135217501274, 140.98480845633844, -28.0, 8.0], [134.86137063688278, 143.35635084598434, -28.0, 8.0], [134.70400950609886, 145.7662682385824, -28.0, 8.0], [134.55598514709664, 148.48008421530912, -28.0, 8.0], [134.32407835289706, 151.29300959334958, -28.0, 8.0], [134.06529265991747, 154.16937663628795, -28.0, 8.0], [133.8366316045752, 157.07351760770848, -28.0, 8.0], [133.6950987232876, 159.96976477119546, -28.0, 8.0], [133.69769755247205, 162.82245039033313, -28.0, 8.0], [133.90143162854582, 165.59590672870561, -28.0, 8.0], [134.36330448792637, 168.25446604989725, -28.0, 8.0], [135.14031966703095, 170.7624606174922, -28.0, 8.0], [136.2431556011138, 173.17489291567108, -28.0, 8.0], [137.6201479713847, 175.55493192293997, -28.0, 8.0], [139.23478618319425, 177.8791596443713, -28.0, 8.0], [141.0505596418932, 180.1241580850375, -28.0, 8.0], [143.0309577528322, 182.266509250011, -28.0, 8.0], [145.13946992136192, 184.28279514436423, -28.0, 8.0], [147.3395855528331, 186.14959777316975, -28.0, 8.0], [149.59479405259637, 187.84349914149988, -28.0, 8.0], [151.8685848260024, 189.34108125442705, -28.0, 8.0], [154.22541148209638, 190.59383695481498, -28.0, 8.0], [156.73401142005014, 191.600930659023, -28.0, 8.0], [159.3642997304045, 192.41045173236714, -28.0, 8.0], [162.08619150370032, 193.07048954016352, -28.0, 8.0], [164.86960183047833, 193.62913344772812, -28.0, 8.0], [167.68444580127942, 194.134472820377, -28.0, 8.0], [170.50063850664438, 194.6345970234263, -28.0, 8.0], [173.288095037114, 195.17759542219198, -28.0, 8.0], [176.0167304832291, 195.81155738199007, -28.0, 8.0]], "num_spline_nodes": 10, "road_bbox_size": [0.0, 0.0, 250.0, 250.0], "distance_to_boundary": -0.33502489692830517}, "seed": {"control_nodes": [[125.0, 0.0, -28.0, 8.0], [125.0, 25.0, -28.0, 8.0], [125.0, 50.0, -28.0, 8.0], [118.52952387243698, 74.1481456572267, -28.0, 8.0], [127.48872261106949, 97.48765631965675, -28.0, 8.0], [136.447921349702, 120.8271669820868, -28.0, 8.0], [134.70400950609886, 145.7662682385824, -28.0, 8.0], [135.14031966703095, 170.7624606174922, -28.0, 8.0], [151.8685848260024, 189.34108125442705, -28.0, 8.0], [176.0167304832291, 195.81155738199007, -28.0, 8.0], [200.27412364012903, 201.85960477198176, -28.0, 8.0]],