{"name": "Road684", "members_distance": null, "m1": {"control_nodes": [[125.0, 0.0, -28.0, 8.0], [125.0, 25.0, -28.0, 8.0], [125.0, 50.0, -28.0, 8.0], [113.69070738193159, 73.90761889907589, -28.0, 8.0], [113.51181381324014, 100.81248635136953, -28.0, 8.0], [112.46508022811146, 118.62614014240258, -28.0, 8.0], [91.77044892079964, 143.85156500177627, -28.0, 8.0], [74.4309382583696, 152.81076374040876, -28.0, 8.0], [49.4461675828922, 151.93827632284624, -28.0, 8.0], [28.967366475667408, 166.2776872316224, -28.0, 8.0], [8.488565368442611, 180.61709814039855, -28.0, 8.0]], "sample_nodes": [[125.0, 25.0, -28.0, 8.0], [125.05948267498391, 27.78727658802979, -28.0, 8.0], [125.20818936244369, 30.588801391437592, -28.0, 8.0], [125.4015080561414, 33.39745030253441, -28.0, 8.0], [125.59482674983909, 36.206099213631234, -28.0, 8.0], [125.74353343729888, 39.00762401703904, -28.0, 8.0], [125.80301611228276, 41.79490060506882, -28.0, 8.0], [125.7286627685529, 44.56080487003159, -28.0, 8.0], [125.47586139987128, 47.298212704238324, -28.0, 8.0], [125.0, 50.0, -28.0, 8.0], [124.18600874610799, 52.72167357825851, -28.0, 8.0], [123.04481395116241, 55.38298544793127, -28.0, 8.0], [121.66922461688812, 58.00281154001634, -28.0, 8.0], [120.15204974501, 60.60002778551174, -28.0, 8.0], [118.58609833725285, 63.19351011541556, -28.0, 8.0], [117.0641793953416, 65.80213446072584, -28.0, 8.0], [115.67910192100105, 68.44477675244062, -28.0, 8.0], [114.52367491595612, 71.14031292155794, -28.0, 8.0], [113.69070738193159, 73.90761889907589, -28.0, 8.0], [113.18255120687003, 76.80443176182175, -28.0, 8.0], [112.91645052105011, 79.80456761961723, -28.0, 8.0], [112.84098287678326, 82.87366842324565, -28.0, 8.0], [112.904725826381, 85.97737612349023, -28.0, 8.0], [113.05625692215483, 89.08133267113426, -28.0, 8.0], [113.24415371641614, 92.15118001696094, -28.0, 8.0], [113.41699376147648, 95.15256011175352, -28.0, 8.0], [113.52335460964731, 98.05111490629528, -28.0, 8.0], [113.51181381324014, 100.81248635136953, -28.0, 8.0], [113.49753261584688, 102.94931130293463, -28.0, 8.0], [113.56638311185485, 105.00456694165976, -28.0, 8.0], [113.67180644684706, 106.99633332098759, -28.0, 8.0], [113.76724376640634, 108.94269049436079, -28.0, 8.0], [113.80613621611565, 110.86171851522212, -28.0, 8.0], [113.74192494155791, 112.77149743701426, -28.0, 8.0], [113.528051088316, 114.69010731317995, -28.0, 8.0], [113.11795580197287, 116.63562819716175, -28.0, 8.0], [112.46508022811147, 118.62614014240259, -28.0, 8.0], [111.14934357791039, 121.45596681084297, -28.0, 8.0], [109.39352429505806, 124.43932643101385, -28.0, 8.0], [107.28083634764903, 127.50752612888087, -28.0, 8.0], [104.89449370377788, 130.59187303040966, -28.0, 8.0], [102.31771033153916, 133.62367426156578, -28.0, 8.0], [99.63370019902743, 136.5342369483149, -28.0, 8.0], [96.9256772743372, 139.2548682166226, -28.0, 8.0], [94.2768555255631, 141.71687519245452, -28.0, 8.0], [91.77044892079962, 143.85156500177624, -28.0, 8.0], [89.91928938583207, 145.30107543516513, -28.0, 8.0], [88.08076183820623, 146.63636464075222, -28.0, 8.0], [86.2413683446837, 147.8577370118589, -28.0, 8.0], [84.38761097202618, 148.96549694180652, -28.0, 8.0], [82.5059917869952, 149.95994882391656, -28.0, 8.0], [80.58301285635244, 150.84139705151037, -28.0, 8.0], [78.60517624685951, 151.61014601790941, -28.0, 8.0], [76.558984025278, 152.26650011643505, -28.0, 8.0], [74.4309382583696, 152.81076374040876, -28.0, 8.0], [71.87997006746981, 153.14362636011134, -28.0, 8.0], [69.17480247951859, 153.11069151166308, -28.0, 8.0], [66.35740122471205, 152.82267893147514, -28.0, 8.0], [63.46973203324629, 152.3903083559589, -28.0, 8.0], [60.55376063531739, 151.92429952152554, -28.0, 8.0], [57.65145276112143, 151.5353721645863, -28.0, 8.0], [54.80477414085451, 151.33424602155256, -28.0, 8.0], [52.05569050471275, 151.43164082883544, -28.0, 8.0], [49.4461675828922, 151.93827632284624, -28.0, 8.0], [46.972952334786186, 152.86380655215768, -28.0, 8.0], [44.59245250989524, 154.1023388046448, -28.0, 8.0], [42.286125023576346, 155.59127267567246, -28.0, 8.0], [40.035426791186495, 157.2680077606056, -28.0, 8.0], [37.82181472808268, 159.06994365480892, -28.0, 8.0], [35.62674574962186, 160.93447995364744, -28.0, 8.0], [33.43167677116107, 162.79901625248596, -28.0, 8.0], [31.218064708057256, 164.60095214668934, -28.0, 8.0], [28.967366475667408, 166.2776872316224, -28.0, 8.0]], "num_spline_nodes": 10, "road_bbox_size": [0.0, 0.0, 250.0, 250.0], "distance_to_boundary": -0.4321574212838266}, "seed": {"control_nodes": [[125.0, 0.0, -28.0, 8.0], [125.0, 25.0, -28.0, 8.0], [125.0, 50.0, -28.0, 8.0], [117.69070738193159, 73.90761889907589, -28.0, 8.0], [115.51181381324014, 98.81248635136953, -28.0, 8.0], [112.46508022811146, 123.62614014240258, -28.0, 8.0], [97.77044892079964, 143.85156500177627, -28.0, 8.0], [74.4309382583696, 152.81076374040876, -28.0, 8.0], [49.4461675828922, 151.93827632284624, -28.0, 8.0], [28.967366475667408, 166.2776872316224, -28.0, 8.0], [8.488565368442611, 180.61709814039855, -28.0, 8.0]],