{"name": "Road900", "members_distance": null, "m1": {"control_nodes": [[125.0, 0.0, -28.0, 8.0], [125.0, 25.0, -28.0, 8.0], [125.0, 50.0, -28.0, 8.0], [135.95927866972693, 72.46985115747918, -28.0, 8.0], [130.76148639928294, 96.92354117582433, -28.0, 8.0], [119.21098281614123, 120.41585669547203, -28.0, 8.0], [112.84581798074342, 143.59545305964173, -28.0, 8.0], [92.11987866686738, 157.5752756464104, -28.0, 8.0], [70.4692435722564, 170.0752756464104, -28.0, 8.0], [60.300827495361396, 192.9139120874754, -28.0, 8.0], [50.13241141846639, 215.75254852854044, -28.0, 8.0]], "sample_nodes": [[125.0, 25.0, -28.0, 8.0], [124.9398667837052, 27.791660624650323, -28.0, 8.0], [124.78953374296822, 30.60414551960945, -28.0, 8.0], [124.59410079001012, 33.42704254972299, -28.0, 8.0], [124.39866783705202, 36.249939579836536, -28.0, 8.0], [124.24833479631502, 39.06242447479566, -28.0, 8.0], [124.18820158002023, 41.85408509944598, -28.0, 8.0], [124.26336810038875, 44.61450931863309, -28.0, 8.0], [124.51893426964162, 47.333284997202576, -28.0, 8.0], [125.0, 50.0, -28.0, 8.0], [125.8252852381033, 52.596827642349815, -28.0, 8.0], [127.00905004505012, 55.12526671706863, -28.0, 8.0], [128.43970450475035, 57.603893305240305, -28.0, 8.0], [130.0056587011139, 60.05128348794879, -28.0, 8.0], [131.5953227180506, 62.48601334627793, -28.0, 8.0], [133.09710663947033, 64.92665896131163, -28.0, 8.0], [134.39942054928306, 67.39179641413384, -28.0, 8.0], [135.39067453139867, 69.90000178582838, -28.0, 8.0], [135.95927866972693, 72.46985115747918, -28.0, 8.0], [136.12400258798914, 75.10796060094864, -28.0, 8.0], [136.0058210141359, 77.79906207108405, -28.0, 8.0], [135.64645168842145, 80.52890547344664, -28.0, 8.0], [135.08761235109998, 83.28324071359773, -28.0, 8.0], [134.37102074242563, 86.04781769709852, -28.0, 8.0], [133.53839460265252, 88.8083863295103, -28.0, 8.0], [132.63145167203498, 91.5506965163944, -28.0, 8.0], [131.69190969082706, 94.26049816331196, -28.0, 8.0], [130.76148639928294, 96.92354117582434, -28.0, 8.0], [129.72728446948378, 99.59786899896473, -28.0, 8.0], [128.52212729350677, 102.23446965486715, -28.0, 8.0], [127.19258276001209, 104.84264722843581, -28.0, 8.0], [125.78521875765988, 107.43170580457488, -28.0, 8.0], [124.34660317511029, 110.0109494681885, -28.0, 8.0], [122.92330390102342, 112.58968230418083, -28.0, 8.0], [121.56188882405957, 115.17720839745611, -28.0, 8.0], [120.30892583287876, 117.78283183291843, -28.0, 8.0], [119.21098281614121, 120.41585669547203, -28.0, 8.0], [118.37753722656423, 123.01411879282607, -28.0, 8.0], [117.75255095127375, 125.70302751991056, -28.0, 8.0], [117.26020625403746, 128.4412966721741, -28.0, 8.0], [116.82468539862295, 131.18764004506545, -28.0, 8.0], [116.37017064879785, 133.90077143403323, -28.0, 8.0], [115.82084426832972, 136.53940463452605, -28.0, 8.0], [115.1008885209862, 139.06225344199265, -28.0, 8.0], [114.1344856705349, 141.42803165188167, -28.0, 8.0], [112.84581798074343, 143.59545305964173, -28.0, 8.0], [111.1789801791405, 145.58504568466668, -28.0, 8.0], [109.22398558873925, 147.38611826425878, -28.0, 8.0], [107.03618236784084, 149.03272092457425, -28.0, 8.0], [104.67091867474625, 150.5589037917694, -28.0, 8.0], [102.18354266775654, 151.99871699200054, -28.0, 8.0], [99.62940250517269, 153.38621065142388, -28.0, 8.0], [97.06384634529589, 154.75543489619582, -28.0, 8.0], [94.5422223464271, 156.14043985247255, -28.0, 8.0], [92.11987866686738, 157.5752756464104, -28.0, 8.0], [89.69184018435597, 158.97239468209264, -28.0, 8.0], [87.15027117946137, 160.2539730354046, -28.0, 8.0], [84.54622891472869, 161.46864634020568, -28.0, 8.0], [81.93077065270298, 162.66505023035535, -28.0, 8.0], [79.35495365592934, 163.89182033971287, -28.0, 8.0], [76.86983518695274, 165.19759230213776, -28.0, 8.0], [74.52647250831839, 166.6310017514894, -28.0, 8.0], [72.37592288257125, 168.24068432162713, -28.0, 8.0], [70.4692435722564, 170.0752756464104, -28.0, 8.0], [68.83539897582922, 172.15907974190037, -28.0, 8.0], [67.43781402997234, 174.4556129822682, -28.0, 8.0], [66.22923680457168, 176.92232953853835, -28.0, 8.0], [65.16241536951321, 179.51668358173526, -28.0, 8.0], [64.19009779468284, 182.19612928288325, -28.0, 8.0], [63.265032149966544, 184.9181208130069, -28.0, 8.0], [62.33996650525023, 187.64011234313048, -28.0, 8.0], [61.367648930419875, 190.31955804427855, -28.0, 8.0], [60.30082749536139, 192.91391208747538, -28.0, 8.0]], "num_spline_nodes": 10, "road_bbox_size": [0.0, 0.0, 250.0, 250.0], "distance_to_boundary": -0.12079689480581823}, "seed": {"control_nodes": [[125.0, 0.0, -28.0, 8.0], [125.0, 25.0, -28.0, 8.0], [125.0, 50.0, -28.0, 8.0], [135.95927866972693, 72.46985115747918, -28.0, 8.0], [130.76148639928294, 96.92354117582433, -28.0, 8.0], [122.21098281614123, 120.41585669547203, -28.0, 8.0], [112.84581798074342, 143.59545305964173, -28.0, 8.0], [92.11987866686738, 157.5752756464104, -28.0, 8.0], [70.4692435722564, 170.0752756464104, -28.0, 8.0], [60.300827495361396, 192.9139120874754, -28.0, 8.0], [50.13241141846639, 215.75254852854044, -28.0, 8.0]],