{"name": "Road955", "members_distance": null, "m1": {"control_nodes": [[125.0, 0.0, -28.0, 8.0], [125.0, 25.0, -28.0, 8.0], [125.0, 50.0, -28.0, 8.0], [119.52952387243698, 66.1481456572267, -28.0, 8.0], [126.48872261106949, 102.48765631965675, -28.0, 8.0], [136.447921349702, 124.8271669820868, -28.0, 8.0], [135.70400950609886, 140.7662682385824, -28.0, 8.0], [135.14031966703095, 170.7624606174922, -28.0, 8.0], [151.8685848260024, 189.34108125442705, -28.0, 8.0], [176.0167304832291, 195.81155738199007, -28.0, 8.0], [200.27412364012903, 201.85960477198176, -28.0, 8.0]], "sample_nodes": [[125.0, 25.0, -28.0, 8.0], [125.03981455290345, 27.81051044269924, -28.0, 8.0], [125.1393509351621, 30.670119882780664, -28.0, 8.0], [125.26874823209832, 33.55427882155319, -28.0, 8.0], [125.39814552903454, 36.438437760325726, -28.0, 8.0], [125.49768191129317, 39.298047200407154, -28.0, 8.0], [125.53749646419661, 42.10855764310638, -28.0, 8.0], [125.4877282730673, 44.84541958973233, -28.0, 8.0], [125.31851642322763, 47.48408354159391, -28.0, 8.0], [125.0, 50.0, -28.0, 8.0], [124.56415658271176, 51.93501830919476, -28.0, 8.0], [123.95863617914553, 53.7296168874593, -28.0, 8.0], [123.23773029089703, 55.42889205845984, -28.0, 8.0], [122.45573041956193, 57.0779401458626, -28.0, 8.0], [121.66692806673595, 58.721857473333756, -28.0, 8.0], [120.92561473401477, 60.40574036453953, -28.0, 8.0], [120.28608192299409, 62.17468514314616, -28.0, 8.0], [119.80262113526959, 64.0737881328198, -28.0, 8.0], [119.52952387243698, 66.1481456572267, -28.0, 8.0], [119.48540851309721, 69.5831774136919, -28.0, 8.0], [119.76139374168065, 73.40634028899368, -28.0, 8.0], [120.30786784160927, 77.51586648046687, -28.0, 8.0], [121.07521909630529, 81.80998818544631, -28.0, 8.0], [122.01383578919078, 86.18693760126683, -28.0, 8.0], [123.07410620368782, 90.5449469252633, -28.0, 8.0], [124.20641862321861, 94.78224835477056, -28.0, 8.0], [125.3611613312051, 98.7970740871234, -28.0, 8.0], [126.48872261106948, 102.48765631965674, -28.0, 8.0], [127.4920217824939, 105.269355331183, -28.0, 8.0], [128.67376910907944, 107.94178958303458, -28.0, 8.0], [129.9685523599929, 110.51969420505651, -28.0, 8.0], [131.31095930440117, 113.01780432709384, -28.0, 8.0], [132.63557771147094, 115.45085507899157, -28.0, 8.0], [133.8769953503691, 117.83358159059472, -28.0, 8.0], [134.9697999902625, 120.18071899174831, -28.0, 8.0], [135.84857940031787, 122.50700241229733, -28.0, 8.0], [136.447921349702, 124.8271669820868, -28.0, 8.0], [136.70844149227344, 126.6532546741445, -28.0, 8.0], [136.80506494873813, 128.39943433898765, -28.0, 8.0], [136.77126419020445, 130.0940512267079, -28.0, 8.0], [136.6405116877805, 131.7654505873969, -28.0, 8.0], [136.44627991257477, 133.4419776711464, -28.0, 8.0], [136.22204133569542, 135.15197772804805, -28.0, 8.0], [136.0012684282508, 136.9237960081934, -28.0, 8.0], [135.81743366134918, 138.7857777616743, -28.0, 8.0], [135.70400950609886, 140.7662682385824, -28.0, 8.0], [135.50984293410238, 143.7412380257284, -28.0, 8.0], [135.16398812728704, 146.9929160084258, -28.0, 8.0], [134.74554729710974, 150.44106372542169, -28.0, 8.0], [134.33362265502743, 154.00544271546286, -28.0, 8.0], [134.0073164124969, 157.60581451729635, -28.0, 8.0], [133.84573078097512, 161.1619406696691, -28.0, 8.0], [133.92796797191895, 164.59358271132805, -28.0, 8.0], [134.33313019678525, 167.82050218102006, -28.0, 8.0], [135.14031966703095, 170.7624606174922, -28.0, 8.0], [136.23590099279465, 173.26201231780567, -28.0, 8.0], [137.60903935239597, 175.6883335074585, -28.0, 8.0], [139.22254403165562, 178.02617363547333, -28.0, 8.0], [141.03922431639447, 180.26028215087274, -28.0, 8.0], [143.02188949243322, 182.3754085026792, -28.0, 8.0], [145.13334884559262, 184.3563021399153, -28.0, 8.0], [147.33641166169343, 186.18771251160362, -28.0, 8.0], [149.5938872265565, 187.85438906676671, -28.0, 8.0], [151.8685848260024, 189.34108125442708, -28.0, 8.0], [154.22541148209638, 190.59383695481498, -28.0, 8.0], [156.73401142005014, 191.600930659023, -28.0, 8.0], [159.3642997304045, 192.41045173236714, -28.0, 8.0], [162.08619150370032, 193.07048954016352, -28.0, 8.0], [164.86960183047833, 193.62913344772812, -28.0, 8.0], [167.68444580127942, 194.134472820377, -28.0, 8.0], [170.50063850664438, 194.6345970234263, -28.0, 8.0], [173.288095037114, 195.17759542219198, -28.0, 8.0], [176.0167304832291, 195.81155738199007, -28.0, 8.0]], "num_spline_nodes": 10, "road_bbox_size": [0.0, 0.0, 250.0, 250.0], "distance_to_boundary": -0.029172849944123502}, "seed": {"control_nodes": [[125.0, 0.0, -28.0, 8.0], [125.0, 25.0, -28.0, 8.0], [125.0, 50.0, -28.0, 8.0], [118.52952387243698, 74.1481456572267, -28.0, 8.0], [127.48872261106949, 97.48765631965675, -28.0, 8.0], [136.447921349702, 120.8271669820868, -28.0, 8.0], [134.70400950609886, 145.7662682385824, -28.0, 8.0], [135.14031966703095, 170.7624606174922, -28.0, 8.0], [151.8685848260024, 189.34108125442705, -28.0, 8.0], [176.0167304832291, 195.81155738199007, -28.0, 8.0], [200.27412364012903, 201.85960477198176, -28.0, 8.0]],