{"name": "Road273", "members_distance": null, "m1": {"control_nodes": [[125.0, 0.0, -28.0, 8.0], [125.0, 25.0, -28.0, 8.0], [125.0, 50.0, -28.0, 8.0], [123.9519526100083, 71.25739315689991, -28.0, 8.0], [113.75416033956432, 98.71108317524505, -28.0, 8.0], [122.49807218316745, 126.65018443174066, -28.0, 8.0], [143.2310819594134, 143.07883346816493, -28.0, 8.0], [152.197846158049, 156.6948093435406, -28.0, 8.0], [173.84848125265998, 169.1948093435406, -28.0, 8.0], [192.71622075822927, 185.5962850683033, -28.0, 8.0], [211.58396026379856, 201.997760793066, -28.0, 8.0]], "sample_nodes": [[125.0, 25.0, -28.0, 8.0], [125.00648319347776, 27.788971132316117, -28.0, 8.0], [125.0226911771722, 30.594732296439734, -28.0, 8.0], [125.04376155597495, 33.40888847646711, -28.0, 8.0], [125.06483193477769, 36.223044656494494, -28.0, 8.0], [125.08103991847213, 39.02880582061812, -28.0, 8.0], [125.08752311194988, 41.817776952934224, -28.0, 8.0], [125.07941912010268, 44.58156303753908, -28.0, 8.0], [125.05186554782216, 47.31176905852894, -28.0, 8.0], [125.0, 50.0, -28.0, 8.0], [124.96631424787319, 52.427327192895596, -28.0, 8.0], [124.96984502319026, 54.80266106797782, -28.0, 8.0], [124.98577481870322, 57.141277909319584, -28.0, 8.0], [124.98928612716409, 59.45845400099371, -28.0, 8.0], [124.95556144132493, 61.76946562707306, -28.0, 8.0], [124.85978325393774, 64.08958907163048, -28.0, 8.0], [124.67713405775454, 66.43410061873888, -28.0, 8.0], [124.3827963455274, 68.81827655247105, -28.0, 8.0], [123.9519526100083, 71.25739315689991, -28.0, 8.0], [123.13993649890314, 74.18578961983704, -28.0, 8.0], [121.97276341559409, 77.1660785174044, -28.0, 8.0], [120.56824292828166, 80.1890931139499, -28.0, 8.0], [119.04418460516636, 83.2456666738214, -28.0, 8.0], [117.51839801444869, 86.32663246136683, -28.0, 8.0], [116.10869272432915, 89.422823740934, -28.0, 8.0], [114.93287830300824, 92.52507377687087, -28.0, 8.0], [114.10876431868644, 95.62421583352524, -28.0, 8.0], [113.75416033956432, 98.71108317524505, -28.0, 8.0], [113.8208937606505, 101.85384561161999, -28.0, 8.0], [114.16702359642129, 105.0966300304616, -28.0, 8.0], [114.76975270550982, 108.39245366939274, -28.0, 8.0], [115.60628394654918, 111.69433376603628, -28.0, 8.0], [116.65382017817252, 114.9552875580151, -28.0, 8.0], [117.88956425901287, 118.12833228295207, -28.0, 8.0], [119.2907190477034, 121.16648517847007, -28.0, 8.0], [120.83448740287726, 124.02276348219199, -28.0, 8.0], [122.49807218316747, 126.65018443174067, -28.0, 8.0], [124.32755688696471, 128.90333825541592, -28.0, 8.0], [126.49201043452256, 130.94490694793825, -28.0, 8.0], [128.8986800766349, 132.81973966817503, -28.0, 8.0], [131.45481306409567, 134.57268557499347, -28.0, 8.0], [134.0676566476988, 136.24859382726083, -28.0, 8.0], [136.6444580782382, 137.89231358384436, -28.0, 8.0], [139.09246460650786, 139.54869400361142, -28.0, 8.0], [141.31892348330155, 141.26258424542914, -28.0, 8.0], [143.2310819594134, 143.07883346816493, -28.0, 8.0], [144.46786454895488, 144.58124165627513, -28.0, 8.0], [145.50971419723675, 146.12255336436675, -28.0, 8.0], [146.41440836590309, 147.68721830033326, -28.0, 8.0], [147.2397245165981, 149.25968617206814, -28.0, 8.0], [148.0434401109659, 150.82440668746486, -28.0, 8.0], [148.88333261065077, 152.36582955441702, -28.0, 8.0], [149.81717947729678, 153.86840448081801, -28.0, 8.0], [150.9027581725481, 155.31658117456135, -28.0, 8.0], [152.197846158049, 156.6948093435406, -28.0, 8.0], [154.1064837951912, 158.2740977597425, -28.0, 8.0], [156.27814692814275, 159.72199082641558, -28.0, 8.0], [158.65335911060833, 161.0744008868601, -28.0, 8.0], [161.17264389629273, 162.3672402843763, -28.0, 8.0], [163.7765248389005, 163.6364213622644, -28.0, 8.0], [166.4055254921365, 164.91785646382468, -28.0, 8.0], [169.00016940970525, 166.24745793235726, -28.0, 8.0], [171.50098014531156, 167.66113811116256, -28.0, 8.0], [173.84848125265998, 169.1948093435406, -28.0, 8.0], [176.06705403565098, 170.84593734150133, -28.0, 8.0], [178.22836559253003, 172.57734261774937, -28.0, 8.0], [180.34386816851946, 174.3729697166272, -28.0, 8.0], [182.4250140088418, 176.2167631824775, -28.0, 8.0], [184.48325535871925, 178.0926675596426, -28.0, 8.0], [186.53004446337437, 179.98462739246526, -28.0, 8.0], [188.57683356802949, 181.8765872252879, -28.0, 8.0], [190.635074917907, 183.75249160245306, -28.0, 8.0], [192.71622075822924, 185.5962850683033, -28.0, 8.0]], "num_spline_nodes": 10, "road_bbox_size": [0.0, 0.0, 250.0, 250.0], "distance_to_boundary": -0.1039875979839251}, "seed": {"control_nodes": [[125.0, 0.0, -28.0, 8.0], [125.0, 25.0, -28.0, 8.0], [125.0, 50.0, -28.0, 8.0], [118.9519526100083, 74.25739315689991, -28.0, 8.0], [113.75416033956432, 98.71108317524505, -28.0, 8.0], [115.49807218316745, 123.65018443174066, -28.0, 8.0], [131.2310819594134, 143.07883346816493, -28.0, 8.0], [152.197846158049, 156.6948093435406, -28.0, 8.0], [173.84848125265998, 169.1948093435406, -28.0, 8.0], [192.71622075822927, 185.5962850683033, -28.0, 8.0], [211.58396026379856, 201.997760793066, -28.0, 8.0]],