{"name": "Road791", "members_distance": null, "m1": {"control_nodes": [[125.0, 0.0, -28.0, 8.0], [125.0, 25.0, -28.0, 8.0], [125.0, 50.0, -28.0, 8.0], [116.69070738193159, 72.90761889907589, -28.0, 8.0], [116.51181381324014, 100.81248635136953, -28.0, 8.0], [108.46508022811146, 116.62614014240258, -28.0, 8.0], [88.77044892079964, 143.85156500177627, -28.0, 8.0], [74.4309382583696, 152.81076374040876, -28.0, 8.0], [49.4461675828922, 151.93827632284624, -28.0, 8.0], [28.967366475667408, 166.2776872316224, -28.0, 8.0], [8.488565368442611, 180.61709814039855, -28.0, 8.0]], "sample_nodes": [[125.0, 25.0, -28.0, 8.0], [125.04647577459228, 27.787702397896624, -28.0, 8.0], [125.16266521107299, 30.59029172597151, -28.0, 8.0], [125.3137114784979, 33.40032451913553, -28.0, 8.0], [125.46475774592281, 36.210357312299564, -28.0, 8.0], [125.58094718240352, 39.01294664037446, -28.0, 8.0], [125.62742295699576, 41.800649038271075, -28.0, 8.0], [125.56932823875545, 44.5660210409003, -28.0, 8.0], [125.37180619673823, 47.30161918317299, -28.0, 8.0], [125.0, 50.0, -28.0, 8.0], [124.39599117056724, 52.60588347723904, -28.0, 8.0], [123.5573601874508, 55.150294003681374, -28.0, 8.0], [122.55045448373927, 57.65308507733421, -28.0, 8.0], [121.4416214925212, 60.134110196204766, -28.0, 8.0], [120.29720864688512, 62.613222858300276, -28.0, 8.0], [119.18356337991958, 65.11027656162793, -28.0, 8.0], [118.16703312471311, 67.64512480419495, -28.0, 8.0], [117.31396531435428, 70.23762108400851, -28.0, 8.0], [116.69070738193159, 72.90761889907589, -28.0, 8.0], [116.33592790232343, 75.90356234745641, -28.0, 8.0], [116.25728289148347, 79.04557626325541, -28.0, 8.0], [116.3723114074132, 82.28226587968487, -28.0, 8.0], [116.59855250811418, 85.5622364299567, -28.0, 8.0], [116.85354525158786, 88.83409314728283, -28.0, 8.0], [117.05482869583577, 92.04644126487523, -28.0, 8.0], [117.11994189885945, 95.14788601594589, -28.0, 8.0], [116.96642391866041, 98.08703263370666, -28.0, 8.0], [116.51181381324014, 100.81248635136953, -28.0, 8.0], [115.9545102187456, 102.80194769595128, -28.0, 8.0], [115.29630236660277, 104.64637962540631, -28.0, 8.0], [114.54435159062902, 106.38303881395318, -28.0, 8.0], [113.70581922464177, 108.04918193581042, -28.0, 8.0], [112.7878666024584, 109.68206566519663, -28.0, 8.0], [111.79765505789629, 111.3189466763304, -28.0, 8.0], [110.74234592477283, 112.99708164343025, -28.0, 8.0], [109.62910053690544, 114.75372724071481, -28.0, 8.0], [108.46508022811147, 116.62614014240259, -28.0, 8.0], [106.71846260056618, 119.46710459704501, -28.0, 8.0], [104.77138381854411, 122.57883247881459, -28.0, 8.0], [102.66243351182811, 125.86500547093772, -28.0, 8.0], [100.43020131020108, 129.2293052566407, -28.0, 8.0], [98.11327684344579, 132.57541351914995, -28.0, 8.0], [95.75024974134514, 135.8070119416918, -28.0, 8.0], [93.37970963368201, 138.82778220749256, -28.0, 8.0], [91.04024615023921, 141.54140599977856, -28.0, 8.0], [88.77044892079962, 143.85156500177624, -28.0, 8.0], [87.2213539254754, 145.2721496027315, -28.0, 8.0], [85.71207159987406, 146.58780508216242, -28.0, 8.0], [84.22080537477497, 147.79795269846076, -28.0, 8.0], [82.72575868095748, 148.90201371001842, -28.0, 8.0], [81.20513494920087, 149.8994093752272, -28.0, 8.0], [79.63713761028446, 150.7895609524788, -28.0, 8.0], [77.99997009498755, 151.57188970016506, -28.0, 8.0], [76.2718358340895, 152.2458168766778, -28.0, 8.0], [74.4309382583696, 152.81076374040873, -28.0, 8.0], [71.99376527834265, 153.19719236001234, -28.0, 8.0], [69.34905139616761, 153.19271444901142, -28.0, 8.0], [66.54943064305996, 152.91307155630807, -28.0, 8.0], [63.64753705023509, 152.47400523080418, -28.0, 8.0], [60.69600464890842, 151.99125702140174, -28.0, 8.0], [57.74746747029538, 151.58056847700277, -28.0, 8.0], [54.85455954561138, 151.3576811465092, -28.0, 8.0], [52.06991490607185, 151.43833657882305, -28.0, 8.0], [49.44616758289221, 151.93827632284626, -28.0, 8.0], [46.972952334786186, 152.86380655215768, -28.0, 8.0], [44.59245250989524, 154.1023388046448, -28.0, 8.0], [42.286125023576346, 155.59127267567246, -28.0, 8.0], [40.035426791186495, 157.2680077606056, -28.0, 8.0], [37.82181472808268, 159.06994365480892, -28.0, 8.0], [35.62674574962186, 160.93447995364744, -28.0, 8.0], [33.43167677116107, 162.79901625248596, -28.0, 8.0], [31.218064708057256, 164.60095214668934, -28.0, 8.0], [28.967366475667408, 166.2776872316224, -28.0, 8.0]], "num_spline_nodes": 10, "road_bbox_size": [0.0, 0.0, 250.0, 250.0], "distance_to_boundary": -0.4308705680238929}, "seed": {"control_nodes": [[125.0, 0.0, -28.0, 8.0], [125.0, 25.0, -28.0, 8.0], [125.0, 50.0, -28.0, 8.0], [117.69070738193159, 73.90761889907589, -28.0, 8.0], [115.51181381324014, 98.81248635136953, -28.0, 8.0], [112.46508022811146, 123.62614014240258, -28.0, 8.0], [97.77044892079964, 143.85156500177627, -28.0, 8.0], [74.4309382583696, 152.81076374040876, -28.0, 8.0], [49.4461675828922, 151.93827632284624, -28.0, 8.0], [28.967366475667408, 166.2776872316224, -28.0, 8.0], [8.488565368442611, 180.61709814039855, -28.0, 8.0]],