{"name": "Road595", "members_distance": null, "m1": {"control_nodes": [[125.0, 0.0, -28.0, 8.0], [125.0, 25.0, -28.0, 8.0], [125.0, 50.0, -28.0, 8.0], [107.65023750651133, 70.2751631047092, -28.0, 8.0], [90.36639496603206, 85.32512210627166, -28.0, 8.0], [65.02688430360202, 92.28432084490417, -28.0, 8.0], [51.270182585062756, 104.7636483689058, -28.0, 8.0], [26.79138147783796, 116.10305927768195, -28.0, 8.0], [12.096750170526134, 136.32848413705563, -28.0, 8.0], [13.405149076599733, 161.29422250591998, -28.0, 8.0], [14.713547982673331, 186.25996087478433, -28.0, 8.0]], "sample_nodes": [[125.0, 25.0, -28.0, 8.0], [125.09064026965513, 27.80679176416377, -28.0, 8.0], [125.31724094379298, 30.657104507906517, -28.0, 8.0], [125.61182182017215, 33.52917774143876, -28.0, 8.0], [125.90640269655131, 36.40125097497102, -28.0, 8.0], [126.13300337068915, 39.25156371871377, -28.0, 8.0], [126.22364364034428, 42.05835548287753, -28.0, 8.0], [126.1103433032754, 44.79986577767282, -28.0, 8.0], [125.72512215724107, 47.45433411331015, -28.0, 8.0], [125.0, 50.0, -28.0, 8.0], [123.85365565020922, 52.52353701462437, -28.0, 8.0], [122.35561065144597, 54.96541312680345, -28.0, 8.0], [120.57287167058695, 57.331617889645806, -28.0, 8.0], [118.57244537450873, 59.628140856260046, -28.0, 8.0], [116.42133843008793, 61.86097157975472, -28.0, 8.0], [114.18655750420119, 64.03609961323839, -28.0, 8.0], [111.93510926372511, 66.15951450981966, -28.0, 8.0], [109.73400037553628, 68.23720582260705, -28.0, 8.0], [107.65023750651133, 70.27516310470921, -28.0, 8.0], [105.81451803481735, 72.15060692582165, -28.0, 8.0], [104.00565924529575, 74.02000102924741, -28.0, 8.0], [102.20307361588176, 75.86416392032301, -28.0, 8.0], [100.38617362451063, 77.66391410438504, -28.0, 8.0], [98.53437174911767, 79.4000700867701, -28.0, 8.0], [96.62708046763807, 81.05345037281472, -28.0, 8.0], [94.6437122580071, 82.60487346785547, -28.0, 8.0], [92.56367959816001, 84.03515787722893, -28.0, 8.0], [90.36639496603206, 85.32512210627165, -28.0, 8.0], [87.80752844136362, 86.46702195845822, -28.0, 8.0], [85.02300414272821, 87.34357482061037, -28.0, 8.0], [82.08203597396391, 88.0290020226114, -28.0, 8.0], [79.05383783890875, 88.59752489434447, -28.0, 8.0], [76.00762364140078, 89.12336476569288, -28.0, 8.0], [73.01260728527808, 89.68074296653981, -28.0, 8.0], [70.1380026743787, 90.34388082676851, -28.0, 8.0], [67.45302371254064, 91.18699967626223, -28.0, 8.0], [65.02688430360202, 92.28432084490419, -28.0, 8.0], [63.22836888480944, 93.42040421603909, -28.0, 8.0], [61.62062982046884, 94.70399589258817, -28.0, 8.0], [60.15083363784597, 96.09871823394278, -28.0, 8.0], [58.76614686420659, 97.56819359949438, -28.0, 8.0], [57.41373602681641, 99.0760443486343, -28.0, 8.0], [56.040767652941184, 100.58589284075401, -28.0, 8.0], [54.59440826984669, 102.06136143524492, -28.0, 8.0], [53.02182440479862, 103.46607249149838, -28.0, 8.0], [51.270182585062756, 104.7636483689058, -28.0, 8.0], [48.87781243803483, 106.14705919067616, -28.0, 8.0], [46.23049992355352, 107.36613419813614, -28.0, 8.0], [43.402417130242014, 108.47807342495261, -28.0, 8.0], [40.467736146723524, 109.5400769047925, -28.0, 8.0], [37.500629061621225, 110.60934467132256, -28.0, 8.0], [34.57526796355833, 111.7430767582097, -28.0, 8.0], [31.765824941158026, 112.99847319912075, -28.0, 8.0], [29.1464720830435, 114.43273402772253, -28.0, 8.0], [26.79138147783796, 116.10305927768195, -28.0, 8.0], [24.688897178907446, 117.92344593363951, -28.0, 8.0], [22.63373477455204, 119.89272679899571, -28.0, 8.0], [20.655943540704584, 121.99282750967203, -28.0, 8.0], [18.785572753297934, 124.20567370158996, -28.0, 8.0], [17.05267168826492, 126.51319101067097, -28.0, 8.0], [15.487289621538395, 128.89730507283656, -28.0, 8.0], [14.119475829051188, 131.33994152400822, -28.0, 8.0], [12.979279586736155, 133.82302600010738, -28.0, 8.0], [12.096750170526132, 136.32848413705563, -28.0, 8.0], [11.539662851683376, 138.89437546157458, -28.0, 8.0], [11.311855989906155, 141.55780410110359, -28.0, 8.0], [11.347473493781376, 144.2992625926407, -28.0, 8.0], [11.580659271895918, 147.0992434731839, -28.0, 8.0], [11.945557232836682, 149.9382392797311, -28.0, 8.0], [12.376311285190557, 152.79674254928037, -28.0, 8.0], [12.807065337544428, 155.6552458188296, -28.0, 8.0], [13.171963298485187, 158.49424162537682, -28.0, 8.0], [13.405149076599734, 161.29422250592, -28.0, 8.0]], "num_spline_nodes": 10, "road_bbox_size": [0.0, 0.0, 250.0, 250.0], "distance_to_boundary": -0.055542421747611925}, "seed": {"control_nodes": [[125.0, 0.0, -28.0, 8.0], [125.0, 25.0, -28.0, 8.0], [125.0, 50.0, -28.0, 8.0], [113.65023750651133, 72.2751631047092, -28.0, 8.0], [95.36639496603206, 89.32512210627166, -28.0, 8.0], [72.02688430360202, 98.28432084490417, -28.0, 8.0], [47.270182585062756, 101.7636483689058, -28.0, 8.0], [26.79138147783796, 116.10305927768195, -28.0, 8.0], [12.096750170526134, 136.32848413705563, -28.0, 8.0], [13.405149076599733, 161.29422250591998, -28.0, 8.0], [14.713547982673331, 186.25996087478433, -28.0, 8.0]],