{"name": "Road203", "members_distance": null, "m1": {"control_nodes": [[125.0, 0.0, -28.0, 8.0], [125.0, 25.0, -28.0, 8.0], [125.0, 50.0, -28.0, 8.0], [117.69070738193159, 68.90761889907589, -28.0, 8.0], [105.0747315065559, 94.87438309771149, -28.0, 8.0], [85.79088896607664, 111.92434209927396, -28.0, 8.0], [65.45137830364659, 117.88354083790647, -28.0, 8.0], [41.25017589973594, 134.1315224437366, -28.0, 8.0], [24.848700174973263, 152.9992619493059, -28.0, 8.0], [23.97621275741074, 177.98403262478328, -28.0, 8.0], [23.103725339848214, 202.96880330026067, -28.0, 8.0]], "sample_nodes": [[125.0, 25.0, -28.0, 8.0], [125.0468711875961, 27.80088979738693, -28.0, 8.0], [125.16404915658633, 30.63644762418757, -28.0, 8.0], [125.31638051627363, 33.48933946569508, -28.0, 8.0], [125.4687118759609, 36.3422313072026, -28.0, 8.0], [125.58588984495114, 39.17778913400325, -28.0, 8.0], [125.63276103254722, 41.97867893139018, -28.0, 8.0], [125.57417204805212, 44.727566684656516, -28.0, 8.0], [125.37496950076874, 47.407118379095415, -28.0, 8.0], [125.0, 50.0, -28.0, 8.0], [124.50822280307908, 52.23650326144713, -28.0, 8.0], [123.89840841258282, 54.38133051202611, -28.0, 8.0], [123.18681922283182, 56.45923682241911, -28.0, 8.0], [122.38971762814671, 58.49497726330838, -28.0, 8.0], [121.52336602284817, 60.51330690537611, -28.0, 8.0], [120.60402680125674, 62.53898081930451, -28.0, 8.0], [119.64796235769307, 64.5967540757758, -28.0, 8.0], [118.67143508647781, 66.71138174547218, -28.0, 8.0], [117.69070738193159, 68.90761889907589, -28.0, 8.0], [116.51895657847258, 71.67492314172941, -28.0, 8.0], [115.32612692879108, 74.58538941503426, -28.0, 8.0], [114.0966067640747, 77.59029382507737, -28.0, 8.0], [112.81478441551121, 80.64091247794576, -28.0, 8.0], [111.46504821428825, 83.6885214797264, -28.0, 8.0], [110.03178649159354, 86.68439693650629, -28.0, 8.0], [108.49938757861479, 89.57981495437245, -28.0, 8.0], [106.85223980653964, 92.32605163941183, -28.0, 8.0], [105.0747315065559, 94.87438309771149, -28.0, 8.0], [103.26438076608414, 97.14760338560289, -28.0, 8.0], [101.33372979123214, 99.36200628446343, -28.0, 8.0], [99.29873242201725, 101.50221563257469, -28.0, 8.0], [97.17534249845676, 103.55285526821822, -28.0, 8.0], [94.97951386056803, 105.49854902967557, -28.0, 8.0], [92.7272003483683, 107.32392075522827, -28.0, 8.0], [90.43435580187497, 109.01359428315786, -28.0, 8.0], [88.1169340611053, 110.55219345174591, -28.0, 8.0], [85.79088896607664, 111.92434209927397, -28.0, 8.0], [83.65110242080212, 112.94387148385074, -28.0, 8.0], [81.45794300119994, 113.71736215379929, -28.0, 8.0], [79.22141060870864, 114.31196682345364, -28.0, 8.0], [76.95150514476677, 114.79483820714782, -28.0, 8.0], [74.65822651081281, 115.23312901921582, -28.0, 8.0], [72.35157460828528, 115.69399197399167, -28.0, 8.0], [70.0415493386227, 116.24457978580935, -28.0, 8.0], [67.73815060326365, 116.95204516900296, -28.0, 8.0], [65.45137830364658, 117.88354083790645, -28.0, 8.0], [62.741870468761256, 119.22660575986107, -28.0, 8.0], [59.969158087767696, 120.74008218163283, -28.0, 8.0], [57.16252368173675, 122.40046514268381, -28.0, 8.0], [54.35124977173933, 124.18424968247629, -28.0, 8.0], [51.56461887884632, 126.06793084047234, -28.0, 8.0], [48.83191352412859, 128.02800365613422, -28.0, 8.0], [46.182416228657026, 130.04096316892412, -28.0, 8.0], [43.64540951350252, 132.0833044183042, -28.0, 8.0], [41.25017589973594, 134.1315224437366, -28.0, 8.0], [39.088847093134824, 136.03310072729278, -28.0, 8.0], [36.918646220397825, 137.9599299159314, -28.0, 8.0], [34.77969087575755, 139.9220636093024, -28.0, 8.0], [32.71209865344661, 141.92955540705574, -28.0, 8.0], [30.755987147697613, 143.99245890884137, -28.0, 8.0], [28.95147395274317, 146.12082771430923, -28.0, 8.0], [27.338676662815896, 148.32471542310932, -28.0, 8.0], [25.95771287214839, 150.61417563489158, -28.0, 8.0], [24.848700174973263, 152.9992619493059, -28.0, 8.0], [24.070100577369743, 155.50683592362225, -28.0, 8.0], [23.611027488144813, 158.14027473682555, -28.0, 8.0], [23.407575605622775, 160.87440542113848, -28.0, 8.0], [23.395839628127902, 163.68405500878362, -28.0, 8.0], [23.511914253984468, 166.54405053198354, -28.0, 8.0], [23.691894181516762, 169.42921902296092, -28.0, 8.0], [23.871874109049052, 172.31438751393824, -28.0, 8.0], [23.98794873490562, 175.17438303713817, -28.0, 8.0], [23.976212757410742, 177.9840326247833, -28.0, 8.0]], "num_spline_nodes": 10, "road_bbox_size": [0.0, 0.0, 250.0, 250.0], "distance_to_boundary": -0.13550739284232538}, "seed": {"control_nodes": [[125.0, 0.0, -28.0, 8.0], [125.0, 25.0, -28.0, 8.0], [125.0, 50.0, -28.0, 8.0], [117.69070738193159, 73.90761889907589, -28.0, 8.0], [104.0747315065559, 94.87438309771149, -28.0, 8.0], [85.79088896607664, 111.92434209927396, -28.0, 8.0], [62.45137830364659, 120.88354083790647, -28.0, 8.0], [41.25017589973594, 134.1315224437366, -28.0, 8.0], [24.848700174973263, 152.9992619493059, -28.0, 8.0], [23.97621275741074, 177.98403262478328, -28.0, 8.0], [23.103725339848214, 202.96880330026067, -28.0, 8.0]],