{"name": "Road407", "members_distance": null, "m1": {"control_nodes": [[125.0, 0.0, -28.0, 8.0], [125.0, 25.0, -28.0, 8.0], [125.0, 50.0, -28.0, 8.0], [117.9519526100083, 75.25739315689991, -28.0, 8.0], [114.75416033956432, 100.71108317524505, -28.0, 8.0], [120.49807218316745, 126.65018443174066, -28.0, 8.0], [143.2310819594134, 142.07883346816493, -28.0, 8.0], [152.197846158049, 156.6948093435406, -28.0, 8.0], [173.84848125265998, 169.1948093435406, -28.0, 8.0], [192.71622075822927, 185.5962850683033, -28.0, 8.0], [211.58396026379856, 201.997760793066, -28.0, 8.0]], "sample_nodes": [[125.0, 25.0, -28.0, 8.0], [125.03730970646667, 27.77961191932087, -28.0, 8.0], [125.13058397263339, 30.56197505095637, -28.0, 8.0], [125.25184051865008, 33.345713788749194, -28.0, 8.0], [125.37309706466678, 36.12945252654203, -28.0, 8.0], [125.46637133083348, 38.911815658177545, -28.0, 8.0], [125.50368103730011, 41.69142757749839, -28.0, 8.0], [125.45704390421682, 44.46691267834731, -28.0, 8.0], [125.29847765173339, 47.236895354566954, -28.0, 8.0], [125.0, 50.0, -28.0, 8.0], [124.50890729618231, 52.81913696980136, -28.0, 8.0], [123.83949108729507, 55.62711371892493, -28.0, 8.0], [123.03688748199144, 58.42734606133602, -28.0, 8.0], [122.14623258892475, 61.223249811, -28.0, 8.0], [121.21266251674817, 64.01824078188218, -28.0, 8.0], [120.28131337411499, 66.81573478794792, -28.0, 8.0], [119.39732126967849, 69.61914764316258, -28.0, 8.0], [118.60582231209182, 72.43189516149145, -28.0, 8.0], [117.9519526100083, 75.25739315689992, -28.0, 8.0], [117.38382094363993, 78.06479948774184, -28.0, 8.0], [116.82076876669032, 80.88156725054337, -28.0, 8.0], [116.28342144949036, 83.70591098685479, -28.0, 8.0], [115.792404362371, 86.53604523822631, -28.0, 8.0], [115.3683428756631, 89.37018454620821, -28.0, 8.0], [115.03186235969753, 92.20654345235077, -28.0, 8.0], [114.8035881848053, 95.04333649820427, -28.0, 8.0], [114.70414572131726, 97.87877822531895, -28.0, 8.0], [114.75416033956432, 100.71108317524505, -28.0, 8.0], [114.90355830616227, 103.65019053030301, -28.0, 8.0], [115.10415584899398, 106.67792258837206, -28.0, 8.0], [115.38638327043805, 109.75019179888758, -28.0, 8.0], [115.7806708728732, 112.82291061128501, -28.0, 8.0], [116.31744895867803, 115.85199147499978, -28.0, 8.0], [117.02714783023117, 118.79334683946726, -28.0, 8.0], [117.9401977899114, 121.602889154123, -28.0, 8.0], [119.08702914009724, 124.2365308684023, -28.0, 8.0], [120.49807218316745, 126.65018443174066, -28.0, 8.0], [122.3460429019204, 128.83030863508372, -28.0, 8.0], [124.64917626363717, 130.7549939888732, -28.0, 8.0], [127.28503677023176, 132.4838039429932, -28.0, 8.0], [130.13118892361805, 134.07630194732783, -28.0, 8.0], [133.06519722571002, 135.59205145176122, -28.0, 8.0], [135.9646261784216, 137.0906159061775, -28.0, 8.0], [138.70704028366677, 138.6315587604608, -28.0, 8.0], [141.17000404335937, 140.27444346449522, -28.0, 8.0], [143.23108195941336, 142.07883346816493, -28.0, 8.0], [144.53125866334716, 143.629984625863, -28.0, 8.0], [145.60126379997217, 145.25701184689052, -28.0, 8.0], [146.50718487269725, 146.93520176429783, -28.0, 8.0], [147.31510938493142, 148.63984101113545, -28.0, 8.0], [148.09112484008347, 150.34621622045367, -28.0, 8.0], [148.90131874156236, 152.02961402530292, -28.0, 8.0], [149.81177859277696, 153.66532105873355, -28.0, 8.0], [150.8885918971362, 155.22862395379602, -28.0, 8.0], [152.197846158049, 156.6948093435406, -28.0, 8.0], [154.09897887496095, 158.30951248846446, -28.0, 8.0], [156.26665501904023, 159.77621962977108, -28.0, 8.0], [158.64069455771988, 161.1341632415784, -28.0, 8.0], [161.16091745843303, 162.42257579800435, -28.0, 8.0], [163.76714368861275, 163.68068977316685, -28.0, 8.0], [166.39919321569226, 164.9477376411838, -28.0, 8.0], [168.99688600710454, 166.26295187617313, -28.0, 8.0], [171.50004203028277, 167.6655649522528, -28.0, 8.0], [173.84848125266, 169.1948093435406, -28.0, 8.0], [176.06705403565098, 170.84593734150133, -28.0, 8.0], [178.22836559253003, 172.57734261774937, -28.0, 8.0], [180.34386816851946, 174.3729697166272, -28.0, 8.0], [182.4250140088418, 176.2167631824775, -28.0, 8.0], [184.48325535871925, 178.0926675596426, -28.0, 8.0], [186.53004446337437, 179.98462739246526, -28.0, 8.0], [188.57683356802949, 181.8765872252879, -28.0, 8.0], [190.635074917907, 183.75249160245306, -28.0, 8.0], [192.71622075822924, 185.5962850683033, -28.0, 8.0]], "num_spline_nodes": 10, "road_bbox_size": [0.0, 0.0, 250.0, 250.0], "distance_to_boundary": -0.3101957216615805}, "seed": {"control_nodes": [[125.0, 0.0, -28.0, 8.0], [125.0, 25.0, -28.0, 8.0], [125.0, 50.0, -28.0, 8.0], [118.9519526100083, 74.25739315689991, -28.0, 8.0], [113.75416033956432, 98.71108317524505, -28.0, 8.0], [115.49807218316745, 123.65018443174066, -28.0, 8.0], [131.2310819594134, 143.07883346816493, -28.0, 8.0], [152.197846158049, 156.6948093435406, -28.0, 8.0], [173.84848125265998, 169.1948093435406, -28.0, 8.0], [192.71622075822927, 185.5962850683033, -28.0, 8.0], [211.58396026379856, 201.997760793066, -28.0, 8.0]],