{"name": "Road811", "members_distance": null, "m1": {"control_nodes": [[125.0, 0.0, -28.0, 8.0], [125.0, 25.0, -28.0, 8.0], [125.0, 50.0, -28.0, 8.0], [116.69070738193159, 74.90761889907589, -28.0, 8.0], [115.51181381324014, 96.81248635136953, -28.0, 8.0], [108.46508022811146, 116.62614014240258, -28.0, 8.0], [95.77044892079964, 143.85156500177627, -28.0, 8.0], [74.4309382583696, 152.81076374040876, -28.0, 8.0], [49.4461675828922, 151.93827632284624, -28.0, 8.0], [28.967366475667408, 166.2776872316224, -28.0, 8.0], [8.488565368442611, 180.61709814039855, -28.0, 8.0]], "sample_nodes": [[125.0, 25.0, -28.0, 8.0], [125.04394243703041, 27.781549473046745, -28.0, 8.0], [125.15379852960646, 30.568756488996925, -28.0, 8.0], [125.2966114499553, 33.35879227639884, -28.0, 8.0], [125.43942437030414, 36.14882806380076, -28.0, 8.0], [125.54928046288018, 38.93603507975095, -28.0, 8.0], [125.59322289991056, 41.71758455279769, -28.0, 8.0], [125.53829485362259, 44.49064771148925, -28.0, 8.0], [125.3515394962433, 47.252395784373945, -28.0, 8.0], [125.0, 50.0, -28.0, 8.0], [124.40571536176591, 52.80460777804329, -28.0, 8.0], [123.57799204110445, 55.60246619218389, -28.0, 8.0], [122.58162839150873, 58.39249340905494, -28.0, 8.0], [121.48142276647195, 61.17360759528959, -28.0, 8.0], [120.34217351948715, 63.944726917520924, -28.0, 8.0], [119.2286790040476, 66.70476954238208, -28.0, 8.0], [118.20573757364643, 69.45265363650623, -28.0, 8.0], [117.33814758177668, 72.18729736652644, -28.0, 8.0], [116.69070738193159, 74.90761889907589, -28.0, 8.0], [116.32410149383492, 77.38686101516946, -28.0, 8.0], [116.13363940432475, 79.86304983696013, -28.0, 8.0], [116.06907566905659, 82.33263306685697, -28.0, 8.0], [116.08016484368602, 84.79205840726888, -28.0, 8.0], [116.11666148386855, 87.23777356060486, -28.0, 8.0], [116.12832014525969, 89.66622622927392, -28.0, 8.0], [116.064895383515, 92.07386411568507, -28.0, 8.0], [115.87614175428997, 94.4571349222473, -28.0, 8.0], [115.51181381324017, 96.81248635136954, -28.0, 8.0], [115.0026379073035, 99.07012528005934, -28.0, 8.0], [114.40030389987314, 101.27226867246497, -28.0, 8.0], [113.71540156740237, 103.43668727548001, -28.0, 8.0], [112.95852068634443, 105.5811518359979, -28.0, 8.0], [112.14025103315261, 107.72343310091213, -28.0, 8.0], [111.27118238428012, 109.88130181711622, -28.0, 8.0], [110.36190451618026, 112.07252873150367, -28.0, 8.0], [109.4230072053063, 114.31488459096795, -28.0, 8.0], [108.46508022811147, 116.62614014240259, -28.0, 8.0], [107.32667777717906, 119.58122173507303, -28.0, 8.0], [106.1943842544221, 122.76490958413076, -28.0, 8.0], [105.03642667575448, 126.08672589547336, -28.0, 8.0], [103.82103205709004, 129.45619287499846, -28.0, 8.0], [102.51642741434259, 132.78283272860364, -28.0, 8.0], [101.09083976342595, 135.97616766218636, -28.0, 8.0], [99.51249612025407, 138.94571988164435, -28.0, 8.0], [97.74962350074067, 141.60101159287515, -28.0, 8.0], [95.77044892079962, 143.85156500177624, -28.0, 8.0], [93.83237597750596, 145.51278336773325, -28.0, 8.0], [91.71994517006635, 146.96573929342637, -28.0, 8.0], [89.46149017629591, 148.22835755617143, -28.0, 8.0], [87.08534467400969, 149.31856293328394, -28.0, 8.0], [84.61984234102277, 150.25428020207977, -28.0, 8.0], [82.09331685515023, 151.0534341398745, -28.0, 8.0], [79.53410189420713, 151.73394952398377, -28.0, 8.0], [76.97053113600856, 152.3137511317233, -28.0, 8.0], [74.4309382583696, 152.81076374040876, -28.0, 8.0], [71.75567892339534, 153.08600836898094, -28.0, 8.0], [68.98448166515456, 153.02246396274464, -28.0, 8.0], [66.14765991908638, 152.72544857144257, -28.0, 8.0], [63.27552712062993, 152.30028024481766, -28.0, 8.0], [60.39839670522431, 151.85227703261253, -28.0, 8.0], [57.5465821083086, 151.48675698457004, -28.0, 8.0], [54.75039676532194, 151.309038150433, -28.0, 8.0], [52.040154111703444, 151.42443857994414, -28.0, 8.0], [49.4461675828922, 151.93827632284624, -28.0, 8.0], [46.972952334786186, 152.86380655215768, -28.0, 8.0], [44.59245250989524, 154.1023388046448, -28.0, 8.0], [42.286125023576346, 155.59127267567246, -28.0, 8.0], [40.035426791186495, 157.2680077606056, -28.0, 8.0], [37.82181472808268, 159.06994365480892, -28.0, 8.0], [35.62674574962186, 160.93447995364744, -28.0, 8.0], [33.43167677116107, 162.79901625248596, -28.0, 8.0], [31.218064708057256, 164.60095214668934, -28.0, 8.0], [28.967366475667408, 166.2776872316224, -28.0, 8.0]], "num_spline_nodes": 10, "road_bbox_size": [0.0, 0.0, 250.0, 250.0], "distance_to_boundary": -0.4055034049252244}, "seed": {"control_nodes": [[125.0, 0.0, -28.0, 8.0], [125.0, 25.0, -28.0, 8.0], [125.0, 50.0, -28.0, 8.0], [117.69070738193159, 73.90761889907589, -28.0, 8.0], [115.51181381324014, 98.81248635136953, -28.0, 8.0], [112.46508022811146, 123.62614014240258, -28.0, 8.0], [97.77044892079964, 143.85156500177627, -28.0, 8.0], [74.4309382583696, 152.81076374040876, -28.0, 8.0], [49.4461675828922, 151.93827632284624, -28.0, 8.0], [28.967366475667408, 166.2776872316224, -28.0, 8.0], [8.488565368442611, 180.61709814039855, -28.0, 8.0]],