{"name": "Road668", "members_distance": null, "m1": {"control_nodes": [[125.0, 0.0, -28.0, 8.0], [125.0, 25.0, -28.0, 8.0], [125.0, 50.0, -28.0, 8.0], [113.69070738193159, 73.90761889907589, -28.0, 8.0], [116.51181381324014, 98.81248635136953, -28.0, 8.0], [112.46508022811146, 124.62614014240258, -28.0, 8.0], [96.77044892079964, 143.85156500177627, -28.0, 8.0], [74.4309382583696, 152.81076374040876, -28.0, 8.0], [49.4461675828922, 151.93827632284624, -28.0, 8.0], [28.967366475667408, 166.2776872316224, -28.0, 8.0], [8.488565368442611, 180.61709814039855, -28.0, 8.0]], "sample_nodes": [[125.0, 25.0, -28.0, 8.0], [125.05948267498391, 27.78727658802979, -28.0, 8.0], [125.20818936244369, 30.588801391437592, -28.0, 8.0], [125.4015080561414, 33.39745030253441, -28.0, 8.0], [125.59482674983909, 36.206099213631234, -28.0, 8.0], [125.74353343729888, 39.00762401703904, -28.0, 8.0], [125.80301611228276, 41.79490060506882, -28.0, 8.0], [125.7286627685529, 44.56080487003159, -28.0, 8.0], [125.47586139987128, 47.298212704238324, -28.0, 8.0], [125.0, 50.0, -28.0, 8.0], [124.16782567029475, 52.7274766602948, -28.0, 8.0], [122.98117318581608, 55.40329623505827, -28.0, 8.0], [121.54648885514877, 58.041982343761276, -28.0, 8.0], [119.97021898687763, 60.658058605874615, -28.0, 8.0], [118.35880988958739, 63.26604864086916, -28.0, 8.0], [116.81870787186287, 65.88047606821571, -28.0, 8.0], [115.4563592422889, 68.51586450738513, -28.0, 8.0], [114.37821030945021, 71.18673757784823, -28.0, 8.0], [113.69070738193159, 73.90761889907589, -28.0, 8.0], [113.44205063201994, 76.60214786447666, -28.0, 8.0], [113.52941173649512, 79.3267110166793, -28.0, 8.0], [113.8690094384832, 82.07622354662216, -28.0, 8.0], [114.37706248111023, 84.84560064524355, -28.0, 8.0], [114.96978960750218, 87.62975750348178, -28.0, 8.0], [115.56340956078513, 90.42360931227518, -28.0, 8.0], [116.07414108408507, 93.22207126256205, -28.0, 8.0], [116.41820292052807, 96.02005854528073, -28.0, 8.0], [116.51181381324014, 98.81248635136953, -28.0, 8.0], [116.43641916390376, 101.69741130538466, -28.0, 8.0], [116.3175199805851, 104.6410900010302, -28.0, 8.0], [116.1336636618826, 107.61654856337998, -28.0, 8.0], [115.8633976063945, 110.59681311750785, -28.0, 8.0], [115.4852692127191, 113.55490978848763, -28.0, 8.0], [114.9778258794548, 116.46386470139315, -28.0, 8.0], [114.31961500519988, 119.29670398129826, -28.0, 8.0], [113.48918398855265, 122.02645375327681, -28.0, 8.0], [112.46508022811146, 124.62614014240258, -28.0, 8.0], [111.26904855028873, 127.07535201704651, -28.0, 8.0], [109.89231372896542, 129.48806444321144, -28.0, 8.0], [108.35362537079769, 131.84637858914533, -28.0, 8.0], [106.67173308244159, 134.13239562309596, -28.0, 8.0], [104.86538647055329, 136.32821671331126, -28.0, 8.0], [102.95333514178883, 138.41594302803907, -28.0, 8.0], [100.95432870280433, 140.37767573552728, -28.0, 8.0], [98.8871167602559, 142.19551600402372, -28.0, 8.0], [96.77044892079965, 143.8515650017763, -28.0, 8.0], [94.59994843360471, 145.33483395503265, -28.0, 8.0], [92.30663356574873, 146.69446900859276, -28.0, 8.0], [89.90974611992355, 147.93119157374687, -28.0, 8.0], [87.42852789882119, 149.0457230617855, -28.0, 8.0], [84.88222070513359, 150.03878488399894, -28.0, 8.0], [82.29006634155267, 150.91109845167756, -28.0, 8.0], [79.67130661077042, 151.66338517611186, -28.0, 8.0], [77.04518331547874, 152.2963664685921, -28.0, 8.0], [74.4309382583696, 152.8107637404088, -28.0, 8.0], [71.72838406853005, 153.07362133840402, -28.0, 8.0], [68.94268641864207, 153.00349632217376, -28.0, 8.0], [66.10159985150119, 152.70454545734404, -28.0, 8.0], [63.23287890990291, 152.28092550954125, -28.0, 8.0], [60.36427813664268, 151.8367932443914, -28.0, 8.0], [57.523552074516004, 151.47630542752077, -28.0, 8.0], [54.73845526631837, 151.3036188245556, -28.0, 8.0], [52.03674225484528, 151.42289020112202, -28.0, 8.0], [49.4461675828922, 151.93827632284624, -28.0, 8.0], [46.972952334786186, 152.86380655215768, -28.0, 8.0], [44.59245250989524, 154.1023388046448, -28.0, 8.0], [42.286125023576346, 155.59127267567246, -28.0, 8.0], [40.035426791186495, 157.2680077606056, -28.0, 8.0], [37.82181472808268, 159.06994365480892, -28.0, 8.0], [35.62674574962186, 160.93447995364744, -28.0, 8.0], [33.43167677116107, 162.79901625248596, -28.0, 8.0], [31.218064708057256, 164.60095214668934, -28.0, 8.0], [28.967366475667408, 166.2776872316224, -28.0, 8.0]], "num_spline_nodes": 10, "road_bbox_size": [0.0, 0.0, 250.0, 250.0], "distance_to_boundary": -0.46304812042921206}, "seed": {"control_nodes": [[125.0, 0.0, -28.0, 8.0], [125.0, 25.0, -28.0, 8.0], [125.0, 50.0, -28.0, 8.0], [117.69070738193159, 73.90761889907589, -28.0, 8.0], [115.51181381324014, 98.81248635136953, -28.0, 8.0], [112.46508022811146, 123.62614014240258, -28.0, 8.0], [97.77044892079964, 143.85156500177627, -28.0, 8.0], [74.4309382583696, 152.81076374040876, -28.0, 8.0], [49.4461675828922, 151.93827632284624, -28.0, 8.0], [28.967366475667408, 166.2776872316224, -28.0, 8.0], [8.488565368442611, 180.61709814039855, -28.0, 8.0]],