{"name": "Road904", "members_distance": null, "m1": {"control_nodes": [[125.0, 0.0, -28.0, 8.0], [125.0, 25.0, -28.0, 8.0], [125.0, 50.0, -28.0, 8.0], [116.69070738193159, 80.90761889907589, -28.0, 8.0], [115.51181381324014, 95.81248635136953, -28.0, 8.0], [108.46508022811146, 116.62614014240258, -28.0, 8.0], [89.77044892079964, 143.85156500177627, -28.0, 8.0], [74.4309382583696, 152.81076374040876, -28.0, 8.0], [49.4461675828922, 151.93827632284624, -28.0, 8.0], [28.967366475667408, 166.2776872316224, -28.0, 8.0], [8.488565368442611, 180.61709814039855, -28.0, 8.0]], "sample_nodes": [[125.0, 25.0, -28.0, 8.0], [125.03781026504635, 27.76585082270199, -28.0, 8.0], [125.13233592766221, 30.513811212790284, -28.0, 8.0], [125.25521928906284, 33.25282638657174, -28.0, 8.0], [125.37810265046343, 35.99184156035321, -28.0, 8.0], [125.47262831307933, 38.7398019504415, -28.0, 8.0], [125.51043857812564, 41.505652773143495, -28.0, 8.0], [125.46317574681773, 44.29833924476601, -28.0, 8.0], [125.30248212037075, 47.1268065816159, -28.0, 8.0], [124.99999999999999, 50.0, -28.0, 8.0], [124.421062516797, 53.37135129263304, -28.0, 8.0], [123.5962249217859, 56.88894530526818, -28.0, 8.0], [122.59398184301259, 60.496838220587605, -28.0, 8.0], [121.48282790852286, 64.1390862212735, -28.0, 8.0], [120.33125774636252, 67.75974549000802, -28.0, 8.0], [119.20776598457739, 71.30287220947332, -28.0, 8.0], [118.18084725121335, 74.71252256235167, -28.0, 8.0], [117.31899617431613, 77.93275273132511, -28.0, 8.0], [116.69070738193159, 80.90761889907589, -28.0, 8.0], [116.42229607851901, 82.77419151091992, -28.0, 8.0], [116.26355384359523, 84.51999698147993, -28.0, 8.0], [116.18220355449867, 86.17424163256447, -28.0, 8.0], [116.14596808856768, 87.7661317859822, -28.0, 8.0], [116.12257032314068, 89.32487376354169, -28.0, 8.0], [116.07973313555604, 90.87967388705157, -28.0, 8.0], [115.98517940315212, 92.45973847832043, -28.0, 8.0], [115.8066320032674, 94.0942738591569, -28.0, 8.0], [115.51181381324014, 95.81248635136953, -28.0, 8.0], [115.03953242475069, 97.98621942789467, -28.0, 8.0], [114.5012278774198, 100.2115291313178, -28.0, 8.0], [113.89190770255183, 102.48119281323387, -28.0, 8.0], [113.20657943145119, 104.78798782523793, -28.0, 8.0], [112.44025059542226, 107.12469151892495, -28.0, 8.0], [111.58792872576942, 109.48408124588988, -28.0, 8.0], [110.64462135379708, 111.85893435772782, -28.0, 8.0], [109.60533601080961, 114.24202820603371, -28.0, 8.0], [108.46508022811145, 116.62614014240256, -28.0, 8.0], [106.8881663674325, 119.66357745760254, -28.0, 8.0], [105.10443135983876, 122.88228405060056, -28.0, 8.0], [103.14891276161273, 126.20324557641855, -28.0, 8.0], [101.05664812903692, 129.54744769007857, -28.0, 8.0], [98.8626750183939, 132.83587604660246, -28.0, 8.0], [96.6020309859661, 135.98951630101223, -28.0, 8.0], [94.30975358803616, 138.92935410832985, -28.0, 8.0], [92.02088038088647, 141.57637512357718, -28.0, 8.0], [89.77044892079964, 143.85156500177627, -28.0, 8.0], [88.15527557309944, 145.30458737662767, -28.0, 8.0], [86.5548210629022, 146.63893249848343, -28.0, 8.0], [84.95321838207423, 147.8564382063056, -28.0, 8.0], [83.33460052248171, 148.95894233905625, -28.0, 8.0], [81.6831004759909, 149.9482827356975, -28.0, 8.0], [79.98285123446804, 150.8262972351913, -28.0, 8.0], [78.21798578977938, 151.59482367649971, -28.0, 8.0], [76.37263713379116, 152.25569989858485, -28.0, 8.0], [74.4309382583696, 152.81076374040876, -28.0, 8.0], [71.95345594594245, 153.17821131370434, -28.0, 8.0], [69.28732773092985, 153.16364972185235, -28.0, 8.0], [66.48140864463466, 152.88104104066332, -28.0, 8.0], [63.584553718359814, 152.44434734594796, -28.0, 8.0], [60.64561798340819, 151.96753071351674, -28.0, 8.0], [57.71345647108273, 151.5645532191804, -28.0, 8.0], [54.8369242126863, 151.34937693874946, -28.0, 8.0], [52.06487623952182, 151.43596394803455, -28.0, 8.0], [49.446167582892194, 151.9382763228462, -28.0, 8.0], [46.972952334786186, 152.86380655215768, -28.0, 8.0], [44.59245250989524, 154.1023388046448, -28.0, 8.0], [42.286125023576346, 155.59127267567246, -28.0, 8.0], [40.035426791186495, 157.2680077606056, -28.0, 8.0], [37.82181472808268, 159.06994365480892, -28.0, 8.0], [35.62674574962186, 160.93447995364744, -28.0, 8.0], [33.43167677116107, 162.79901625248596, -28.0, 8.0], [31.218064708057256, 164.60095214668934, -28.0, 8.0], [28.967366475667408, 166.2776872316224, -28.0, 8.0]], "num_spline_nodes": 10, "road_bbox_size": [0.0, 0.0, 250.0, 250.0], "distance_to_boundary": -0.43199630363110764}, "seed": {"control_nodes": [[125.0, 0.0, -28.0, 8.0], [125.0, 25.0, -28.0, 8.0], [125.0, 50.0, -28.0, 8.0], [117.69070738193159, 73.90761889907589, -28.0, 8.0], [115.51181381324014, 98.81248635136953, -28.0, 8.0], [112.46508022811146, 123.62614014240258, -28.0, 8.0], [97.77044892079964, 143.85156500177627, -28.0, 8.0], [74.4309382583696, 152.81076374040876, -28.0, 8.0], [49.4461675828922, 151.93827632284624, -28.0, 8.0], [28.967366475667408, 166.2776872316224, -28.0, 8.0], [8.488565368442611, 180.61709814039855, -28.0, 8.0]],