{"name": "Road189", "members_distance": null, "m1": {"control_nodes": [[125.0, 0.0, -28.0, 8.0], [125.0, 25.0, -28.0, 8.0], [125.0, 50.0, -28.0, 8.0], [117.69070738193159, 73.90761889907589, -28.0, 8.0], [104.0747315065559, 94.87438309771149, -28.0, 8.0], [85.79088896607664, 109.92434209927396, -28.0, 8.0], [67.45137830364659, 118.88354083790647, -28.0, 8.0], [41.25017589973594, 134.1315224437366, -28.0, 8.0], [24.848700174973263, 152.9992619493059, -28.0, 8.0], [23.97621275741074, 177.98403262478328, -28.0, 8.0], [23.103725339848214, 202.96880330026067, -28.0, 8.0]], "sample_nodes": [[125.0, 25.0, -28.0, 8.0], [125.04010585798666, 27.783771638413853, -28.0, 8.0], [125.14037050295332, 30.576534067781804, -28.0, 8.0], [125.27071454140994, 33.37379189262681, -28.0, 8.0], [125.40105857986659, 36.17104971747183, -28.0, 8.0], [125.50132322483321, 38.96381214683979, -28.0, 8.0], [125.54142908281989, 41.74758378525364, -28.0, 8.0], [125.49129676033658, 44.517869237236326, -28.0, 8.0], [125.32084686389327, 47.270173107310804, -28.0, 8.0], [125.0, 50.0, -28.0, 8.0], [124.54330781172, 52.720489361943045, -28.0, 8.0], [123.98812551407488, 55.44270631193655, -28.0, 8.0], [123.33857907151216, 58.15904396273969, -28.0, 8.0], [122.59879444847951, 60.86189542711167, -28.0, 8.0], [121.77289760942443, 63.54365381781168, -28.0, 8.0], [120.86501451879451, 66.1967122475989, -28.0, 8.0], [119.87927114103735, 68.81346382923256, -28.0, 8.0], [118.81979344060053, 71.38630167547183, -28.0, 8.0], [117.69070738193159, 73.90761889907589, -28.0, 8.0], [116.48341009370722, 76.39695659641578, -28.0, 8.0], [115.18947417581808, 78.87169220291783, -28.0, 8.0], [113.81328879953298, 81.32097333992414, -28.0, 8.0], [112.35924313612064, 83.73394762877686, -28.0, 8.0], [110.83172635684977, 86.09976269081815, -28.0, 8.0], [109.2351276329891, 88.4075661473901, -28.0, 8.0], [107.57383613580744, 90.6465056198349, -28.0, 8.0], [105.85224103657346, 92.80572872949463, -28.0, 8.0], [104.0747315065559, 94.87438309771149, -28.0, 8.0], [102.26944564333137, 96.80926247588529, -28.0, 8.0], [100.37457701845572, 98.68151514356222, -28.0, 8.0], [98.40427693726204, 100.48983879331229, -28.0, 8.0], [96.37269670508351, 102.23293111770566, -28.0, 8.0], [94.29398762725319, 103.90948980931236, -28.0, 8.0], [92.18230100910421, 105.51821256070244, -28.0, 8.0], [90.0517881559697, 107.05779706444604, -28.0, 8.0], [87.91660037318282, 108.52694101311317, -28.0, 8.0], [85.79088896607664, 109.92434209927396, -28.0, 8.0], [83.8264876582764, 111.11411497521422, -28.0, 8.0], [81.8584848521968, 112.1782143979309, -28.0, 8.0], [79.8805681079072, 113.14968188136709, -28.0, 8.0], [77.88642498547705, 114.06155893946591, -28.0, 8.0], [75.86974304497568, 114.94688708617034, -28.0, 8.0], [73.82420984647253, 115.83870783542353, -28.0, 8.0], [71.74351295003706, 116.77006270116857, -28.0, 8.0], [69.62133991573862, 117.77399319734852, -28.0, 8.0], [67.45137830364659, 118.88354083790645, -28.0, 8.0], [64.67901209888606, 120.33718975039952, -28.0, 8.0], [61.74937804977365, 121.84100519801956, -28.0, 8.0], [58.71499682101892, 123.3992627299192, -28.0, 8.0], [55.62838907733143, 125.01623789525112, -28.0, 8.0], [52.542075483420675, 126.69620624316792, -28.0, 8.0], [49.50857670399621, 128.44344332282222, -28.0, 8.0], [46.5804134037676, 130.2622246833667, -28.0, 8.0], [43.810106247444324, 132.15682587395395, -28.0, 8.0], [41.25017589973594, 134.1315224437366, -28.0, 8.0], [39.0337213614813, 135.9845941659565, -28.0, 8.0], [36.83423494380337, 137.88565424388526, -28.0, 8.0], [34.68666620359222, 139.84020878704746, -28.0, 8.0], [32.62596469773798, 141.85376390496785, -28.0, 8.0], [30.68707998313071, 143.93182570717107, -28.0, 8.0], [28.90496161666051, 146.07990030318177, -28.0, 8.0], [27.314559155217477, 148.3034938025247, -28.0, 8.0], [25.950822155691696, 150.6081123147245, -28.0, 8.0], [24.848700174973263, 152.9992619493059, -28.0, 8.0], [24.070100577369743, 155.50683592362225, -28.0, 8.0], [23.611027488144813, 158.14027473682555, -28.0, 8.0], [23.407575605622775, 160.87440542113848, -28.0, 8.0], [23.395839628127902, 163.68405500878362, -28.0, 8.0], [23.511914253984468, 166.54405053198354, -28.0, 8.0], [23.691894181516762, 169.42921902296092, -28.0, 8.0], [23.871874109049052, 172.31438751393824, -28.0, 8.0], [23.98794873490562, 175.17438303713817, -28.0, 8.0], [23.976212757410742, 177.9840326247833, -28.0, 8.0]], "num_spline_nodes": 10, "road_bbox_size": [0.0, 0.0, 250.0, 250.0], "distance_to_boundary": -0.06294787690278003}, "seed": {"control_nodes": [[125.0, 0.0, -28.0, 8.0], [125.0, 25.0, -28.0, 8.0], [125.0, 50.0, -28.0, 8.0], [117.69070738193159, 73.90761889907589, -28.0, 8.0], [104.0747315065559, 94.87438309771149, -28.0, 8.0], [85.79088896607664, 111.92434209927396, -28.0, 8.0], [62.45137830364659, 120.88354083790647, -28.0, 8.0], [41.25017589973594, 134.1315224437366, -28.0, 8.0], [24.848700174973263, 152.9992619493059, -28.0, 8.0], [23.97621275741074, 177.98403262478328, -28.0, 8.0], [23.103725339848214, 202.96880330026067, -28.0, 8.0]],