{"name": "Road507", "members_distance": null, "m1": {"control_nodes": [[125.0, 0.0, -28.0, 8.0], [125.0, 25.0, -28.0, 8.0], [125.0, 50.0, -28.0, 8.0], [114.65023750651133, 70.2751631047092, -28.0, 8.0], [95.36639496603206, 86.32512210627166, -28.0, 8.0], [72.02688430360202, 99.28432084490417, -28.0, 8.0], [51.270182585062756, 99.7636483689058, -28.0, 8.0], [26.79138147783796, 116.10305927768195, -28.0, 8.0], [12.096750170526134, 136.32848413705563, -28.0, 8.0], [13.405149076599733, 161.29422250591998, -28.0, 8.0], [14.713547982673331, 186.25996087478433, -28.0, 8.0]], "sample_nodes": [[125.0, 25.0, -28.0, 8.0], [125.06090630431383, 27.798849225418955, -28.0, 8.0], [125.2131720650984, 30.62930562229966, -28.0, 8.0], [125.41111755411833, 33.47556560491126, -28.0, 8.0], [125.60906304313829, 36.321825587522866, -28.0, 8.0], [125.76132880392285, 39.15228198440358, -28.0, 8.0], [125.82223510823667, 41.95113120982252, -28.0, 8.0], [125.7461022278444, 44.70256967804884, -28.0, 8.0], [125.48725043451063, 47.39079380335163, -28.0, 8.0], [125.0, 50.0, -28.0, 8.0], [124.33662636627183, 52.432988861366624, -28.0, 8.0], [123.52967579065742, 54.83407475360076, -28.0, 8.0], [122.58854553646586, 57.197623989097394, -28.0, 8.0], [121.5226328670064, 59.51800288025153, -28.0, 8.0], [120.3413350455882, 61.78957773945815, -28.0, 8.0], [119.05404933552042, 64.00671487911224, -28.0, 8.0], [117.6701730001122, 66.16378061160877, -28.0, 8.0], [116.19910330267281, 68.25514124934277, -28.0, 8.0], [114.65023750651133, 70.2751631047092, -28.0, 8.0], [112.90415619535463, 72.31273072476739, -28.0, 8.0], [111.00772960890114, 74.26820545871558, -28.0, 8.0], [108.98290202299151, 76.1495300960895, -28.0, 8.0], [106.85161771346645, 77.96464742642482, -28.0, 8.0], [104.63582095616657, 79.7215002392572, -28.0, 8.0], [102.35745602693251, 81.42803132412239, -28.0, 8.0], [100.038467201605, 83.09218347055608, -28.0, 8.0], [97.70079875602462, 84.72189946809391, -28.0, 8.0], [95.36639496603203, 86.32512210627165, -28.0, 8.0], [92.92795608345045, 87.99776357495941, -28.0, 8.0], [90.41919872906979, 89.70385013286955, -28.0, 8.0], [87.85366938224209, 91.40411275986439, -28.0, 8.0], [85.24491452231942, 93.05928243580632, -28.0, 8.0], [82.60648062865376, 94.63009014055766, -28.0, 8.0], [79.95191418059714, 96.07726685398072, -28.0, 8.0], [77.29476165750165, 97.36154355593797, -28.0, 8.0], [74.64856953871926, 98.44365122629165, -28.0, 8.0], [72.02688430360203, 99.28432084490419, -28.0, 8.0], [69.72675014573524, 99.72169232243702, -28.0, 8.0], [67.4217861628566, 99.84838766190796, -28.0, 8.0], [65.11340163356957, 99.75639882994128, -28.0, 8.0], [62.80300583647755, 99.53771779316112, -28.0, 8.0], [60.49200805018398, 99.28433651819171, -28.0, 8.0], [58.18181755329228, 99.08824697165726, -28.0, 8.0], [55.873843624405886, 99.04144112018196, -28.0, 8.0], [53.56949554212824, 99.23591093039012, -28.0, 8.0], [51.27018258506275, 99.76364836890579, -28.0, 8.0], [48.49040339349461, 100.794722894507, -28.0, 8.0], [45.642749946635696, 102.13047192877266, -28.0, 8.0], [42.762730396954524, 103.72436520820811, -28.0, 8.0], [39.88585289691967, 105.5298724693186, -28.0, 8.0], [37.0476255989996, 107.50046344860942, -28.0, 8.0], [34.28355665566289, 109.58960788258591, -28.0, 8.0], [31.62915421937801, 111.75077550775329, -28.0, 8.0], [29.119926442613526, 113.93743606061688, -28.0, 8.0], [26.79138147783796, 116.10305927768194, -28.0, 8.0], [24.73961742773209, 118.10679146896435, -28.0, 8.0], [22.71140015556478, 120.17347464996189, -28.0, 8.0], [20.74153396059618, 122.3022231005327, -28.0, 8.0], [18.864823142086443, 124.49215110053503, -28.0, 8.0], [17.116071999295727, 126.74237292982701, -28.0, 8.0], [15.530084831484189, 129.05200286826692, -28.0, 8.0], [14.14166593791197, 131.42015519571282, -28.0, 8.0], [12.985619617839237, 133.84594419202298, -28.0, 8.0], [12.096750170526132, 136.32848413705563, -28.0, 8.0], [11.539662851683376, 138.89437546157458, -28.0, 8.0], [11.311855989906155, 141.55780410110359, -28.0, 8.0], [11.347473493781376, 144.2992625926407, -28.0, 8.0], [11.580659271895918, 147.0992434731839, -28.0, 8.0], [11.945557232836682, 149.9382392797311, -28.0, 8.0], [12.376311285190557, 152.79674254928037, -28.0, 8.0], [12.807065337544428, 155.6552458188296, -28.0, 8.0], [13.171963298485187, 158.49424162537682, -28.0, 8.0], [13.405149076599734, 161.29422250592, -28.0, 8.0]], "num_spline_nodes": 10, "road_bbox_size": [0.0, 0.0, 250.0, 250.0], "distance_to_boundary": -0.022538806325514305}, "seed": {"control_nodes": [[125.0, 0.0, -28.0, 8.0], [125.0, 25.0, -28.0, 8.0], [125.0, 50.0, -28.0, 8.0], [113.65023750651133, 72.2751631047092, -28.0, 8.0], [95.36639496603206, 89.32512210627166, -28.0, 8.0], [72.02688430360202, 98.28432084490417, -28.0, 8.0], [47.270182585062756, 101.7636483689058, -28.0, 8.0], [26.79138147783796, 116.10305927768195, -28.0, 8.0], [12.096750170526134, 136.32848413705563, -28.0, 8.0], [13.405149076599733, 161.29422250591998, -28.0, 8.0], [14.713547982673331, 186.25996087478433, -28.0, 8.0]],