{"name": "Road184", "members_distance": null, "m1": {"control_nodes": [[125.0, 0.0, -28.0, 8.0], [125.0, 25.0, -28.0, 8.0], [125.0, 50.0, -28.0, 8.0], [118.9519526100083, 74.25739315689991, -28.0, 8.0], [113.75416033956432, 98.71108317524505, -28.0, 8.0], [121.49807218316745, 123.65018443174066, -28.0, 8.0], [137.2310819594134, 148.07883346816493, -28.0, 8.0], [152.197846158049, 156.6948093435406, -28.0, 8.0], [173.84848125265998, 169.1948093435406, -28.0, 8.0], [192.71622075822927, 185.5962850683033, -28.0, 8.0], [211.58396026379856, 201.997760793066, -28.0, 8.0]], "sample_nodes": [[125.0, 25.0, -28.0, 8.0], [125.03318544521258, 27.78185243809657, -28.0, 8.0], [125.11614905824402, 30.569816866671328, -28.0, 8.0], [125.22400175518489, 33.360837290485186, -28.0, 8.0], [125.33185445212575, 36.15185771429905, -28.0, 8.0], [125.41481806515719, 38.93982214287381, -28.0, 8.0], [125.44800351036974, 41.72167458097037, -28.0, 8.0], [125.40652170385404, 44.49435903334967, -28.0, 8.0], [125.2654835617006, 47.254819504772584, -28.0, 8.0], [125.0, 50.0, -28.0, 8.0], [124.58881297313062, 52.726786114186986, -28.0, 8.0], [124.04618254219105, 55.436676640150154, -28.0, 8.0], [123.40049678335224, 58.13353537914274, -28.0, 8.0], [122.68014377278514, 60.821226132418076, -28.0, 8.0], [121.9135115866607, 63.50361270122937, -28.0, 8.0], [121.12898830114983, 66.18455888682993, -28.0, 8.0], [120.35496199242355, 68.86792849047303, -28.0, 8.0], [119.61982073665273, 71.55758531341193, -28.0, 8.0], [118.9519526100083, 74.25739315689991, -28.0, 8.0], [118.26776654542968, 76.96613652881638, -28.0, 8.0], [117.49707893321555, 79.67934388184774, -28.0, 8.0], [116.68838903557591, 82.39599493445783, -28.0, 8.0], [115.89019611472082, 85.11506940511043, -28.0, 8.0], [115.15099943286032, 87.83554701226942, -28.0, 8.0], [114.51929825220434, 90.55640747439853, -28.0, 8.0], [114.04359183496304, 93.27663050996165, -28.0, 8.0], [113.77237944334635, 95.99519583742253, -28.0, 8.0], [113.75416033956432, 98.71108317524505, -28.0, 8.0], [113.99694033643544, 101.49397084649411, -28.0, 8.0], [114.45384783179897, 104.29001238450418, -28.0, 8.0], [115.09929118191727, 107.09229794417837, -28.0, 8.0], [115.90767874305266, 109.89391768041975, -28.0, 8.0], [116.85341887146745, 112.6879617481313, -28.0, 8.0], [117.910919923424, 115.46752030221612, -28.0, 8.0], [119.05459025518462, 118.22568349757728, -28.0, 8.0], [120.25883822301168, 120.95554148911776, -28.0, 8.0], [121.49807218316745, 123.65018443174066, -28.0, 8.0], [122.88246903780708, 126.53124669580052, -28.0, 8.0], [124.39245354786111, 129.49581534329346, -28.0, 8.0], [126.0131719334434, 132.49023393203254, -28.0, 8.0], [127.729770414668, 135.46084601983077, -28.0, 8.0], [129.5273952116488, 138.35399516450116, -28.0, 8.0], [131.3911925444998, 141.11602492385674, -28.0, 8.0], [133.3063086333349, 143.6932788557106, -28.0, 8.0], [135.25788969826814, 146.03210051787562, -28.0, 8.0], [137.23108195941342, 148.07883346816493, -28.0, 8.0], [138.77052645759957, 149.41780393877664, -28.0, 8.0], [140.33818370371833, 150.56049225035034, -28.0, 8.0], [141.93519780240518, 151.5501293477103, -28.0, 8.0], [143.56271285829575, 152.42994617568087, -28.0, 8.0], [145.22187297602565, 153.24317367908617, -28.0, 8.0], [146.91382226023035, 154.03304280275054, -28.0, 8.0], [148.63970481554537, 154.84278449149826, -28.0, 8.0], [150.40066474660645, 155.71562969015352, -28.0, 8.0], [152.197846158049, 156.6948093435406, -28.0, 8.0], [154.44408295350658, 157.9600042654758, -28.0, 8.0], [156.79509563931316, 159.2410351633197, -28.0, 8.0], [159.22305769026553, 160.544368115285, -28.0, 8.0], [161.70014258116052, 161.87646919958462, -28.0, 8.0], [164.19852378679474, 163.24380449443106, -28.0, 8.0], [166.6903747819651, 164.65284007803714, -28.0, 8.0], [169.14786904146823, 166.1100420286156, -28.0, 8.0], [171.54318004010096, 167.62187642437922, -28.0, 8.0], [173.84848125266, 169.1948093435406, -28.0, 8.0], [176.06705403565098, 170.84593734150133, -28.0, 8.0], [178.22836559253003, 172.57734261774937, -28.0, 8.0], [180.34386816851946, 174.3729697166272, -28.0, 8.0], [182.4250140088418, 176.2167631824775, -28.0, 8.0], [184.48325535871925, 178.0926675596426, -28.0, 8.0], [186.53004446337437, 179.98462739246526, -28.0, 8.0], [188.57683356802949, 181.8765872252879, -28.0, 8.0], [190.635074917907, 183.75249160245306, -28.0, 8.0], [192.71622075822924, 185.5962850683033, -28.0, 8.0]], "num_spline_nodes": 10, "road_bbox_size": [0.0, 0.0, 250.0, 250.0], "distance_to_boundary": -0.0874214761495371}, "seed": {"control_nodes": [[125.0, 0.0, -28.0, 8.0], [125.0, 25.0, -28.0, 8.0], [125.0, 50.0, -28.0, 8.0], [118.9519526100083, 74.25739315689991, -28.0, 8.0], [113.75416033956432, 98.71108317524505, -28.0, 8.0], [115.49807218316745, 123.65018443174066, -28.0, 8.0], [131.2310819594134, 143.07883346816493, -28.0, 8.0], [152.197846158049, 156.6948093435406, -28.0, 8.0], [173.84848125265998, 169.1948093435406, -28.0, 8.0], [192.71622075822927, 185.5962850683033, -28.0, 8.0], [211.58396026379856, 201.997760793066, -28.0, 8.0]],