{"name": "Road681", "members_distance": null, "m1": {"control_nodes": [[125.0, 0.0, -28.0, 8.0], [125.0, 25.0, -28.0, 8.0], [125.0, 50.0, -28.0, 8.0], [113.69070738193159, 77.90761889907589, -28.0, 8.0], [112.51181381324014, 98.81248635136953, -28.0, 8.0], [112.46508022811146, 123.62614014240258, -28.0, 8.0], [91.77044892079964, 147.85156500177627, -28.0, 8.0], [74.4309382583696, 152.81076374040876, -28.0, 8.0], [49.4461675828922, 151.93827632284624, -28.0, 8.0], [28.967366475667408, 166.2776872316224, -28.0, 8.0], [8.488565368442611, 180.61709814039855, -28.0, 8.0]], "sample_nodes": [[125.0, 25.0, -28.0, 8.0], [125.05391357226759, 27.77553530442695, -28.0, 8.0], [125.18869750293659, 30.54770689882765, -28.0, 8.0], [125.36391661280626, 33.31819663821523, -28.0, 8.0], [125.53913572267595, 36.08868637760282, -28.0, 8.0], [125.67391965334494, 38.860857972003515, -28.0, 8.0], [125.72783322561253, 41.63639327643047, -28.0, 8.0], [125.66044126027803, 44.41697414589677, -28.0, 8.0], [125.43130857814077, 47.20428243541559, -28.0, 8.0], [124.99999999999999, 50.0, -28.0, 8.0], [124.20370009971205, 53.096220607835974, -28.0, 8.0], [123.07506024457452, 56.22804335063041, -28.0, 8.0], [121.70719525433866, 59.380705806598115, -28.0, 8.0], [120.1932199487558, 62.53944555395404, -28.0, 8.0], [118.62624914757725, 65.68950017091294, -28.0, 8.0], [117.09939767055423, 68.81610723568971, -28.0, 8.0], [115.70578033743811, 71.90450432649926, -28.0, 8.0], [114.53851196798013, 74.93992902155637, -28.0, 8.0], [113.69070738193159, 77.90761889907589, -28.0, 8.0], [113.22435367988886, 80.31492528362696, -28.0, 8.0], [112.90345202887244, 82.66306445452719, -28.0, 8.0], [112.70159785641492, 84.96833557466663, -28.0, 8.0], [112.59238659004913, 87.24703780693531, -28.0, 8.0], [112.54941365730775, 89.51547031422334, -28.0, 8.0], [112.54627448572344, 91.78993225942068, -28.0, 8.0], [112.55656450282893, 94.0867228054175, -28.0, 8.0], [112.55387913615694, 96.42214111510376, -28.0, 8.0], [112.51181381324014, 98.81248635136953, -28.0, 8.0], [112.54374814051229, 101.49314324333326, -28.0, 8.0], [112.7427773066817, 104.24440770966723, -28.0, 8.0], [113.03331135066645, 107.04420676330042, -28.0, 8.0], [113.33976031138468, 109.87046741716173, -28.0, 8.0], [113.58653422775447, 112.70111668418008, -28.0, 8.0], [113.69804313869395, 115.5140815772844, -28.0, 8.0], [113.5986970831212, 118.28728910940364, -28.0, 8.0], [113.21290609995432, 120.99866629346671, -28.0, 8.0], [112.46508022811145, 123.62614014240256, -28.0, 8.0], [111.1430448059199, 126.6097923729517, -28.0, 8.0], [109.39186980538787, 129.67400784573877, -28.0, 8.0], [107.29075418261854, 132.7529803472383, -28.0, 8.0], [104.91889689371519, 135.78090366392502, -28.0, 8.0], [102.35549689478096, 138.6919715822734, -28.0, 8.0], [99.6797531419191, 141.42037788875814, -28.0, 8.0], [96.97086459123277, 143.90031636985378, -28.0, 8.0], [94.30803019882522, 146.06598081203495, -28.0, 8.0], [91.77044892079964, 147.85156500177627, -28.0, 8.0], [89.93010476596915, 148.93137960027693, -28.0, 8.0], [88.08783376151293, 149.819883191608, -28.0, 8.0], [86.23521868502107, 150.54240986636742, -28.0, 8.0], [84.36384231408374, 151.12429371515327, -28.0, 8.0], [82.46528742629107, 151.59086882856354, -28.0, 8.0], [80.53113679923317, 151.9674692971962, -28.0, 8.0], [78.55297321050021, 152.2794292116493, -28.0, 8.0], [76.52237943768233, 152.55208266252083, -28.0, 8.0], [74.4309382583696, 152.81076374040873, -28.0, 8.0], [71.84705765511754, 152.94895099428197, -28.0, 8.0], [69.12440534810419, 152.81259485773685, -28.0, 8.0], [66.30186152886759, 152.49416425163807, -28.0, 8.0], [63.418306388945865, 152.0861280968505, -28.0, 8.0], [60.51262011987705, 151.68095531423882, -28.0, 8.0], [57.623682913199204, 151.37111482466779, -28.0, 8.0], [54.79037496045039, 151.2490755490022, -28.0, 8.0], [52.051576453168714, 151.40730640810676, -28.0, 8.0], [49.4461675828922, 151.93827632284624, -28.0, 8.0], [46.972952334786186, 152.86380655215768, -28.0, 8.0], [44.59245250989524, 154.1023388046448, -28.0, 8.0], [42.286125023576346, 155.59127267567246, -28.0, 8.0], [40.035426791186495, 157.2680077606056, -28.0, 8.0], [37.82181472808268, 159.06994365480892, -28.0, 8.0], [35.62674574962186, 160.93447995364744, -28.0, 8.0], [33.43167677116107, 162.79901625248596, -28.0, 8.0], [31.218064708057256, 164.60095214668934, -28.0, 8.0], [28.967366475667408, 166.2776872316224, -28.0, 8.0]], "num_spline_nodes": 10, "road_bbox_size": [0.0, 0.0, 250.0, 250.0], "distance_to_boundary": -0.24588866909306262}, "seed": {"control_nodes": [[125.0, 0.0, -28.0, 8.0], [125.0, 25.0, -28.0, 8.0], [125.0, 50.0, -28.0, 8.0], [117.69070738193159, 73.90761889907589, -28.0, 8.0], [115.51181381324014, 98.81248635136953, -28.0, 8.0], [112.46508022811146, 123.62614014240258, -28.0, 8.0], [97.77044892079964, 143.85156500177627, -28.0, 8.0], [74.4309382583696, 152.81076374040876, -28.0, 8.0], [49.4461675828922, 151.93827632284624, -28.0, 8.0], [28.967366475667408, 166.2776872316224, -28.0, 8.0], [8.488565368442611, 180.61709814039855, -28.0, 8.0]],