{"name": "Road378", "members_distance": null, "m1": {"control_nodes": [[125.0, 0.0, -28.0, 8.0], [125.0, 25.0, -28.0, 8.0], [125.0, 50.0, -28.0, 8.0], [121.95326641487132, 74.81365379103305, -28.0, 8.0], [116.75547414442734, 103.26734380937819, -28.0, 8.0], [98.07780461476365, 116.94501333904188, -28.0, 8.0], [77.42716952015269, 126.44501333904188, -28.0, 8.0], [57.72690067998464, 144.83655022218335, -28.0, 8.0], [35.06920600406839, 155.40200676570083, -28.0, 8.0], [23.719443510579723, 177.67716987041004, -28.0, 8.0], [12.369681017091054, 199.95233297511925, -28.0, 8.0]], "sample_nodes": [[125.0, 25.0, -28.0, 8.0], [125.01671733105695, 27.778800253547146, -28.0, 8.0], [125.05851065869933, 30.559134220748334, -28.0, 8.0], [125.1128419846344, 33.34023504477655, -28.0, 8.0], [125.16717331056948, 36.12133586880478, -28.0, 8.0], [125.20896663821185, 38.901669836005965, -28.0, 8.0], [125.2256839692688, 41.68047008955311, -28.0, 8.0], [125.20478730544762, 44.456969772619175, -28.0, 8.0], [125.13373864845559, 47.230402028377156, -28.0, 8.0], [125.0, 50.0, -28.0, 8.0], [124.80465315189255, 52.75658504627915, -28.0, 8.0], [124.56077699833179, 55.49633470343731, -28.0, 8.0], [124.27382919460527, 58.22651638079445, -28.0, 8.0], [123.94926739600064, 60.954397487670526, -28.0, 8.0], [123.59254925780547, 63.68724543338547, -28.0, 8.0], [123.20913243530734, 66.43232762725923, -28.0, 8.0], [122.80447458379392, 69.1969114786118, -28.0, 8.0], [122.38403335855268, 71.98826439676309, -28.0, 8.0], [121.95326641487132, 74.81365379103305, -28.0, 8.0], [121.55393210470584, 77.97120447898234, -28.0, 8.0], [121.24986663086665, 81.28074098899457, -28.0, 8.0], [120.98114783160736, 84.6775519428856, -28.0, 8.0], [120.68785354518145, 88.09692596247139, -28.0, 8.0], [120.3100616098425, 91.47415166956782, -28.0, 8.0], [119.78784986384406, 94.7445176859908, -28.0, 8.0], [119.06129614543971, 97.84331263355628, -28.0, 8.0], [118.07047829288294, 100.7058251340801, -28.0, 8.0], [116.75547414442735, 103.26734380937819, -28.0, 8.0], [115.27360335420903, 105.2978797761792, -28.0, 8.0], [113.53703161173698, 107.13336961473959, -28.0, 8.0], [111.59133512967112, 108.80267649702498, -28.0, 8.0], [109.48209012067144, 110.33466359500116, -28.0, 8.0], [107.25487279739788, 111.75819408063373, -28.0, 8.0], [104.95525937251038, 113.1021311258884, -28.0, 8.0], [102.62882605866886, 114.39533790273083, -28.0, 8.0], [100.3211490685333, 115.6666775831268, -28.0, 8.0], [98.07780461476366, 116.94501333904188, -28.0, 8.0], [95.8634823196255, 118.13885084547452, -28.0, 8.0], [93.58510974220818, 119.1914303052553, -28.0, 8.0], [91.26154492684118, 120.14847495792677, -28.0, 8.0], [88.91164591785412, 121.0557080430315, -28.0, 8.0], [86.55427075957657, 121.95885280011194, -28.0, 8.0], [84.20827749633808, 122.90363246871068, -28.0, 8.0], [81.89252417246823, 123.93577028837024, -28.0, 8.0], [79.62586883229656, 125.10098949863314, -28.0, 8.0], [77.42716952015269, 126.44501333904188, -28.0, 8.0], [75.13215175022734, 128.1617355078062, -28.0, 8.0], [72.92896192973345, 130.11331401003326, -28.0, 8.0], [70.78961297426181, 132.23410848095637, -28.0, 8.0], [68.68611779940325, 134.45847855580894, -28.0, 8.0], [66.59048932074855, 136.72078386982443, -28.0, 8.0], [64.47474045388856, 138.9553840582362, -28.0, 8.0], [62.31088411441401, 141.09663875627768, -28.0, 8.0], [60.07093321791576, 143.07890759918226, -28.0, 8.0], [57.72690067998463, 144.83655022218335, -28.0, 8.0], [55.30600002729581, 146.25410955080574, -28.0, 8.0], [52.71765470279382, 147.43097839539473, -28.0, 8.0], [50.023274461044814, 148.44420770846358, -28.0, 8.0], [47.284269056614946, 149.3708484425256, -28.0, 8.0], [44.56204824407039, 150.28795155009416, -28.0, 8.0], [41.9180217779773, 151.27256798368268, -28.0, 8.0], [39.41359941290182, 152.40174869580437, -28.0, 8.0], [37.11019090341014, 153.75254463897267, -28.0, 8.0], [35.06920600406839, 155.40200676570083, -28.0, 8.0], [33.3117511456181, 157.3630185647726, -28.0, 8.0], [31.78696978886385, 159.5649708280664, -28.0, 8.0], [30.448327233466422, 161.95967546273783, -28.0, 8.0], [29.249288779086626, 164.49894437594253, -28.0, 8.0], [28.143319725385243, 167.13458947483605, -28.0, 8.0], [27.08388537202307, 169.81842266657395, -28.0, 8.0], [26.024451018660898, 172.50225585831188, -28.0, 8.0], [24.918481964959522, 175.13790095720535, -28.0, 8.0], [23.719443510579723, 177.67716987041004, -28.0, 8.0]], "num_spline_nodes": 10, "road_bbox_size": [0.0, 0.0, 250.0, 250.0], "distance_to_boundary": -0.0771081517449157}, "seed": {"control_nodes": [[125.0, 0.0, -28.0, 8.0], [125.0, 25.0, -28.0, 8.0], [125.0, 50.0, -28.0, 8.0], [121.95326641487132, 74.81365379103305, -28.0, 8.0], [116.75547414442734, 99.26734380937819, -28.0, 8.0], [99.07780461476365, 116.94501333904188, -28.0, 8.0], [77.42716952015269, 129.44501333904188, -28.0, 8.0], [57.72690067998464, 144.83655022218335, -28.0, 8.0], [35.06920600406839, 155.40200676570083, -28.0, 8.0], [23.719443510579723, 177.67716987041004, -28.0, 8.0], [12.369681017091054, 199.95233297511925, -28.0, 8.0]],