{"name": "Road424", "members_distance": null, "m1": {"control_nodes": [[125.0, 0.0, -28.0, 8.0], [125.0, 25.0, -28.0, 8.0], [125.0, 50.0, -28.0, 8.0], [116.86079613857109, 73.63796438998293, -28.0, 8.0], [91.43214710214681, 89.37097416622886, -28.0, 8.0], [72.89146751595521, 94.14119905064248, -28.0, 8.0], [49.13476579741595, 96.62052657464412, -28.0, 8.0], [29.85092325693669, 114.67048557620657, -28.0, 8.0], [20.485758421538886, 137.85008194037627, -28.0, 8.0], [22.229670265142015, 162.78918319687187, -28.0, 8.0], [23.973582108745145, 187.72828445336748, -28.0, 8.0]], "sample_nodes": [[125.0, 25.0, -28.0, 8.0], [125.04465955479522, 27.785251224197626, -28.0, 8.0], [125.15630844178328, 30.581712618025016, -28.0, 8.0], [125.30145199486775, 33.3837790966673, -28.0, 8.0], [125.4465955479522, 36.185845575309585, -28.0, 8.0], [125.55824443494026, 38.98230696913698, -28.0, 8.0], [125.60290398973547, 41.767558193334594, -28.0, 8.0], [125.54707954624146, 44.535994163087565, -28.0, 8.0], [125.35727643836178, 47.282009793581004, -28.0, 8.0], [125.0, 50.0, -28.0, 8.0], [124.53212905813311, 52.73472408888326, -28.0, 8.0], [124.01559769234598, 55.514166798315024, -28.0, 8.0], [123.42449411545408, 58.307561190798694, -28.0, 8.0], [122.73290654027295, 61.08414032883772, -28.0, 8.0], [121.91492317961809, 63.81313727493551, -28.0, 8.0], [120.94463224630492, 66.46378509159548, -28.0, 8.0], [119.79612195314908, 69.00531684132112, -28.0, 8.0], [118.44348051296596, 71.40696558661577, -28.0, 8.0], [116.86079613857109, 73.63796438998293, -28.0, 8.0], [114.77955587990566, 75.9096886257657, -28.0, 8.0], [112.32239928685861, 78.05324285533311, -28.0, 8.0], [109.57070137525503, 80.06745579151794, -28.0, 8.0], [106.60583716091989, 81.95115614715301, -28.0, 8.0], [103.50918165967823, 83.70317263507107, -28.0, 8.0], [100.36210988735506, 85.32233396810487, -28.0, 8.0], [97.24599685977546, 86.80746885908728, -28.0, 8.0], [94.24221759276435, 88.15740602085101, -28.0, 8.0], [91.43214710214681, 89.37097416622886, -28.0, 8.0], [89.31573811684225, 90.2193179021846, -28.0, 8.0], [87.2535753132863, 90.94447956439015, -28.0, 8.0], [85.2284460574147, 91.56514588993855, -28.0, 8.0], [83.22313771516312, 92.10000361592293, -28.0, 8.0], [81.22043765246733, 92.56773947943641, -28.0, 8.0], [79.20313323526291, 92.987040217572, -28.0, 8.0], [77.15401182948561, 93.37659256742282, -28.0, 8.0], [75.05586080107116, 93.75508326608197, -28.0, 8.0], [72.89146751595521, 94.14119905064248, -28.0, 8.0], [70.36399252465242, 94.47009525027939, -28.0, 8.0], [67.72687899666604, 94.61930445319578, -28.0, 8.0], [65.01509789061268, 94.66011229759653, -28.0, 8.0], [62.26362016510895, 94.66380442168646, -28.0, 8.0], [59.50741677877146, 94.70166646367048, -28.0, 8.0], [56.78145869021681, 94.8449840617534, -28.0, 8.0], [54.12071685806159, 95.16504285414008, -28.0, 8.0], [51.56016224092243, 95.73312847903537, -28.0, 8.0], [49.13476579741595, 96.62052657464412, -28.0, 8.0], [46.68197887204444, 97.89903584178381, -28.0, 8.0], [44.26880900228841, 99.4550944843023, -28.0, 8.0], [41.91150649512056, 101.24765009843371, -28.0, 8.0], [39.62632165751363, 103.23565028041227, -28.0, 8.0], [37.42950479644027, 105.37804262647202, -28.0, 8.0], [35.3373062188732, 107.63377473284723, -28.0, 8.0], [33.365976231785126, 109.96179419577193, -28.0, 8.0], [31.53176514214872, 112.32104861148034, -28.0, 8.0], [29.85092325693669, 114.67048557620657, -28.0, 8.0], [28.342635714608605, 116.9930736228803, -28.0, 8.0], [26.933583497950995, 119.41521216934926, -28.0, 8.0], [25.63134936079028, 121.92133557217862, -28.0, 8.0], [24.443516056952845, 124.49587818793367, -28.0, 8.0], [23.37766634026509, 127.12327437317956, -28.0, 8.0], [22.44138296455342, 129.78795848448158, -28.0, 8.0], [21.64224868364423, 132.47436487840488, -28.0, 8.0], [20.98784625136392, 135.1669279115147, -28.0, 8.0], [20.48575842153889, 137.8500819403763, -28.0, 8.0], [20.191885178197083, 140.54385840844446, -28.0, 8.0], [20.126593759526074, 143.2738386808815, -28.0, 8.0], [20.24416780059171, 146.03278199681358, -28.0, 8.0], [20.49889093645983, 148.81344759536705, -28.0, 8.0], [20.845046802196265, 151.608594715668, -28.0, 8.0], [21.236919032866865, 154.41098259684273, -28.0, 8.0], [21.628791263537455, 157.21337047801748, -28.0, 8.0], [21.9749471292739, 160.00851759831846, -28.0, 8.0], [22.229670265142012, 162.78918319687187, -28.0, 8.0]], "num_spline_nodes": 10, "road_bbox_size": [0.0, 0.0, 250.0, 250.0], "distance_to_boundary": -0.8763918470683021}, "seed": {"control_nodes": [[125.0, 0.0, -28.0, 8.0], [125.0, 25.0, -28.0, 8.0], [125.0, 50.0, -28.0, 8.0], [116.86079613857109, 73.63796438998293, -28.0, 8.0], [97.43214710214681, 89.37097416622886, -28.0, 8.0], [72.89146751595521, 94.14119905064248, -28.0, 8.0], [48.13476579741595, 97.62052657464412, -28.0, 8.0], [29.85092325693669, 114.67048557620657, -28.0, 8.0], [20.485758421538886, 137.85008194037627, -28.0, 8.0], [22.229670265142015, 162.78918319687187, -28.0, 8.0], [23.973582108745145, 187.72828445336748, -28.0, 8.0]],