{"name": "Road247", "members_distance": null, "m1": {"control_nodes": [[125.0, 0.0, -28.0, 8.0], [125.0, 25.0, -28.0, 8.0], [125.0, 50.0, -28.0, 8.0], [123.9519526100083, 75.25739315689991, -28.0, 8.0], [113.75416033956432, 98.71108317524505, -28.0, 8.0], [121.49807218316745, 126.65018443174066, -28.0, 8.0], [143.2310819594134, 143.07883346816493, -28.0, 8.0], [152.197846158049, 156.6948093435406, -28.0, 8.0], [173.84848125265998, 169.1948093435406, -28.0, 8.0], [192.71622075822927, 185.5962850683033, -28.0, 8.0], [211.58396026379856, 201.997760793066, -28.0, 8.0]], "sample_nodes": [[125.0, 25.0, -28.0, 8.0], [125.00570289204379, 27.777134508891272, -28.0, 8.0], [125.01996012215328, 30.55330411445278, -28.0, 8.0], [125.03849452129558, 33.32899126834941, -28.0, 8.0], [125.05702892043789, 36.10467842224606, -28.0, 8.0], [125.07128615054737, 38.88084802780757, -28.0, 8.0], [125.07698904259112, 41.65798253669884, -28.0, 8.0], [125.06986042753643, 44.43656440058474, -28.0, 8.0], [125.04562313635029, 47.21707607113018, -28.0, 8.0], [125.0, 50.0, -28.0, 8.0], [124.9794177753523, 52.81178539557945, -28.0, 8.0], [125.01181337182818, 55.64192796258575, -28.0, 8.0], [125.06421049265839, 58.48198087274882, -28.0, 8.0], [125.10363284107385, 61.32349729779874, -28.0, 8.0], [125.09710412030532, 64.15803040946543, -28.0, 8.0], [125.0116480335837, 66.9771333794789, -28.0, 8.0], [124.81428828413974, 69.77235937956914, -28.0, 8.0], [124.47204857520435, 72.53526158146616, -28.0, 8.0], [123.9519526100083, 75.2573931568999, -28.0, 8.0], [123.12854034113573, 77.93443445644802, -28.0, 8.0], [121.97715398205523, 80.54899565670634, -28.0, 8.0], [120.60517431130123, 83.12023868501825, -28.0, 8.0], [119.11998210740819, 85.66732546872717, -28.0, 8.0], [117.62895814891064, 88.20941793517643, -28.0, 8.0], [116.239483214343, 90.76567801170945, -28.0, 8.0], [115.05893808223976, 93.35526762566967, -28.0, 8.0], [114.19470353113537, 95.9973487044004, -28.0, 8.0], [113.75416033956432, 98.71108317524505, -28.0, 8.0], [113.6906852171434, 101.74233397950474, -28.0, 8.0], [113.89929341159188, 104.92842834951503, -28.0, 8.0], [114.36236811979181, 108.21083623350367, -28.0, 8.0], [115.06229253862523, 111.53102757969859, -28.0, 8.0], [115.98144986497422, 114.83047233632759, -28.0, 8.0], [117.10222329572089, 118.05064045161842, -28.0, 8.0], [118.40699602774725, 121.13300187379903, -28.0, 8.0], [119.87815125793541, 124.01902655109714, -28.0, 8.0], [121.49807218316747, 126.65018443174066, -28.0, 8.0], [123.36084131660344, 128.92876093398152, -28.0, 8.0], [125.60590695267447, 130.98062878050067, -28.0, 8.0], [128.12857163281447, 132.854394782277, -28.0, 8.0], [130.82413789845762, 134.5986657502897, -28.0, 8.0], [133.587908291038, 136.26204849551777, -28.0, 8.0], [136.3151853519897, 137.89314982894027, -28.0, 8.0], [138.90127162274678, 139.54057656153626, -28.0, 8.0], [141.2414696447433, 141.2529355042848, -28.0, 8.0], [143.23108195941342, 143.07883346816493, -28.0, 8.0], [144.4860467609338, 144.57424946901511, -28.0, 8.0], [145.5375557093294, 146.1118465776248, -28.0, 8.0], [146.44509084861744, 147.6754189843319, -28.0, 8.0], [147.26813422281506, 149.2487608794743, -28.0, 8.0], [148.06616787593947, 150.81566645338978, -28.0, 8.0], [148.89867385200793, 152.35992989641636, -28.0, 8.0], [149.82513419503752, 153.86534539889172, -28.0, 8.0], [150.9050309490455, 155.31570715115387, -28.0, 8.0], [152.197846158049, 156.6948093435406, -28.0, 8.0], [154.1064837951912, 158.2740977597425, -28.0, 8.0], [156.27814692814275, 159.72199082641558, -28.0, 8.0], [158.65335911060833, 161.0744008868601, -28.0, 8.0], [161.17264389629273, 162.3672402843763, -28.0, 8.0], [163.7765248389005, 163.6364213622644, -28.0, 8.0], [166.4055254921365, 164.91785646382468, -28.0, 8.0], [169.00016940970525, 166.24745793235726, -28.0, 8.0], [171.50098014531156, 167.66113811116256, -28.0, 8.0], [173.84848125265998, 169.1948093435406, -28.0, 8.0], [176.06705403565098, 170.84593734150133, -28.0, 8.0], [178.22836559253003, 172.57734261774937, -28.0, 8.0], [180.34386816851946, 174.3729697166272, -28.0, 8.0], [182.4250140088418, 176.2167631824775, -28.0, 8.0], [184.48325535871925, 178.0926675596426, -28.0, 8.0], [186.53004446337437, 179.98462739246526, -28.0, 8.0], [188.57683356802949, 181.8765872252879, -28.0, 8.0], [190.635074917907, 183.75249160245306, -28.0, 8.0], [192.71622075822924, 185.5962850683033, -28.0, 8.0]], "num_spline_nodes": 10, "road_bbox_size": [0.0, 0.0, 250.0, 250.0], "distance_to_boundary": -0.11348768258133957}, "seed": {"control_nodes": [[125.0, 0.0, -28.0, 8.0], [125.0, 25.0, -28.0, 8.0], [125.0, 50.0, -28.0, 8.0], [118.9519526100083, 74.25739315689991, -28.0, 8.0], [113.75416033956432, 98.71108317524505, -28.0, 8.0], [115.49807218316745, 123.65018443174066, -28.0, 8.0], [131.2310819594134, 143.07883346816493, -28.0, 8.0], [152.197846158049, 156.6948093435406, -28.0, 8.0], [173.84848125265998, 169.1948093435406, -28.0, 8.0], [192.71622075822927, 185.5962850683033, -28.0, 8.0], [211.58396026379856, 201.997760793066, -28.0, 8.0]],