{"name": "Road181", "members_distance": null, "m1": {"control_nodes": [[125.0, 0.0, -28.0, 8.0], [125.0, 25.0, -28.0, 8.0], [125.0, 50.0, -28.0, 8.0], [121.69070738193159, 73.90761889907589, -28.0, 8.0], [104.0747315065559, 95.87438309771149, -28.0, 8.0], [85.79088896607664, 111.92434209927396, -28.0, 8.0], [71.45137830364659, 118.88354083790647, -28.0, 8.0], [41.25017589973594, 134.1315224437366, -28.0, 8.0], [24.848700174973263, 152.9992619493059, -28.0, 8.0], [23.97621275741074, 177.98403262478328, -28.0, 8.0], [23.103725339848214, 202.96880330026067, -28.0, 8.0]], "sample_nodes": [[125.0, 25.0, -28.0, 8.0], [125.018642866397, 27.781475392280342, -28.0, 8.0], [125.06525003238951, 30.56849720631451, -28.0, 8.0], [125.12583934817975, 33.35829223122561, -28.0, 8.0], [125.18642866396999, 36.14808725613672, -28.0, 8.0], [125.23303582996249, 38.935109070170896, -28.0, 8.0], [125.25167869635945, 41.71658446245122, -28.0, 8.0], [125.22837511336323, 44.48974022210081, -28.0, 8.0], [125.149142931176, 47.25180313824271, -28.0, 8.0], [125.0, 50.0, -28.0, 8.0], [124.84487027085311, 52.703795336445836, -28.0, 8.0], [124.72512232680728, 55.4224567903778, -28.0, 8.0], [124.60281724739362, 58.14453532181447, -28.0, 8.0], [124.44001611214327, 60.85858189077451, -28.0, 8.0], [124.19878000058742, 63.55314745727645, -28.0, 8.0], [123.84116999225716, 66.21678298133898, -28.0, 8.0], [123.3292471666837, 68.83803942298064, -28.0, 8.0], [122.62507260339811, 71.40546774222008, -28.0, 8.0], [121.69070738193159, 73.90761889907589, -28.0, 8.0], [120.3851628265179, 76.55089346429381, -28.0, 8.0], [118.79709261570758, 79.15186121333748, -28.0, 8.0], [116.97774494852003, 81.70695474732531, -28.0, 8.0], [114.97836802397457, 84.21260666737578, -28.0, 8.0], [112.85021004109055, 86.66524957460723, -28.0, 8.0], [110.64451919888735, 89.0613160701381, -28.0, 8.0], [108.41254369638428, 91.39723875508683, -28.0, 8.0], [106.20553173260069, 93.66945023057183, -28.0, 8.0], [104.0747315065559, 95.87438309771147, -28.0, 8.0], [102.12049822579786, 97.88767508651603, -28.0, 8.0], [100.12324815531375, 99.88215221015122, -28.0, 8.0], [98.09313440720453, 101.84123906681243, -28.0, 8.0], [96.04031009357118, 103.74836025469524, -28.0, 8.0], [93.9749283265147, 105.58694037199511, -28.0, 8.0], [91.90714221813604, 107.34040401690743, -28.0, 8.0], [89.84710488053614, 108.99217578762772, -28.0, 8.0], [87.80496942581601, 110.52568028235139, -28.0, 8.0], [85.79088896607664, 111.92434209927396, -28.0, 8.0], [84.2081015032082, 112.91880468876596, -28.0, 8.0], [82.67658724338145, 113.77873457919912, -28.0, 8.0], [81.17324786747594, 114.53808668247015, -28.0, 8.0], [79.67498505637127, 115.23081591047576, -28.0, 8.0], [78.15870049094706, 115.89087717511259, -28.0, 8.0], [76.60129585208288, 116.55222538827738, -28.0, 8.0], [74.97967282065835, 117.24881546186683, -28.0, 8.0], [73.27073307755305, 118.01460230777761, -28.0, 8.0], [71.45137830364658, 118.88354083790645, -28.0, 8.0], [68.51471834518169, 120.27224606657522, -28.0, 8.0], [65.25243253971742, 121.72630943888494, -28.0, 8.0], [61.75917883623296, 123.25045406646342, -28.0, 8.0], [58.129615183707514, 124.8494030609385, -28.0, 8.0], [54.45839953112021, 126.52787953393799, -28.0, 8.0], [50.84018982745023, 128.29060659708972, -28.0, 8.0], [47.369644021676756, 130.1423073620215, -28.0, 8.0], [44.141420062778934, 132.0877049403612, -28.0, 8.0], [41.25017589973594, 134.1315224437366, -28.0, 8.0], [38.954617806262526, 135.96060887723996, -28.0, 8.0], [36.713107624874624, 137.84892677053801, -28.0, 8.0], [34.55317895416054, 139.7997336123382, -28.0, 8.0], [32.50236539270864, 141.8162868913482, -28.0, 8.0], [30.58820053910724, 143.9018440962753, -28.0, 8.0], [28.838217991944667, 146.05966271582716, -28.0, 8.0], [27.279951349809267, 148.29300023871122, -28.0, 8.0], [25.940934211289356, 150.60511415363496, -28.0, 8.0], [24.848700174973263, 152.9992619493059, -28.0, 8.0], [24.070100577369743, 155.50683592362225, -28.0, 8.0], [23.611027488144813, 158.14027473682555, -28.0, 8.0], [23.407575605622775, 160.87440542113848, -28.0, 8.0], [23.395839628127902, 163.68405500878362, -28.0, 8.0], [23.511914253984468, 166.54405053198354, -28.0, 8.0], [23.691894181516762, 169.42921902296092, -28.0, 8.0], [23.871874109049052, 172.31438751393824, -28.0, 8.0], [23.98794873490562, 175.17438303713817, -28.0, 8.0], [23.976212757410742, 177.9840326247833, -28.0, 8.0]], "num_spline_nodes": 10, "road_bbox_size": [0.0, 0.0, 250.0, 250.0], "distance_to_boundary": -0.04749468367518439}, "seed": {"control_nodes": [[125.0, 0.0, -28.0, 8.0], [125.0, 25.0, -28.0, 8.0], [125.0, 50.0, -28.0, 8.0], [117.69070738193159, 73.90761889907589, -28.0, 8.0], [104.0747315065559, 94.87438309771149, -28.0, 8.0], [85.79088896607664, 111.92434209927396, -28.0, 8.0], [62.45137830364659, 120.88354083790647, -28.0, 8.0], [41.25017589973594, 134.1315224437366, -28.0, 8.0], [24.848700174973263, 152.9992619493059, -28.0, 8.0], [23.97621275741074, 177.98403262478328, -28.0, 8.0], [23.103725339848214, 202.96880330026067, -28.0, 8.0]],