{"name": "Road604", "members_distance": null, "m1": {"control_nodes": [[125.0, 0.0, -28.0, 8.0], [125.0, 25.0, -28.0, 8.0], [125.0, 50.0, -28.0, 8.0], [115.65023750651133, 70.2751631047092, -28.0, 8.0], [94.36639496603206, 84.32512210627166, -28.0, 8.0], [75.02688430360202, 97.28432084490417, -28.0, 8.0], [51.270182585062756, 97.7636483689058, -28.0, 8.0], [26.79138147783796, 116.10305927768195, -28.0, 8.0], [12.096750170526134, 136.32848413705563, -28.0, 8.0], [13.405149076599733, 161.29422250591998, -28.0, 8.0], [14.713547982673331, 186.25996087478433, -28.0, 8.0]], "sample_nodes": [[125.0, 25.0, -28.0, 8.0], [125.05582002350015, 27.797781722715442, -28.0, 8.0], [125.19537008225052, 30.625569362837375, -28.0, 8.0], [125.376785158626, 33.46835996166256, -28.0, 8.0], [125.55820023500146, 36.31115056048775, -28.0, 8.0], [125.69775029375185, 39.13893820060969, -28.0, 8.0], [125.75357031725196, 41.93671992332513, -28.0, 8.0], [125.68379528787679, 44.689492769930816, -28.0, 8.0], [125.44656018800119, 47.38225378172354, -28.0, 8.0], [125.0, 50.0, -28.0, 8.0], [124.41599566388456, 52.43353468996626, -28.0, 8.0], [123.72910933579952, 54.85680035941212, -28.0, 8.0], [122.93469849482176, 57.25483314683457, -28.0, 8.0], [122.02812062002809, 59.6126691907306, -28.0, 8.0], [121.00473319049539, 61.91534462959719, -28.0, 8.0], [119.85989368530056, 64.1478956019314, -28.0, 8.0], [118.58895958352034, 66.2953582462301, -28.0, 8.0], [117.18728836423165, 68.34276870099038, -28.0, 8.0], [115.65023750651133, 70.2751631047092, -28.0, 8.0], [113.79162753472258, 72.18456787562268, -28.0, 8.0], [111.68419464987012, 73.93607890124514, -28.0, 8.0], [109.38033494809582, 75.56004726364584, -28.0, 8.0], [106.93244452554147, 77.08682404489406, -28.0, 8.0], [104.39291947834886, 78.54676032705903, -28.0, 8.0], [101.81415590265982, 79.97020719221001, -28.0, 8.0], [99.2485498946161, 81.3875157224163, -28.0, 8.0], [96.7484975503596, 82.82903699974709, -28.0, 8.0], [94.36639496603206, 84.32512210627166, -28.0, 8.0], [92.19764797214465, 85.85310863627866, -28.0, 8.0], [90.08310688201605, 87.47398558945336, -28.0, 8.0], [88.00167407358961, 89.13850611739736, -28.0, 8.0], [85.93225192480867, 90.7974233717122, -28.0, 8.0], [83.85374281361646, 92.40149050399947, -28.0, 8.0], [81.7450491179564, 93.90146066586071, -28.0, 8.0], [79.58507321577173, 95.24808700889753, -28.0, 8.0], [77.35271748500585, 96.39212268471151, -28.0, 8.0], [75.026884303602, 97.28432084490416, -28.0, 8.0], [72.56214559285162, 97.81344267734113, -28.0, 8.0], [69.99334810105529, 97.96074874347202, -28.0, 8.0], [67.34634971863997, 97.83888902685743, -28.0, 8.0], [64.64700833603274, 97.56051351105788, -28.0, 8.0], [61.92118184366056, 97.23827217963395, -28.0, 8.0], [59.19472813195047, 96.98481501614621, -28.0, 8.0], [56.49350509132946, 96.91279200415522, -28.0, 8.0], [53.84337061222456, 97.13485312722158, -28.0, 8.0], [51.270182585062756, 97.76364836890579, -28.0, 8.0], [48.38743516338614, 98.94772797061906, -28.0, 8.0], [45.487711485796225, 100.48619773620902, -28.0, 8.0], [42.59573858682567, 102.31863681560185, -28.0, 8.0], [39.73624350100715, 104.38462435872364, -28.0, 8.0], [36.93395326287332, 106.62373951550052, -28.0, 8.0], [34.21359490695683, 108.97556143585871, -28.0, 8.0], [31.599895467790333, 111.3796692697242, -28.0, 8.0], [29.117581979906486, 113.77564216702326, -28.0, 8.0], [26.791381477837962, 116.10305927768196, -28.0, 8.0], [24.760871911078937, 118.17236911596417, -28.0, 8.0], [22.743946083189638, 120.27389042193039, -28.0, 8.0], [20.777400901243983, 122.41288537984494, -28.0, 8.0], [18.898033272315896, 124.59461617397226, -28.0, 8.0], [17.14264010347929, 126.82434498857683, -28.0, 8.0], [15.548018301808092, 129.10733400792301, -28.0, 8.0], [14.150964774376218, 131.44884541627528, -28.0, 8.0], [12.98827642825759, 133.85414139789796, -28.0, 8.0], [12.096750170526134, 136.32848413705563, -28.0, 8.0], [11.539662851683376, 138.89437546157458, -28.0, 8.0], [11.311855989906155, 141.55780410110359, -28.0, 8.0], [11.347473493781376, 144.2992625926407, -28.0, 8.0], [11.580659271895918, 147.0992434731839, -28.0, 8.0], [11.945557232836682, 149.9382392797311, -28.0, 8.0], [12.376311285190557, 152.79674254928037, -28.0, 8.0], [12.807065337544428, 155.6552458188296, -28.0, 8.0], [13.171963298485187, 158.49424162537682, -28.0, 8.0], [13.405149076599734, 161.29422250592, -28.0, 8.0]], "num_spline_nodes": 10, "road_bbox_size": [0.0, 0.0, 250.0, 250.0], "distance_to_boundary": -0.004104674911189488}, "seed": {"control_nodes": [[125.0, 0.0, -28.0, 8.0], [125.0, 25.0, -28.0, 8.0], [125.0, 50.0, -28.0, 8.0], [113.65023750651133, 72.2751631047092, -28.0, 8.0], [95.36639496603206, 89.32512210627166, -28.0, 8.0], [72.02688430360202, 98.28432084490417, -28.0, 8.0], [47.270182585062756, 101.7636483689058, -28.0, 8.0], [26.79138147783796, 116.10305927768195, -28.0, 8.0], [12.096750170526134, 136.32848413705563, -28.0, 8.0], [13.405149076599733, 161.29422250591998, -28.0, 8.0], [14.713547982673331, 186.25996087478433, -28.0, 8.0]],