{"name": "Road394", "members_distance": null, "m1": {"control_nodes": [[125.0, 0.0, -28.0, 8.0], [125.0, 25.0, -28.0, 8.0], [125.0, 50.0, -28.0, 8.0], [116.86079613857109, 73.63796438998293, -28.0, 8.0], [91.43214710214681, 89.37097416622886, -28.0, 8.0], [72.89146751595521, 94.14119905064248, -28.0, 8.0], [48.13476579741595, 97.62052657464412, -28.0, 8.0], [29.85092325693669, 114.67048557620657, -28.0, 8.0], [20.485758421538886, 137.85008194037627, -28.0, 8.0], [22.229670265142015, 162.78918319687187, -28.0, 8.0], [23.973582108745145, 187.72828445336748, -28.0, 8.0]], "sample_nodes": [[125.0, 25.0, -28.0, 8.0], [125.04465955479522, 27.785251224197626, -28.0, 8.0], [125.15630844178328, 30.581712618025016, -28.0, 8.0], [125.30145199486775, 33.3837790966673, -28.0, 8.0], [125.4465955479522, 36.185845575309585, -28.0, 8.0], [125.55824443494026, 38.98230696913698, -28.0, 8.0], [125.60290398973547, 41.767558193334594, -28.0, 8.0], [125.54707954624146, 44.535994163087565, -28.0, 8.0], [125.35727643836178, 47.282009793581004, -28.0, 8.0], [125.0, 50.0, -28.0, 8.0], [124.53212905813311, 52.73472408888326, -28.0, 8.0], [124.01559769234598, 55.514166798315024, -28.0, 8.0], [123.42449411545408, 58.307561190798694, -28.0, 8.0], [122.73290654027295, 61.08414032883772, -28.0, 8.0], [121.91492317961809, 63.81313727493551, -28.0, 8.0], [120.94463224630492, 66.46378509159548, -28.0, 8.0], [119.79612195314908, 69.00531684132112, -28.0, 8.0], [118.44348051296596, 71.40696558661577, -28.0, 8.0], [116.86079613857109, 73.63796438998293, -28.0, 8.0], [114.77955587990566, 75.9096886257657, -28.0, 8.0], [112.32239928685861, 78.05324285533311, -28.0, 8.0], [109.57070137525503, 80.06745579151794, -28.0, 8.0], [106.60583716091989, 81.95115614715301, -28.0, 8.0], [103.50918165967823, 83.70317263507107, -28.0, 8.0], [100.36210988735506, 85.32233396810487, -28.0, 8.0], [97.24599685977546, 86.80746885908728, -28.0, 8.0], [94.24221759276435, 88.15740602085101, -28.0, 8.0], [91.43214710214681, 89.37097416622886, -28.0, 8.0], [89.3175947205041, 90.21493347970285, -28.0, 8.0], [87.26007342610279, 90.92913408570399, -28.0, 8.0], [85.24097813213223, 91.53555103818667, -28.0, 8.0], [83.24170375178167, 92.05615939110535, -28.0, 8.0], [81.2436451982405, 92.51293419841443, -28.0, 8.0], [79.22819738469795, 92.92785051406825, -28.0, 8.0], [77.17675522434334, 93.32288339202125, -28.0, 8.0], [75.07071363036599, 93.72000788622789, -28.0, 8.0], [72.89146751595521, 94.14119905064248, -28.0, 8.0], [70.27233010063198, 94.54564918971634, -28.0, 8.0], [67.52157893940952, 94.79513197361803, -28.0, 8.0], [64.6815191498086, 94.95414860542536, -28.0, 8.0], [61.794455849349944, 95.08720028821614, -28.0, 8.0], [58.902694155554244, 95.25878822506813, -28.0, 8.0], [56.048539185942275, 95.53341361905913, -28.0, 8.0], [53.27429605803475, 95.97557767326695, -28.0, 8.0], [50.62226988935241, 96.64978159076935, -28.0, 8.0], [48.13476579741595, 97.62052657464412, -28.0, 8.0], [45.770160241452906, 98.88564032278428, -28.0, 8.0], [43.46533633355626, 100.37953548105858, -28.0, 8.0], [41.230359170545036, 102.07159067450831, -28.0, 8.0], [39.075293849238264, 103.93118452817487, -28.0, 8.0], [37.01020546645495, 105.92769566709956, -28.0, 8.0], [35.04515911901411, 108.0305027163237, -28.0, 8.0], [33.19021990373478, 110.20898430088873, -28.0, 8.0], [31.45545291743597, 112.4325190458359, -28.0, 8.0], [29.85092325693669, 114.67048557620657, -28.0, 8.0], [28.357902207628285, 116.96727692095968, -28.0, 8.0], [26.956960315387377, 119.3757109695333, -28.0, 8.0], [25.657111567760985, 121.87780363768758, -28.0, 8.0], [24.46736995229609, 124.45557084118269, -28.0, 8.0], [23.39674945653969, 127.0910284957788, -28.0, 8.0], [22.454264068038768, 129.76619251723602, -28.0, 8.0], [21.648927774340336, 132.4630788213146, -28.0, 8.0], [20.98975456299138, 135.16370332377463, -28.0, 8.0], [20.485758421538886, 137.85008194037627, -28.0, 8.0], [20.191885178197083, 140.54385840844446, -28.0, 8.0], [20.126593759526074, 143.2738386808815, -28.0, 8.0], [20.24416780059171, 146.03278199681358, -28.0, 8.0], [20.49889093645983, 148.81344759536705, -28.0, 8.0], [20.845046802196265, 151.608594715668, -28.0, 8.0], [21.236919032866865, 154.41098259684273, -28.0, 8.0], [21.628791263537455, 157.21337047801748, -28.0, 8.0], [21.9749471292739, 160.00851759831846, -28.0, 8.0], [22.229670265142012, 162.78918319687187, -28.0, 8.0]], "num_spline_nodes": 10, "road_bbox_size": [0.0, 0.0, 250.0, 250.0], "distance_to_boundary": -0.11965039947980172}, "seed": {"control_nodes": [[125.0, 0.0, -28.0, 8.0], [125.0, 25.0, -28.0, 8.0], [125.0, 50.0, -28.0, 8.0], [116.86079613857109, 73.63796438998293, -28.0, 8.0], [97.43214710214681, 89.37097416622886, -28.0, 8.0], [72.89146751595521, 94.14119905064248, -28.0, 8.0], [48.13476579741595, 97.62052657464412, -28.0, 8.0], [29.85092325693669, 114.67048557620657, -28.0, 8.0], [20.485758421538886, 137.85008194037627, -28.0, 8.0], [22.229670265142015, 162.78918319687187, -28.0, 8.0], [23.973582108745145, 187.72828445336748, -28.0, 8.0]],