{"name": "Road222", "members_distance": null, "m1": {"control_nodes": [[125.0, 0.0, -28.0, 8.0], [125.0, 25.0, -28.0, 8.0], [125.0, 50.0, -28.0, 8.0], [117.69070738193159, 68.90761889907589, -28.0, 8.0], [105.0747315065559, 94.87438309771149, -28.0, 8.0], [81.79088896607664, 111.92434209927396, -28.0, 8.0], [62.45137830364659, 114.88354083790647, -28.0, 8.0], [41.25017589973594, 134.1315224437366, -28.0, 8.0], [24.848700174973263, 152.9992619493059, -28.0, 8.0], [23.97621275741074, 177.98403262478328, -28.0, 8.0], [23.103725339848214, 202.96880330026067, -28.0, 8.0]], "sample_nodes": [[125.0, 25.0, -28.0, 8.0], [125.0468711875961, 27.80088979738693, -28.0, 8.0], [125.16404915658633, 30.63644762418757, -28.0, 8.0], [125.31638051627363, 33.48933946569508, -28.0, 8.0], [125.4687118759609, 36.3422313072026, -28.0, 8.0], [125.58588984495114, 39.17778913400325, -28.0, 8.0], [125.63276103254722, 41.97867893139018, -28.0, 8.0], [125.57417204805212, 44.727566684656516, -28.0, 8.0], [125.37496950076874, 47.407118379095415, -28.0, 8.0], [125.0, 50.0, -28.0, 8.0], [124.50822280307908, 52.23650326144713, -28.0, 8.0], [123.89840841258282, 54.38133051202611, -28.0, 8.0], [123.18681922283182, 56.45923682241911, -28.0, 8.0], [122.38971762814671, 58.49497726330838, -28.0, 8.0], [121.52336602284817, 60.51330690537611, -28.0, 8.0], [120.60402680125674, 62.53898081930451, -28.0, 8.0], [119.64796235769307, 64.5967540757758, -28.0, 8.0], [118.67143508647781, 66.71138174547218, -28.0, 8.0], [117.69070738193159, 68.90761889907589, -28.0, 8.0], [116.53345799918915, 71.6791892345558, -28.0, 8.0], [115.37688190129904, 74.60032073992663, -28.0, 8.0], [114.19449135391149, 77.6190899516555, -28.0, 8.0], [112.95979862267683, 80.68357340620966, -28.0, 8.0], [111.64631597324528, 83.74184764005628, -28.0, 8.0], [110.22755567126713, 86.74198918966256, -28.0, 8.0], [108.67702998239267, 89.63207459149574, -28.0, 8.0], [106.96825117227215, 92.36018038202295, -28.0, 8.0], [105.0747315065559, 94.87438309771149, -28.0, 8.0], [102.95719921685779, 97.24097801274151, -28.0, 8.0], [100.62198176148155, 99.54568852507722, -28.0, 8.0], [98.11206264079877, 101.76444848309103, -28.0, 8.0], [95.47042535518113, 103.87319173515547, -28.0, 8.0], [92.74005340500025, 105.847852129643, -28.0, 8.0], [89.96393029062773, 107.66436351492615, -28.0, 8.0], [87.1850395124352, 109.29865973937736, -28.0, 8.0], [84.4463645707943, 110.72667465136912, -28.0, 8.0], [81.79088896607664, 111.92434209927394, -28.0, 8.0], [79.63971239003308, 112.62804837050916, -28.0, 8.0], [77.47188857772156, 113.02939900507742, -28.0, 8.0], [75.29480299375648, 113.21780644604448, -28.0, 8.0], [73.11584110275219, 113.28268313647612, -28.0, 8.0], [70.94238836932311, 113.31344151943819, -28.0, 8.0], [68.78183025808363, 113.39949403799645, -28.0, 8.0], [66.64155223364814, 113.63025313521673, -28.0, 8.0], [64.52893976063099, 114.09513125416478, -28.0, 8.0], [62.45137830364659, 114.88354083790645, -28.0, 8.0], [59.96945763429231, 116.26379184958364, -28.0, 8.0], [57.505966667015656, 117.98899473577495, -28.0, 8.0], [55.06653176307236, 119.99257158003077, -28.0, 8.0], [52.65677928371821, 122.20794446590133, -28.0, 8.0], [50.282335590208945, 124.568535476937, -28.0, 8.0], [47.948827043800335, 127.00776669668807, -28.0, 8.0], [45.66188000574813, 129.4590602087048, -28.0, 8.0], [43.42712083730807, 131.85583809653755, -28.0, 8.0], [41.250175899735936, 134.13152244373657, -28.0, 8.0], [39.19804731322862, 136.15693045496647, -28.0, 8.0], [37.08585905741646, 138.14954418643174, -28.0, 8.0], [34.963966247165835, 140.13102627475175, -28.0, 8.0], [32.88272399734318, 142.1230393565459, -28.0, 8.0], [30.892487422814867, 144.1472460684335, -28.0, 8.0], [29.043611638447317, 146.22530904703393, -28.0, 8.0], [27.386451759106933, 148.37889092896657, -28.0, 8.0], [25.97136289966011, 150.62965435085076, -28.0, 8.0], [24.848700174973263, 152.9992619493059, -28.0, 8.0], [24.070100577369743, 155.50683592362225, -28.0, 8.0], [23.611027488144813, 158.14027473682555, -28.0, 8.0], [23.407575605622775, 160.87440542113848, -28.0, 8.0], [23.395839628127902, 163.68405500878362, -28.0, 8.0], [23.511914253984468, 166.54405053198354, -28.0, 8.0], [23.691894181516762, 169.42921902296092, -28.0, 8.0], [23.871874109049052, 172.31438751393824, -28.0, 8.0], [23.98794873490562, 175.17438303713817, -28.0, 8.0], [23.976212757410742, 177.9840326247833, -28.0, 8.0]], "num_spline_nodes": 10, "road_bbox_size": [0.0, 0.0, 250.0, 250.0], "distance_to_boundary": -0.058065635337988475}, "seed": {"control_nodes": [[125.0, 0.0, -28.0, 8.0], [125.0, 25.0, -28.0, 8.0], [125.0, 50.0, -28.0, 8.0], [117.69070738193159, 73.90761889907589, -28.0, 8.0], [104.0747315065559, 94.87438309771149, -28.0, 8.0], [85.79088896607664, 111.92434209927396, -28.0, 8.0], [62.45137830364659, 120.88354083790647, -28.0, 8.0], [41.25017589973594, 134.1315224437366, -28.0, 8.0], [24.848700174973263, 152.9992619493059, -28.0, 8.0], [23.97621275741074, 177.98403262478328, -28.0, 8.0], [23.103725339848214, 202.96880330026067, -28.0, 8.0]],