{"name": "Road787", "members_distance": null, "m1": {"control_nodes": [[125.0, 0.0, -28.0, 8.0], [125.0, 25.0, -28.0, 8.0], [125.0, 50.0, -28.0, 8.0], [113.69070738193159, 73.90761889907589, -28.0, 8.0], [113.51181381324014, 98.81248635136953, -28.0, 8.0], [112.46508022811146, 119.62614014240258, -28.0, 8.0], [93.77044892079964, 143.85156500177627, -28.0, 8.0], [74.4309382583696, 152.81076374040876, -28.0, 8.0], [49.4461675828922, 151.93827632284624, -28.0, 8.0], [28.967366475667408, 166.2776872316224, -28.0, 8.0], [8.488565368442611, 180.61709814039855, -28.0, 8.0]], "sample_nodes": [[125.0, 25.0, -28.0, 8.0], [125.05948267498391, 27.78727658802979, -28.0, 8.0], [125.20818936244369, 30.588801391437592, -28.0, 8.0], [125.4015080561414, 33.39745030253441, -28.0, 8.0], [125.59482674983909, 36.206099213631234, -28.0, 8.0], [125.74353343729888, 39.00762401703904, -28.0, 8.0], [125.80301611228276, 41.79490060506882, -28.0, 8.0], [125.7286627685529, 44.56080487003159, -28.0, 8.0], [125.47586139987128, 47.298212704238324, -28.0, 8.0], [125.0, 50.0, -28.0, 8.0], [124.18486824316645, 52.72700904505359, -28.0, 8.0], [123.04082219086706, 55.40165958171406, -28.0, 8.0], [121.66152622203279, 58.03882594088315, -28.0, 8.0], [120.1406447155947, 60.653382453462584, -28.0, 8.0], [118.57184205048374, 63.26020345035411, -28.0, 8.0], [117.04878260563098, 65.87416326245948, -28.0, 8.0], [115.66513075996734, 68.51013622068038, -28.0, 8.0], [114.51455089242388, 71.1829966559186, -28.0, 8.0], [113.69070738193159, 73.90761889907589, -28.0, 8.0], [113.20959269560505, 76.6134512756112, -28.0, 8.0], [112.95557612506146, 79.37232842177703, -28.0, 8.0], [112.88074822315866, 82.16809277039212, -28.0, 8.0], [112.9371995427546, 84.98458675427533, -28.0, 8.0], [113.07702063670706, 87.80565280624536, -28.0, 8.0], [113.25230205787398, 90.61513335912102, -28.0, 8.0], [113.41513435911322, 93.3968708457211, -28.0, 8.0], [113.51760809328265, 96.1347076988643, -28.0, 8.0], [113.51181381324014, 98.81248635136953, -28.0, 8.0], [113.50390210637417, 101.21173045624614, -28.0, 8.0], [113.58565987656614, 103.57839822239862, -28.0, 8.0], [113.7070439167039, 105.91717066222242, -28.0, 8.0], [113.81801101967527, 108.23272878811284, -28.0, 8.0], [113.86851797836812, 110.52975361246527, -28.0, 8.0], [113.80852158567032, 112.81292614767509, -28.0, 8.0], [113.5879786344697, 115.08692740613768, -28.0, 8.0], [113.15684591765412, 117.3564384002484, -28.0, 8.0], [112.46508022811146, 119.62614014240259, -28.0, 8.0], [111.25285674480939, 122.44643109343735, -28.0, 8.0], [109.68791872400982, 125.36532221287186, -28.0, 8.0], [107.82875549181173, 128.32678017020208, -28.0, 8.0], [105.73385637431414, 131.2747716349242, -28.0, 8.0], [103.46171069761611, 134.1532632765343, -28.0, 8.0], [101.07080778781662, 136.90622176452845, -28.0, 8.0], [98.6196369710147, 139.4776137684028, -28.0, 8.0], [96.16668757330936, 141.81140595765334, -28.0, 8.0], [93.77044892079962, 143.85156500177624, -28.0, 8.0], [91.79052207534319, 145.34813623628892, -28.0, 8.0], [89.77010633042389, 146.7110942761244, -28.0, 8.0], [87.70845682089106, 147.94401212885893, -28.0, 8.0], [85.604828681594, 149.05046280206858, -28.0, 8.0], [83.45847704738198, 150.0340193033295, -28.0, 8.0], [81.26865705310423, 150.89825464021783, -28.0, 8.0], [79.03462383361007, 151.64674182030973, -28.0, 8.0], [76.75563252374876, 152.2830538511813, -28.0, 8.0], [74.4309382583696, 152.8107637404088, -28.0, 8.0], [71.81451793321018, 153.11307636537174, -28.0, 8.0], [69.07457889893357, 153.06391183221805, -28.0, 8.0], [66.24695074814895, 152.77112581535204, -28.0, 8.0], [63.36746307346564, 152.34257398917828, -28.0, 8.0], [60.47194546749287, 151.88611202810102, -28.0, 8.0], [57.59622752283988, 151.50959560652478, -28.0, 8.0], [54.77613883211593, 151.32088039885397, -28.0, 8.0], [52.0475089879303, 151.42782207949298, -28.0, 8.0], [49.4461675828922, 151.93827632284624, -28.0, 8.0], [46.972952334786186, 152.86380655215768, -28.0, 8.0], [44.59245250989524, 154.1023388046448, -28.0, 8.0], [42.286125023576346, 155.59127267567246, -28.0, 8.0], [40.035426791186495, 157.2680077606056, -28.0, 8.0], [37.82181472808268, 159.06994365480892, -28.0, 8.0], [35.62674574962186, 160.93447995364744, -28.0, 8.0], [33.43167677116107, 162.79901625248596, -28.0, 8.0], [31.218064708057256, 164.60095214668934, -28.0, 8.0], [28.967366475667408, 166.2776872316224, -28.0, 8.0]], "num_spline_nodes": 10, "road_bbox_size": [0.0, 0.0, 250.0, 250.0], "distance_to_boundary": -0.2934706104109628}, "seed": {"control_nodes": [[125.0, 0.0, -28.0, 8.0], [125.0, 25.0, -28.0, 8.0], [125.0, 50.0, -28.0, 8.0], [117.69070738193159, 73.90761889907589, -28.0, 8.0], [115.51181381324014, 98.81248635136953, -28.0, 8.0], [112.46508022811146, 123.62614014240258, -28.0, 8.0], [97.77044892079964, 143.85156500177627, -28.0, 8.0], [74.4309382583696, 152.81076374040876, -28.0, 8.0], [49.4461675828922, 151.93827632284624, -28.0, 8.0], [28.967366475667408, 166.2776872316224, -28.0, 8.0], [8.488565368442611, 180.61709814039855, -28.0, 8.0]],