{"name": "Road240", "members_distance": null, "m1": {"control_nodes": [[125.0, 0.0, -28.0, 8.0], [125.0, 25.0, -28.0, 8.0], [125.0, 50.0, -28.0, 8.0], [128.91086162600578, 74.69220851487844, -28.0, 8.0], [136.3813377535688, 98.84035417210515, -28.0, 8.0], [126.42213901493629, 122.1798648345352, -28.0, 8.0], [117.05697417953849, 145.35946119870488, -28.0, 8.0], [95.85577177562783, 158.607442804535, -28.0, 8.0], [81.51636086685167, 179.0862439117598, -28.0, 8.0], [59.65086818836677, 191.20648441791823, -28.0, 8.0], [38.0002330937558, 203.70648441791823, -28.0, 8.0]], "sample_nodes": [[125.0, 25.0, -28.0, 8.0], [124.97854122564605, 27.7794666199458, -28.0, 8.0], [124.92489428976123, 30.56146650314362, -28.0, 8.0], [124.85515327311091, 33.34473301796746, -28.0, 8.0], [124.7854122564606, 36.127999532791314, -28.0, 8.0], [124.73176532057573, 38.909999415989134, -28.0, 8.0], [124.71030654622177, 41.68946603593493, -28.0, 8.0], [124.73713001416422, 44.465132761002685, -28.0, 8.0], [124.82832980516848, 47.235732959566384, -28.0, 8.0], [125.0, 50.0, -28.0, 8.0], [125.24361717373445, 52.76079321524426, -28.0, 8.0], [125.53882553314416, 55.52080890339554, -28.0, 8.0], [125.8839706065397, 58.27853588056129, -28.0, 8.0], [126.27739792223159, 61.03246296284902, -28.0, 8.0], [126.71745300853041, 63.78107896636617, -28.0, 8.0], [127.20248139374667, 66.52287270722019, -28.0, 8.0], [127.73082860619095, 69.25633300151861, -28.0, 8.0], [128.3008401741738, 71.97994866536887, -28.0, 8.0], [128.91086162600578, 74.69220851487844, -28.0, 8.0], [129.68062123235424, 77.40997508715391, -28.0, 8.0], [130.66653590499192, 80.12071945048386, -28.0, 8.0], [131.78242775444284, 82.8237397718776, -28.0, 8.0], [132.94211889123096, 85.51833421834455, -28.0, 8.0], [134.0594314258803, 88.20380095689407, -28.0, 8.0], [135.0481874689147, 90.87943815453549, -28.0, 8.0], [135.82220913085834, 93.54454397827828, -28.0, 8.0], [136.29531852223502, 96.19841659513169, -28.0, 8.0], [136.3813377535688, 98.84035417210515, -28.0, 8.0], [136.03834261757424, 101.47114903105616, -28.0, 8.0], [135.3317370798338, 104.08421153105772, -28.0, 8.0], [134.33554175877805, 106.68312169418188, -28.0, 8.0], [133.12377727283766, 109.27145954250065, -28.0, 8.0], [131.77046424044315, 111.8528050980861, -28.0, 8.0], [130.34962328002513, 114.43073838301021, -28.0, 8.0], [128.93527501001427, 117.00883941934511, -28.0, 8.0], [127.60144004884113, 119.59068822916275, -28.0, 8.0], [126.4221390149363, 122.17986483453521, -28.0, 8.0], [125.42376563751363, 124.80928237623732, -28.0, 8.0], [124.53346920943825, 127.52071705112937, -28.0, 8.0], [123.70040955672093, 130.27324292699723, -28.0, 8.0], [122.87374650537242, 133.0259340716268, -28.0, 8.0], [122.0026398814035, 135.73786455280387, -28.0, 8.0], [121.03624951082486, 138.36810843831435, -28.0, 8.0], [119.92373521964734, 140.87573979594413, -28.0, 8.0], [118.61425683388161, 143.21983269347905, -28.0, 8.0], [117.05697417953849, 145.35946119870488, -28.0, 8.0], [115.18318630778968, 147.227739531124, -28.0, 8.0], [113.00938291821026, 148.83215073270156, -28.0, 8.0], [110.61250980941608, 150.24332210491804, -28.0, 8.0], [108.06951278002302, 151.53188094925378, -28.0, 8.0], [105.45733762864683, 152.76845456718917, -28.0, 8.0], [102.85293015390337, 154.0236702602046, -28.0, 8.0], [100.3332361544085, 155.36815532978048, -28.0, 8.0], [97.97520142877806, 156.87253707739714, -28.0, 8.0], [95.85577177562783, 158.607442804535, -28.0, 8.0], [94.00259580254647, 160.6113260803167, -28.0, 8.0], [92.35255201471233, 162.8327863878231, -28.0, 8.0], [90.84643105712614, 165.20766989947205, -28.0, 8.0], [89.42502357478854, 167.67182278768144, -28.0, 8.0], [88.02912021270015, 170.1610912248691, -28.0, 8.0], [86.59951161586162, 172.61132138345295, -28.0, 8.0], [85.07698842927361, 174.95835943585078, -28.0, 8.0], [83.40234129793673, 177.13805155448043, -28.0, 8.0], [81.51636086685167, 179.0862439117598, -28.0, 8.0], [79.41604574934539, 180.79775883941085, -28.0, 8.0], [77.15910460708068, 182.33416133087655, -28.0, 8.0], [74.77739315756202, 183.73141155115673, -28.0, 8.0], [72.30276711829389, 185.0254696652509, -28.0, 8.0], [69.76708220678071, 186.25229583815866, -28.0, 8.0], [67.20219414052694, 187.44785023487958, -28.0, 8.0], [64.63995863703707, 188.64809302041346, -28.0, 8.0], [62.112231413815536, 189.88898435975983, -28.0, 8.0], [59.65086818836677, 191.20648441791823, -28.0, 8.0]], "num_spline_nodes": 10, "road_bbox_size": [0.0, 0.0, 250.0, 250.0], "distance_to_boundary": -0.006521394136766556}, "seed": {"control_nodes": [[125.0, 0.0, -28.0, 8.0], [125.0, 25.0, -28.0, 8.0], [125.0, 50.0, -28.0, 8.0], [128.91086162600578, 74.69220851487844, -28.0, 8.0], [135.3813377535688, 98.84035417210515, -28.0, 8.0], [126.42213901493629, 122.1798648345352, -28.0, 8.0], [117.05697417953849, 145.35946119870488, -28.0, 8.0], [95.85577177562783, 158.607442804535, -28.0, 8.0], [81.51636086685167, 179.0862439117598, -28.0, 8.0], [59.65086818836677, 191.20648441791823, -28.0, 8.0], [38.0002330937558, 203.70648441791823, -28.0, 8.0]],