{"name": "Road826", "members_distance": null, "m1": {"control_nodes": [[125.0, 0.0, -28.0, 8.0], [125.0, 25.0, -28.0, 8.0], [125.0, 50.0, -28.0, 8.0], [119.52952387243698, 74.1481456572267, -28.0, 8.0], [127.48872261106949, 102.48765631965675, -28.0, 8.0], [136.447921349702, 123.8271669820868, -28.0, 8.0], [134.70400950609886, 145.7662682385824, -28.0, 8.0], [135.14031966703095, 170.7624606174922, -28.0, 8.0], [151.8685848260024, 189.34108125442705, -28.0, 8.0], [176.0167304832291, 195.81155738199007, -28.0, 8.0], [200.27412364012903, 201.85960477198176, -28.0, 8.0]], "sample_nodes": [[125.0, 25.0, -28.0, 8.0], [125.03023416433088, 27.781821063692046, -28.0, 8.0], [125.10581957515808, 30.56970705625548, -28.0, 8.0], [125.20408060923342, 33.360625513254625, -28.0, 8.0], [125.30234164330875, 36.151543970253776, -28.0, 8.0], [125.37792705413594, 38.939429962817215, -28.0, 8.0], [125.4081612184668, 41.72125102650925, -28.0, 8.0], [125.37036851305325, 44.493974696894206, -28.0, 8.0], [125.24187331464701, 47.254568509536355, -28.0, 8.0], [125.0, 50.0, -28.0, 8.0], [124.56467971089636, 52.70548664307712, -28.0, 8.0], [123.9165077699686, 55.3814418251085, -28.0, 8.0], [123.12822305745524, 58.038126242132, -28.0, 8.0], [122.2725644535949, 60.68580059018549, -28.0, 8.0], [121.42227083862608, 63.334725565306755, -28.0, 8.0], [120.6500810927873, 65.99516186353365, -28.0, 8.0], [120.0287340963172, 68.67737018090408, -28.0, 8.0], [119.63096872945424, 71.39161121345582, -28.0, 8.0], [119.52952387243698, 74.1481456572267, -28.0, 8.0], [119.76378864143754, 77.22980563662381, -28.0, 8.0], [120.27822392788585, 80.39188955930871, -28.0, 8.0], [121.02240922213318, 83.60712729301346, -28.0, 8.0], [121.94592401453086, 86.84824870547021, -28.0, 8.0], [122.99834779543015, 90.08798366441101, -28.0, 8.0], [124.12926005518236, 93.29906203756798, -28.0, 8.0], [125.2882402841388, 96.45421369267318, -28.0, 8.0], [126.42486797265072, 99.52616849745873, -28.0, 8.0], [127.48872261106948, 102.48765631965674, -28.0, 8.0], [128.46543701989165, 105.00862202626233, -28.0, 8.0], [129.56850169352313, 107.44664579141148, -28.0, 8.0], [130.7457756739413, 109.82121248647815, -28.0, 8.0], [131.94511800312344, 112.15180698283626, -28.0, 8.0], [133.114387723047, 114.45791415185977, -28.0, 8.0], [134.20144387568928, 116.75901886492268, -28.0, 8.0], [135.15414550302765, 119.07460599339883, -28.0, 8.0], [135.92035164703944, 121.42416040866222, -28.0, 8.0], [136.447921349702, 123.8271669820868, -28.0, 8.0], [136.6969794481975, 126.20783679622195, -28.0, 8.0], [136.715942965399, 128.59939695606454, -28.0, 8.0], [136.55597821316982, 131.00328818166003, -28.0, 8.0], [136.26825150337345, 133.42095119305372, -28.0, 8.0], [135.90392914787304, 135.85382671029095, -28.0, 8.0], [135.51417745853203, 138.30335545341708, -28.0, 8.0], [135.15016274721373, 140.77097814247745, -28.0, 8.0], [134.8630513257816, 143.25813549751746, -28.0, 8.0], [134.70400950609886, 145.7662682385824, -28.0, 8.0], [134.55914641003756, 148.5057566889057, -28.0, 8.0], [134.32891903677535, 151.3323205685444, -28.0, 8.0], [134.07062729113025, 154.2126989354822, -28.0, 8.0], [133.84157107792038, 157.11363084770318, -28.0, 8.0], [133.69905030196372, 160.00185536319123, -28.0, 8.0], [133.7003648680784, 162.84411153993022, -28.0, 8.0], [133.90281468108248, 165.60713843590415, -28.0, 8.0], [134.36369964579396, 168.25767510909685, -28.0, 8.0], [135.14031966703095, 170.7624606174922, -28.0, 8.0], [136.2431556011138, 173.17489291567108, -28.0, 8.0], [137.6201479713847, 175.55493192293997, -28.0, 8.0], [139.23478618319425, 177.8791596443713, -28.0, 8.0], [141.0505596418932, 180.1241580850375, -28.0, 8.0], [143.0309577528322, 182.266509250011, -28.0, 8.0], [145.13946992136192, 184.28279514436423, -28.0, 8.0], [147.3395855528331, 186.14959777316975, -28.0, 8.0], [149.59479405259637, 187.84349914149988, -28.0, 8.0], [151.8685848260024, 189.34108125442705, -28.0, 8.0], [154.22541148209638, 190.59383695481498, -28.0, 8.0], [156.73401142005014, 191.600930659023, -28.0, 8.0], [159.3642997304045, 192.41045173236714, -28.0, 8.0], [162.08619150370032, 193.07048954016352, -28.0, 8.0], [164.86960183047833, 193.62913344772812, -28.0, 8.0], [167.68444580127942, 194.134472820377, -28.0, 8.0], [170.50063850664438, 194.6345970234263, -28.0, 8.0], [173.288095037114, 195.17759542219198, -28.0, 8.0], [176.0167304832291, 195.81155738199007, -28.0, 8.0]], "num_spline_nodes": 10, "road_bbox_size": [0.0, 0.0, 250.0, 250.0], "distance_to_boundary": -0.33513329578689044}, "seed": {"control_nodes": [[125.0, 0.0, -28.0, 8.0], [125.0, 25.0, -28.0, 8.0], [125.0, 50.0, -28.0, 8.0], [118.52952387243698, 74.1481456572267, -28.0, 8.0], [127.48872261106949, 97.48765631965675, -28.0, 8.0], [136.447921349702, 120.8271669820868, -28.0, 8.0], [134.70400950609886, 145.7662682385824, -28.0, 8.0], [135.14031966703095, 170.7624606174922, -28.0, 8.0], [151.8685848260024, 189.34108125442705, -28.0, 8.0], [176.0167304832291, 195.81155738199007, -28.0, 8.0], [200.27412364012903, 201.85960477198176, -28.0, 8.0]],