{"name": "Road289", "members_distance": null, "m1": {"control_nodes": [[125.0, 0.0, -28.0, 8.0], [125.0, 25.0, -28.0, 8.0], [125.0, 50.0, -28.0, 8.0], [123.9519526100083, 71.25739315689991, -28.0, 8.0], [113.75416033956432, 98.71108317524505, -28.0, 8.0], [120.49807218316745, 126.65018443174066, -28.0, 8.0], [143.2310819594134, 143.07883346816493, -28.0, 8.0], [152.197846158049, 156.6948093435406, -28.0, 8.0], [173.84848125265998, 169.1948093435406, -28.0, 8.0], [192.71622075822927, 185.5962850683033, -28.0, 8.0], [211.58396026379856, 201.997760793066, -28.0, 8.0]], "sample_nodes": [[125.0, 25.0, -28.0, 8.0], [125.00648319347776, 27.788971132316117, -28.0, 8.0], [125.0226911771722, 30.594732296439734, -28.0, 8.0], [125.04376155597495, 33.40888847646711, -28.0, 8.0], [125.06483193477769, 36.223044656494494, -28.0, 8.0], [125.08103991847213, 39.02880582061812, -28.0, 8.0], [125.08752311194988, 41.817776952934224, -28.0, 8.0], [125.07941912010268, 44.58156303753908, -28.0, 8.0], [125.05186554782216, 47.31176905852894, -28.0, 8.0], [125.0, 50.0, -28.0, 8.0], [124.96631424787319, 52.427327192895596, -28.0, 8.0], [124.96984502319026, 54.80266106797782, -28.0, 8.0], [124.98577481870322, 57.141277909319584, -28.0, 8.0], [124.98928612716409, 59.45845400099371, -28.0, 8.0], [124.95556144132493, 61.76946562707306, -28.0, 8.0], [124.85978325393774, 64.08958907163048, -28.0, 8.0], [124.67713405775454, 66.43410061873888, -28.0, 8.0], [124.3827963455274, 68.81827655247105, -28.0, 8.0], [123.9519526100083, 71.25739315689991, -28.0, 8.0], [123.15014200359816, 74.18435298266604, -28.0, 8.0], [122.00848268202668, 77.1610502873059, -28.0, 8.0], [120.63713008497311, 80.17939581304564, -28.0, 8.0], [119.14623965211663, 83.23130030211144, -28.0, 8.0], [117.64596682313653, 86.30867449672937, -28.0, 8.0], [116.24646703771204, 89.40342913912554, -28.0, 8.0], [115.05789573552235, 92.50747497152615, -28.0, 8.0], [114.19040835624668, 95.61272273615725, -28.0, 8.0], [113.75416033956432, 98.71108317524505, -28.0, 8.0], [113.67766336138301, 101.84543595755846, -28.0, 8.0], [113.81145752235771, 105.08862901209814, -28.0, 8.0], [114.1538988181743, 108.39080134381082, -28.0, 8.0], [114.70334324451878, 111.70209195764333, -28.0, 8.0], [115.45814679707706, 114.97263985854244, -28.0, 8.0], [116.41666547153514, 118.15258405145497, -28.0, 8.0], [117.57725526357892, 121.19206354132763, -28.0, 8.0], [118.9382721688944, 124.04121733310728, -28.0, 8.0], [120.49807218316747, 126.65018443174066, -28.0, 8.0], [122.39114141850686, 128.9540617024613, -28.0, 8.0], [124.7153471556921, 131.01611855149815, -28.0, 8.0], [127.35371883033906, 132.88872746433393, -28.0, 8.0], [130.18928587806383, 134.62426092645157, -28.0, 8.0], [133.1050777344823, 136.27509142333375, -28.0, 8.0], [135.98412383521057, 137.8935914404634, -28.0, 8.0], [138.7094536158645, 139.53213346332328, -28.0, 8.0], [141.1640965120601, 141.24308997739615, -28.0, 8.0], [143.23108195941342, 143.07883346816493, -28.0, 8.0], [144.50331983866948, 144.56756425951545, -28.0, 8.0], [145.5640051096122, 146.10160985057848, -28.0, 8.0], [146.47423916729645, 147.66413769330129, -28.0, 8.0], [147.2951234067771, 149.2383152396311, -28.0, 8.0], [148.08775922310912, 150.80730994151526, -28.0, 8.0], [148.91324801134743, 152.35428925090105, -28.0, 8.0], [149.8326911665469, 153.86242061973564, -28.0, 8.0], [150.9071900837625, 155.31487149996644, -28.0, 8.0], [152.197846158049, 156.6948093435406, -28.0, 8.0], [154.1064837951912, 158.2740977597425, -28.0, 8.0], [156.27814692814275, 159.72199082641558, -28.0, 8.0], [158.65335911060833, 161.0744008868601, -28.0, 8.0], [161.17264389629273, 162.3672402843763, -28.0, 8.0], [163.7765248389005, 163.6364213622644, -28.0, 8.0], [166.4055254921365, 164.91785646382468, -28.0, 8.0], [169.00016940970525, 166.24745793235726, -28.0, 8.0], [171.50098014531156, 167.66113811116256, -28.0, 8.0], [173.84848125265998, 169.1948093435406, -28.0, 8.0], [176.06705403565098, 170.84593734150133, -28.0, 8.0], [178.22836559253003, 172.57734261774937, -28.0, 8.0], [180.34386816851946, 174.3729697166272, -28.0, 8.0], [182.4250140088418, 176.2167631824775, -28.0, 8.0], [184.48325535871925, 178.0926675596426, -28.0, 8.0], [186.53004446337437, 179.98462739246526, -28.0, 8.0], [188.57683356802949, 181.8765872252879, -28.0, 8.0], [190.635074917907, 183.75249160245306, -28.0, 8.0], [192.71622075822924, 185.5962850683033, -28.0, 8.0]], "num_spline_nodes": 10, "road_bbox_size": [0.0, 0.0, 250.0, 250.0], "distance_to_boundary": -0.13986344736087775}, "seed": {"control_nodes": [[125.0, 0.0, -28.0, 8.0], [125.0, 25.0, -28.0, 8.0], [125.0, 50.0, -28.0, 8.0], [118.9519526100083, 74.25739315689991, -28.0, 8.0], [113.75416033956432, 98.71108317524505, -28.0, 8.0], [115.49807218316745, 123.65018443174066, -28.0, 8.0], [131.2310819594134, 143.07883346816493, -28.0, 8.0], [152.197846158049, 156.6948093435406, -28.0, 8.0], [173.84848125265998, 169.1948093435406, -28.0, 8.0], [192.71622075822927, 185.5962850683033, -28.0, 8.0], [211.58396026379856, 201.997760793066, -28.0, 8.0]],