{"name": "Road640", "members_distance": null, "m1": {"control_nodes": [[125.0, 0.0, -28.0, 8.0], [125.0, 25.0, -28.0, 8.0], [125.0, 50.0, -28.0, 8.0], [116.69070738193159, 73.90761889907589, -28.0, 8.0], [115.51181381324014, 100.81248635136953, -28.0, 8.0], [112.46508022811146, 118.62614014240258, -28.0, 8.0], [88.77044892079964, 143.85156500177627, -28.0, 8.0], [74.4309382583696, 152.81076374040876, -28.0, 8.0], [49.4461675828922, 151.93827632284624, -28.0, 8.0], [28.967366475667408, 166.2776872316224, -28.0, 8.0], [8.488565368442611, 180.61709814039855, -28.0, 8.0]], "sample_nodes": [[125.0, 25.0, -28.0, 8.0], [125.04517255241042, 27.784557631354026, -28.0, 8.0], [125.15810393343651, 30.579285043072414, -28.0, 8.0], [125.3049147287704, 33.37909734497299, -28.0, 8.0], [125.45172552410426, 36.17890964687358, -28.0, 8.0], [125.56465690513033, 38.973637058591976, -28.0, 8.0], [125.60982945754074, 41.758194689945995, -28.0, 8.0], [125.55336376702775, 44.52749765075347, -28.0, 8.0], [125.36138041928342, 47.2764610508322, -28.0, 8.0], [125.0, 50.0, -28.0, 8.0], [124.40390126776654, 52.69956350698061, -28.0, 8.0], [123.57823399909158, 55.35576042807277, -28.0, 8.0], [122.58633228068848, 57.9825520064697, -28.0, 8.0], [121.49153019927068, 60.59389948536473, -28.0, 8.0], [120.35716184155172, 63.203764107951116, -28.0, 8.0], [119.24656129424483, 65.82610711742217, -28.0, 8.0], [118.22306264406359, 68.47488975697111, -28.0, 8.0], [117.34999997772135, 71.16407326979127, -28.0, 8.0], [116.69070738193159, 73.90761889907589, -28.0, 8.0], [116.24552257030301, 76.82814609026511, -28.0, 8.0], [115.9777866528074, 79.84224456542873, -28.0, 8.0], [115.8451140288159, 82.91719475919189, -28.0, 8.0], [115.80511909769977, 86.02027710617973, -28.0, 8.0], [115.8154162588301, 89.11877204101741, -28.0, 8.0], [115.83361991157814, 92.17995999833009, -28.0, 8.0], [115.81734445531504, 95.17112141274293, -28.0, 8.0], [115.724204289412, 98.05953671888102, -28.0, 8.0], [115.51181381324015, 100.81248635136956, -28.0, 8.0], [115.32035268286823, 102.9569557670748, -28.0, 8.0], [115.18752397248949, 105.02023894587775, -28.0, 8.0], [115.07244255672855, 107.01943271608998, -28.0, 8.0], [114.93422331020986, 108.97163390602293, -28.0, 8.0], [114.73198110755808, 110.8939393439882, -28.0, 8.0], [114.4248308233978, 112.80344585829727, -28.0, 8.0], [113.97188733235352, 114.71725027726163, -28.0, 8.0], [113.3322655090499, 116.6524494291929, -28.0, 8.0], [112.46508022811147, 118.62614014240259, -28.0, 8.0], [110.804501039321, 121.47984439458679, -28.0, 8.0], [108.64779260991658, 124.46748118847351, -28.0, 8.0], [106.1034220119685, 127.5261995132106, -28.0, 8.0], [103.27985631754703, 130.59314835794606, -28.0, 8.0], [100.28556259872252, 133.60547671182778, -28.0, 8.0], [97.22900792756522, 136.50033356400377, -28.0, 8.0], [94.21865937614545, 139.21486790362184, -28.0, 8.0], [91.36298401653347, 141.68622871983, -28.0, 8.0], [88.77044892079962, 143.85156500177627, -28.0, 8.0], [87.12764820790552, 145.20818868253582, -28.0, 8.0], [85.56858471984523, 146.48986492311278, -28.0, 8.0], [84.06267697637587, 147.69001864563057, -28.0, 8.0], [82.57934349725458, 148.8020747722127, -28.0, 8.0], [81.08800280223855, 149.81945822498258, -28.0, 8.0], [79.55807341108489, 150.73559392606373, -28.0, 8.0], [77.95897384355075, 151.54390679757947, -28.0, 8.0], [76.26012261939326, 152.23782176165332, -28.0, 8.0], [74.4309382583696, 152.81076374040876, -28.0, 8.0], [71.99376527834265, 153.19719236001234, -28.0, 8.0], [69.34905139616761, 153.19271444901142, -28.0, 8.0], [66.54943064305996, 152.91307155630807, -28.0, 8.0], [63.64753705023509, 152.47400523080418, -28.0, 8.0], [60.69600464890842, 151.99125702140174, -28.0, 8.0], [57.74746747029538, 151.58056847700277, -28.0, 8.0], [54.85455954561138, 151.3576811465092, -28.0, 8.0], [52.06991490607185, 151.43833657882305, -28.0, 8.0], [49.44616758289221, 151.93827632284626, -28.0, 8.0], [46.972952334786186, 152.86380655215768, -28.0, 8.0], [44.59245250989524, 154.1023388046448, -28.0, 8.0], [42.286125023576346, 155.59127267567246, -28.0, 8.0], [40.035426791186495, 157.2680077606056, -28.0, 8.0], [37.82181472808268, 159.06994365480892, -28.0, 8.0], [35.62674574962186, 160.93447995364744, -28.0, 8.0], [33.43167677116107, 162.79901625248596, -28.0, 8.0], [31.218064708057256, 164.60095214668934, -28.0, 8.0], [28.967366475667408, 166.2776872316224, -28.0, 8.0]], "num_spline_nodes": 10, "road_bbox_size": [0.0, 0.0, 250.0, 250.0], "distance_to_boundary": -0.4596923783182132}, "seed": {"control_nodes": [[125.0, 0.0, -28.0, 8.0], [125.0, 25.0, -28.0, 8.0], [125.0, 50.0, -28.0, 8.0], [117.69070738193159, 73.90761889907589, -28.0, 8.0], [115.51181381324014, 98.81248635136953, -28.0, 8.0], [112.46508022811146, 123.62614014240258, -28.0, 8.0], [97.77044892079964, 143.85156500177627, -28.0, 8.0], [74.4309382583696, 152.81076374040876, -28.0, 8.0], [49.4461675828922, 151.93827632284624, -28.0, 8.0], [28.967366475667408, 166.2776872316224, -28.0, 8.0], [8.488565368442611, 180.61709814039855, -28.0, 8.0]],