{"name": "Road882", "members_distance": null, "m1": {"control_nodes": [[125.0, 0.0, -28.0, 8.0], [125.0, 25.0, -28.0, 8.0], [125.0, 50.0, -28.0, 8.0], [119.52952387243698, 71.1481456572267, -28.0, 8.0], [126.48872261106949, 102.48765631965675, -28.0, 8.0], [136.447921349702, 124.8271669820868, -28.0, 8.0], [134.70400950609886, 145.7662682385824, -28.0, 8.0], [135.14031966703095, 170.7624606174922, -28.0, 8.0], [151.8685848260024, 189.34108125442705, -28.0, 8.0], [176.0167304832291, 195.81155738199007, -28.0, 8.0], [200.27412364012903, 201.85960477198176, -28.0, 8.0]], "sample_nodes": [[125.0, 25.0, -28.0, 8.0], [125.03319426358536, 27.791253095901173, -28.0, 8.0], [125.1161799225488, 30.602719168987427, -28.0, 8.0], [125.22406127920121, 33.424291730666226, -28.0, 8.0], [125.33194263585365, 36.24586429234505, -28.0, 8.0], [125.41492829481706, 39.057330365431305, -28.0, 8.0], [125.44812255840242, 41.84858346133247, -28.0, 8.0], [125.40662972892075, 44.60951709145601, -28.0, 8.0], [125.26555410868293, 47.33002476720937, -28.0, 8.0], [125.0, 50.0, -28.0, 8.0], [124.56859029270895, 52.420656875789945, -28.0, 8.0], [123.9449971755812, 54.76216265579732, -28.0, 8.0], [123.19268271995213, 57.05084678315649, -28.0, 8.0], [122.37510899715726, 59.3130387010019, -28.0, 8.0], [121.55573807853204, 61.575067852467946, -28.0, 8.0], [120.79803203541192, 63.86326368068903, -28.0, 8.0], [120.1654529391324, 66.20395562879959, -28.0, 8.0], [119.7214628610289, 68.623473139934, -28.0, 8.0], [119.52952387243698, 71.1481456572267, -28.0, 8.0], [119.62285880485076, 74.38967255335531, -28.0, 8.0], [119.98356022711621, 77.81028643033278, -28.0, 8.0], [120.56988993342677, 81.35901868442951, -28.0, 8.0], [121.34010971797589, 84.98490071191594, -28.0, 8.0], [122.25248137495697, 88.63696390906242, -28.0, 8.0], [123.26526669856344, 92.26423967213933, -28.0, 8.0], [124.33672748298874, 95.81575939741711, -28.0, 8.0], [125.42512552242627, 99.2405544811661, -28.0, 8.0], [126.4887226110695, 102.48765631965676, -28.0, 8.0], [127.50378755088754, 105.17360763884024, -28.0, 8.0], [128.69451398566127, 107.76120873560234, -28.0, 8.0], [129.9954233494604, 110.27077576228766, -28.0, 8.0], [131.3410370763549, 112.72262487124084, -28.0, 8.0], [132.6658766004145, 115.1370722148065, -28.0, 8.0], [133.90446335570917, 117.53443394532928, -28.0, 8.0], [134.99131877630873, 119.93502621515384, -28.0, 8.0], [135.86096429628307, 122.35916517662481, -28.0, 8.0], [136.44792134970197, 124.8271669820868, -28.0, 8.0], [136.70635213663584, 127.13349169917288, -28.0, 8.0], [136.7306609147021, 129.42887978526312, -28.0, 8.0], [136.5727358195344, 131.72018716319772, -28.0, 8.0], [136.28446498676647, 134.01426975581677, -28.0, 8.0], [135.91773655203178, 136.31798348596035, -28.0, 8.0], [135.52443865096404, 138.6381842764686, -28.0, 8.0], [135.15645941919695, 140.9817280501816, -28.0, 8.0], [134.86568699236398, 143.35547072993953, -28.0, 8.0], [134.70400950609886, 145.7662682385824, -28.0, 8.0], [134.55598514709664, 148.48008421530912, -28.0, 8.0], [134.32407835289706, 151.29300959334958, -28.0, 8.0], [134.06529265991747, 154.16937663628795, -28.0, 8.0], [133.8366316045752, 157.07351760770848, -28.0, 8.0], [133.6950987232876, 159.96976477119546, -28.0, 8.0], [133.69769755247205, 162.82245039033313, -28.0, 8.0], [133.90143162854582, 165.59590672870561, -28.0, 8.0], [134.36330448792637, 168.25446604989725, -28.0, 8.0], [135.14031966703095, 170.7624606174922, -28.0, 8.0], [136.2431556011138, 173.17489291567108, -28.0, 8.0], [137.6201479713847, 175.55493192293997, -28.0, 8.0], [139.23478618319425, 177.8791596443713, -28.0, 8.0], [141.0505596418932, 180.1241580850375, -28.0, 8.0], [143.0309577528322, 182.266509250011, -28.0, 8.0], [145.13946992136192, 184.28279514436423, -28.0, 8.0], [147.3395855528331, 186.14959777316975, -28.0, 8.0], [149.59479405259637, 187.84349914149988, -28.0, 8.0], [151.8685848260024, 189.34108125442705, -28.0, 8.0], [154.22541148209638, 190.59383695481498, -28.0, 8.0], [156.73401142005014, 191.600930659023, -28.0, 8.0], [159.3642997304045, 192.41045173236714, -28.0, 8.0], [162.08619150370032, 193.07048954016352, -28.0, 8.0], [164.86960183047833, 193.62913344772812, -28.0, 8.0], [167.68444580127942, 194.134472820377, -28.0, 8.0], [170.50063850664438, 194.6345970234263, -28.0, 8.0], [173.288095037114, 195.17759542219198, -28.0, 8.0], [176.0167304832291, 195.81155738199007, -28.0, 8.0]], "num_spline_nodes": 10, "road_bbox_size": [0.0, 0.0, 250.0, 250.0], "distance_to_boundary": -0.26372563611406985}, "seed": {"control_nodes": [[125.0, 0.0, -28.0, 8.0], [125.0, 25.0, -28.0, 8.0], [125.0, 50.0, -28.0, 8.0], [118.52952387243698, 74.1481456572267, -28.0, 8.0], [127.48872261106949, 97.48765631965675, -28.0, 8.0], [136.447921349702, 120.8271669820868, -28.0, 8.0], [134.70400950609886, 145.7662682385824, -28.0, 8.0], [135.14031966703095, 170.7624606174922, -28.0, 8.0], [151.8685848260024, 189.34108125442705, -28.0, 8.0], [176.0167304832291, 195.81155738199007, -28.0, 8.0], [200.27412364012903, 201.85960477198176, -28.0, 8.0]],