{"name": "Road646", "members_distance": null, "m1": {"control_nodes": [[125.0, 0.0, -28.0, 8.0], [125.0, 25.0, -28.0, 8.0], [125.0, 50.0, -28.0, 8.0], [114.69070738193159, 73.90761889907589, -28.0, 8.0], [113.51181381324014, 100.81248635136953, -28.0, 8.0], [112.46508022811146, 118.62614014240258, -28.0, 8.0], [90.77044892079964, 143.85156500177627, -28.0, 8.0], [74.4309382583696, 152.81076374040876, -28.0, 8.0], [49.4461675828922, 151.93827632284624, -28.0, 8.0], [28.967366475667408, 166.2776872316224, -28.0, 8.0], [8.488565368442611, 180.61709814039855, -28.0, 8.0]], "sample_nodes": [[125.0, 25.0, -28.0, 8.0], [125.05486779306979, 27.786319634657705, -28.0, 8.0], [125.1920372757443, 30.58545205463529, -28.0, 8.0], [125.37035760322112, 33.390990867272826, -28.0, 8.0], [125.54867793069795, 36.19652967991037, -28.0, 8.0], [125.68584741337244, 38.995662099887966, -28.0, 8.0], [125.74071520644222, 41.78198173454567, -28.0, 8.0], [125.672130465105, 44.54908219122353, -28.0, 8.0], [125.43894234455834, 47.29055707726163, -28.0, 8.0], [125.0, 50.0, -28.0, 8.0], [124.26186685842187, 52.71371392572741, -28.0, 8.0], [123.23478223255543, 55.373288057902194, -28.0, 8.0], [121.99893849252582, 57.99578461242221, -28.0, 8.0], [120.63452800845822, 60.59826580518545, -28.0, 8.0], [119.22174315047783, 63.19779385208974, -28.0, 8.0], [117.84077628870979, 65.81143096903303, -28.0, 8.0], [116.57181979327932, 68.45623937191321, -28.0, 8.0], [115.4950660343115, 71.1492812766282, -28.0, 8.0], [114.69070738193159, 73.90761889907589, -28.0, 8.0], [114.14841667698882, 76.81278164864064, -28.0, 8.0], [113.8001985554231, 79.81724390691032, -28.0, 8.0], [113.6069471812132, 82.8874773452282, -28.0, 8.0], [113.52955671833797, 85.9899536349375, -28.0, 8.0], [113.52892133077621, 89.09114444738151, -28.0, 8.0], [113.56593518250672, 92.15752145390346, -28.0, 8.0], [113.60149243750837, 95.15555632584662, -28.0, 8.0], [113.59648725975991, 98.05172073455424, -28.0, 8.0], [113.51181381324014, 100.81248635136953, -28.0, 8.0], [113.46779326114527, 102.94972801527227, -28.0, 8.0], [113.5254414498664, 105.00690343538156, -28.0, 8.0], [113.6334414355268, 107.00140384494115, -28.0, 8.0], [113.74047627424963, 108.95062047719472, -28.0, 8.0], [113.79522902215804, 110.87194456538602, -28.0, 8.0], [113.74638273537528, 112.78276734275875, -28.0, 8.0], [113.54262047002442, 114.70048004255658, -28.0, 8.0], [113.13262528222879, 116.6424738980233, -28.0, 8.0], [112.46508022811147, 118.62614014240259, -28.0, 8.0], [111.08243789910763, 121.466479425376, -28.0, 8.0], [109.21969084499622, 124.45301518947781, -28.0, 8.0], [106.9724690628914, 127.51907241080312, -28.0, 8.0], [104.43640254990753, 130.5979760654471, -28.0, 8.0], [101.70712130315874, 133.62305112950486, -28.0, 8.0], [98.88025531975936, 136.52762257907156, -28.0, 8.0], [96.05143459682353, 139.24501539024226, -28.0, 8.0], [93.31628913146558, 141.70855453911213, -28.0, 8.0], [90.77044892079965, 143.8515650017763, -28.0, 8.0], [88.98543904619632, 145.26916166067423, -28.0, 8.0], [87.23850247397385, 146.58610947464842, -28.0, 8.0], [85.5100551484571, 147.80031543448226, -28.0, 8.0], [83.78051301397096, 148.90968653095916, -28.0, 8.0], [82.03029201484028, 149.91212975486252, -28.0, 8.0], [80.2398080953899, 150.80555209697573, -28.0, 8.0], [78.38947719994479, 151.58786054808223, -28.0, 8.0], [76.45971527282968, 152.2569620989654, -28.0, 8.0], [74.4309382583696, 152.81076374040876, -28.0, 8.0], [71.91560512466283, 153.1603788796672, -28.0, 8.0], [69.22936866084542, 153.13634380723303, -28.0, 8.0], [66.4175353837253, 152.85094880822567, -28.0, 8.0], [63.5254118101104, 152.41648416776496, -28.0, 8.0], [60.59830445680868, 151.9452401709704, -28.0, 8.0], [57.681519840628056, 151.54950710296157, -28.0, 8.0], [54.82036447837647, 151.34157524885825, -28.0, 8.0], [52.06014488686188, 151.43373489377993, -28.0, 8.0], [49.4461675828922, 151.93827632284624, -28.0, 8.0], [46.972952334786186, 152.86380655215768, -28.0, 8.0], [44.59245250989524, 154.1023388046448, -28.0, 8.0], [42.286125023576346, 155.59127267567246, -28.0, 8.0], [40.035426791186495, 157.2680077606056, -28.0, 8.0], [37.82181472808268, 159.06994365480892, -28.0, 8.0], [35.62674574962186, 160.93447995364744, -28.0, 8.0], [33.43167677116107, 162.79901625248596, -28.0, 8.0], [31.218064708057256, 164.60095214668934, -28.0, 8.0], [28.967366475667408, 166.2776872316224, -28.0, 8.0]], "num_spline_nodes": 10, "road_bbox_size": [0.0, 0.0, 250.0, 250.0], "distance_to_boundary": -0.49583755366046134}, "seed": {"control_nodes": [[125.0, 0.0, -28.0, 8.0], [125.0, 25.0, -28.0, 8.0], [125.0, 50.0, -28.0, 8.0], [117.69070738193159, 73.90761889907589, -28.0, 8.0], [115.51181381324014, 98.81248635136953, -28.0, 8.0], [112.46508022811146, 123.62614014240258, -28.0, 8.0], [97.77044892079964, 143.85156500177627, -28.0, 8.0], [74.4309382583696, 152.81076374040876, -28.0, 8.0], [49.4461675828922, 151.93827632284624, -28.0, 8.0], [28.967366475667408, 166.2776872316224, -28.0, 8.0], [8.488565368442611, 180.61709814039855, -28.0, 8.0]],