{"name": "Road220", "members_distance": null, "m1": {"control_nodes": [[125.0, 0.0, -28.0, 8.0], [125.0, 25.0, -28.0, 8.0], [125.0, 50.0, -28.0, 8.0], [118.69070738193159, 74.90761889907589, -28.0, 8.0], [100.0747315065559, 94.87438309771149, -28.0, 8.0], [85.79088896607664, 111.92434209927396, -28.0, 8.0], [57.45137830364659, 120.88354083790647, -28.0, 8.0], [41.25017589973594, 134.1315224437366, -28.0, 8.0], [24.848700174973263, 152.9992619493059, -28.0, 8.0], [23.97621275741074, 177.98403262478328, -28.0, 8.0], [23.103725339848214, 202.96880330026067, -28.0, 8.0]], "sample_nodes": [[125.0, 25.0, -28.0, 8.0], [125.03391411288499, 27.78012757385278, -28.0, 8.0], [125.11869939509748, 30.563779841818057, -28.0, 8.0], [125.22892026197371, 33.34919445683959, -28.0, 8.0], [125.33914112884992, 36.13460907186113, -28.0, 8.0], [125.42392641106241, 38.918261339826415, -28.0, 8.0], [125.45784052394737, 41.69838891367918, -28.0, 8.0], [125.41544788284118, 44.47322944636321, -28.0, 8.0], [125.27131290307995, 47.24102059082224, -28.0, 8.0], [125.0, 50.0, -28.0, 8.0], [124.64131786376001, 52.81675240565272, -28.0, 8.0], [124.24717984297507, 55.66932650466012, -28.0, 8.0], [123.79610091921316, 58.53709451472973, -28.0, 8.0], [123.26659607404224, 61.399428653569096, -28.0, 8.0], [122.63718028903027, 64.23570113888573, -28.0, 8.0], [121.88636854574521, 67.02528418838719, -28.0, 8.0], [120.99267582575513, 69.74755001978102, -28.0, 8.0], [119.93461711062793, 72.38187085077473, -28.0, 8.0], [118.69070738193159, 74.90761889907589, -28.0, 8.0], [117.1459100060747, 77.38666274547033, -28.0, 8.0], [115.32395463193095, 79.75583134024363, -28.0, 8.0], [113.28751850290108, 82.03430181005594, -28.0, 8.0], [111.09927886238586, 84.24125128156727, -28.0, 8.0], [108.82191295378604, 86.39585688143771, -28.0, 8.0], [106.5180980205024, 88.51729573632728, -28.0, 8.0], [104.25051130593567, 90.62474497289607, -28.0, 8.0], [102.08183005348656, 92.73738171780411, -28.0, 8.0], [100.07473150655592, 94.8743830977115, -28.0, 8.0], [98.43476577065684, 96.85668590590402, -28.0, 8.0], [96.92211775178778, 98.89099397968836, -28.0, 8.0], [95.48788758410986, 100.94560546390413, -28.0, 8.0], [94.08317540178416, 102.98881850339086, -28.0, 8.0], [92.65908133897173, 104.9889312429881, -28.0, 8.0], [91.16670552983369, 106.91424182753545, -28.0, 8.0], [89.55714810853112, 108.73304840187254, -28.0, 8.0], [87.78150920922505, 110.41364911083883, -28.0, 8.0], [85.79088896607664, 111.92434209927396, -28.0, 8.0], [83.14491008631724, 113.38508189049091, -28.0, 8.0], [80.15711207124286, 114.54750598010995, -28.0, 8.0], [76.92011144617186, 115.48961324759773, -28.0, 8.0], [73.52652473642264, 116.2894025724211, -28.0, 8.0], [70.06896846731357, 117.02487283404668, -28.0, 8.0], [66.64005916416306, 117.7740229119413, -28.0, 8.0], [63.332413352289464, 118.61485168557162, -28.0, 8.0], [60.23864755701118, 119.62535803440446, -28.0, 8.0], [57.4513783036466, 120.88354083790648, -28.0, 8.0], [55.341387828032936, 122.10496245049751, -28.0, 8.0], [53.36430990831394, 123.40239636950726, -28.0, 8.0], [51.4963809714468, 124.77011335757179, -28.0, 8.0], [49.713837444388716, 126.20238417732739, -28.0, 8.0], [47.992915754096884, 127.69347959141015, -28.0, 8.0], [46.30985232752851, 129.23767036245624, -28.0, 8.0], [44.64088359164076, 130.82922725310192, -28.0, 8.0], [42.962245973390836, 132.46242102598333, -28.0, 8.0], [41.25017589973595, 134.13152244373663, -28.0, 8.0], [39.2827177844728, 135.99319427129564, -28.0, 8.0], [37.215510716509094, 137.89882315518574, -28.0, 8.0], [35.106847667390376, 139.8547214648072, -28.0, 8.0], [33.015021608662195, 141.86720156956022, -28.0, 8.0], [30.998325511870082, 143.94257583884493, -28.0, 8.0], [29.115052348559587, 146.08715664206164, -28.0, 8.0], [27.423495090276255, 148.30725634861057, -28.0, 8.0], [25.981946708565633, 150.6091873278919, -28.0, 8.0], [24.848700174973263, 152.9992619493059, -28.0, 8.0], [24.070100577369743, 155.50683592362225, -28.0, 8.0], [23.611027488144813, 158.14027473682555, -28.0, 8.0], [23.407575605622775, 160.87440542113848, -28.0, 8.0], [23.395839628127902, 163.68405500878362, -28.0, 8.0], [23.511914253984468, 166.54405053198354, -28.0, 8.0], [23.691894181516762, 169.42921902296092, -28.0, 8.0], [23.871874109049052, 172.31438751393824, -28.0, 8.0], [23.98794873490562, 175.17438303713817, -28.0, 8.0], [23.976212757410742, 177.9840326247833, -28.0, 8.0]], "num_spline_nodes": 10, "road_bbox_size": [0.0, 0.0, 250.0, 250.0], "distance_to_boundary": -0.15180759595137072}, "seed": {"control_nodes": [[125.0, 0.0, -28.0, 8.0], [125.0, 25.0, -28.0, 8.0], [125.0, 50.0, -28.0, 8.0], [117.69070738193159, 73.90761889907589, -28.0, 8.0], [104.0747315065559, 94.87438309771149, -28.0, 8.0], [85.79088896607664, 111.92434209927396, -28.0, 8.0], [62.45137830364659, 120.88354083790647, -28.0, 8.0], [41.25017589973594, 134.1315224437366, -28.0, 8.0], [24.848700174973263, 152.9992619493059, -28.0, 8.0], [23.97621275741074, 177.98403262478328, -28.0, 8.0], [23.103725339848214, 202.96880330026067, -28.0, 8.0]],