{"name": "Road165", "members_distance": null, "m1": {"control_nodes": [[125.0, 0.0, -28.0, 8.0], [125.0, 25.0, -28.0, 8.0], [125.0, 50.0, -28.0, 8.0], [117.69070738193159, 73.90761889907589, -28.0, 8.0], [104.0747315065559, 94.87438309771149, -28.0, 8.0], [85.79088896607664, 109.92434209927396, -28.0, 8.0], [71.45137830364659, 118.88354083790647, -28.0, 8.0], [41.25017589973594, 134.1315224437366, -28.0, 8.0], [24.848700174973263, 152.9992619493059, -28.0, 8.0], [23.97621275741074, 177.98403262478328, -28.0, 8.0], [23.103725339848214, 202.96880330026067, -28.0, 8.0]], "sample_nodes": [[125.0, 25.0, -28.0, 8.0], [125.04010585798666, 27.783771638413853, -28.0, 8.0], [125.14037050295332, 30.576534067781804, -28.0, 8.0], [125.27071454140994, 33.37379189262681, -28.0, 8.0], [125.40105857986659, 36.17104971747183, -28.0, 8.0], [125.50132322483321, 38.96381214683979, -28.0, 8.0], [125.54142908281989, 41.74758378525364, -28.0, 8.0], [125.49129676033658, 44.517869237236326, -28.0, 8.0], [125.32084686389327, 47.270173107310804, -28.0, 8.0], [125.0, 50.0, -28.0, 8.0], [124.54330781172, 52.720489361943045, -28.0, 8.0], [123.98812551407488, 55.44270631193655, -28.0, 8.0], [123.33857907151216, 58.15904396273969, -28.0, 8.0], [122.59879444847951, 60.86189542711167, -28.0, 8.0], [121.77289760942443, 63.54365381781168, -28.0, 8.0], [120.86501451879451, 66.1967122475989, -28.0, 8.0], [119.87927114103735, 68.81346382923256, -28.0, 8.0], [118.81979344060053, 71.38630167547183, -28.0, 8.0], [117.69070738193159, 73.90761889907589, -28.0, 8.0], [116.48341009370722, 76.39695659641578, -28.0, 8.0], [115.18947417581808, 78.87169220291783, -28.0, 8.0], [113.81328879953298, 81.32097333992414, -28.0, 8.0], [112.35924313612064, 83.73394762877686, -28.0, 8.0], [110.83172635684977, 86.09976269081815, -28.0, 8.0], [109.2351276329891, 88.4075661473901, -28.0, 8.0], [107.57383613580744, 90.6465056198349, -28.0, 8.0], [105.85224103657346, 92.80572872949463, -28.0, 8.0], [104.0747315065559, 94.87438309771149, -28.0, 8.0], [102.25326491844463, 96.80498583915043, -28.0, 8.0], [100.3179444813521, 98.66654691499023, -28.0, 8.0], [98.29505704427649, 100.46097149535204, -28.0, 8.0], [96.21088945621602, 102.19016475035714, -28.0, 8.0], [94.09172856616881, 103.8560318501267, -28.0, 8.0], [91.9638612231331, 105.46047796478194, -28.0, 8.0], [89.85357427610704, 107.00540826444409, -28.0, 8.0], [87.78715457408883, 108.49272791923434, -28.0, 8.0], [85.79088896607664, 109.92434209927396, -28.0, 8.0], [84.18484429597537, 111.06262518892285, -28.0, 8.0], [82.64751713498096, 112.11767561467138, -28.0, 8.0], [81.15082487643426, 113.10986274356961, -28.0, 8.0], [79.66668491367622, 114.05955594266766, -28.0, 8.0], [78.16701464004768, 114.9871245790155, -28.0, 8.0], [76.62373144888957, 115.91293801966323, -28.0, 8.0], [75.00875273354275, 116.85736563166094, -28.0, 8.0], [73.29399588734813, 117.84077678205867, -28.0, 8.0], [71.45137830364659, 118.88354083790645, -28.0, 8.0], [68.54013145365604, 120.40578847062538, -28.0, 8.0], [65.29134636206881, 121.93079624508677, -28.0, 8.0], [61.80206345678348, 123.47580687329807, -28.0, 8.0], [58.169323165698714, 125.05806306726687, -28.0, 8.0], [54.49016591671318, 126.69480753900068, -28.0, 8.0], [50.861632137725486, 128.40328300050703, -28.0, 8.0], [47.38076225663429, 130.2007321637935, -28.0, 8.0], [44.14459670133823, 132.10439774086748, -28.0, 8.0], [41.25017589973595, 134.13152244373663, -28.0, 8.0], [38.954617806262526, 135.96060887723996, -28.0, 8.0], [36.713107624874624, 137.84892677053801, -28.0, 8.0], [34.55317895416054, 139.7997336123382, -28.0, 8.0], [32.50236539270864, 141.8162868913482, -28.0, 8.0], [30.58820053910724, 143.9018440962753, -28.0, 8.0], [28.838217991944667, 146.05966271582716, -28.0, 8.0], [27.279951349809267, 148.29300023871122, -28.0, 8.0], [25.940934211289356, 150.60511415363496, -28.0, 8.0], [24.848700174973263, 152.9992619493059, -28.0, 8.0], [24.070100577369743, 155.50683592362225, -28.0, 8.0], [23.611027488144813, 158.14027473682555, -28.0, 8.0], [23.407575605622775, 160.87440542113848, -28.0, 8.0], [23.395839628127902, 163.68405500878362, -28.0, 8.0], [23.511914253984468, 166.54405053198354, -28.0, 8.0], [23.691894181516762, 169.42921902296092, -28.0, 8.0], [23.871874109049052, 172.31438751393824, -28.0, 8.0], [23.98794873490562, 175.17438303713817, -28.0, 8.0], [23.976212757410742, 177.9840326247833, -28.0, 8.0]], "num_spline_nodes": 10, "road_bbox_size": [0.0, 0.0, 250.0, 250.0], "distance_to_boundary": -0.067191481969052}, "seed": {"control_nodes": [[125.0, 0.0, -28.0, 8.0], [125.0, 25.0, -28.0, 8.0], [125.0, 50.0, -28.0, 8.0], [117.69070738193159, 73.90761889907589, -28.0, 8.0], [104.0747315065559, 94.87438309771149, -28.0, 8.0], [85.79088896607664, 111.92434209927396, -28.0, 8.0], [62.45137830364659, 120.88354083790647, -28.0, 8.0], [41.25017589973594, 134.1315224437366, -28.0, 8.0], [24.848700174973263, 152.9992619493059, -28.0, 8.0], [23.97621275741074, 177.98403262478328, -28.0, 8.0], [23.103725339848214, 202.96880330026067, -28.0, 8.0]],