{"name": "Road313", "members_distance": null, "m1": {"control_nodes": [[125.0, 0.0, -28.0, 8.0], [125.0, 25.0, -28.0, 8.0], [125.0, 50.0, -28.0, 8.0], [114.04072133027306, 72.46985115747917, -28.0, 8.0], [95.17298182470375, 88.87132688224185, -28.0, 8.0], [71.41628010616449, 92.35065440624348, -28.0, 8.0], [50.68801494719304, 110.92927504317834, -28.0, 8.0], [51.0748033655017, 135.79232242738516, -28.0, 8.0], [57.96573726092668, 159.82386482584315, -28.0, 8.0], [65.2750298789951, 183.73148372491903, -28.0, 8.0], [72.58432249706351, 207.63910262399492, -28.0, 8.0]], "sample_nodes": [[125.0, 25.0, -28.0, 8.0], [125.0601332162948, 27.791660624650323, -28.0, 8.0], [125.21046625703181, 30.60414551960945, -28.0, 8.0], [125.4058992099899, 33.42704254972299, -28.0, 8.0], [125.60133216294798, 36.249939579836536, -28.0, 8.0], [125.75166520368498, 39.06242447479567, -28.0, 8.0], [125.81179841997977, 41.85408509944598, -28.0, 8.0], [125.7366318996113, 44.61450931863309, -28.0, 8.0], [125.4810657303584, 47.333284997202576, -28.0, 8.0], [125.0, 50.0, -28.0, 8.0], [124.30676157548251, 52.64100988813079, -28.0, 8.0], [123.45311380250021, 55.27990457730203, -28.0, 8.0], [122.45161148695385, 57.90212346426188, -28.0, 8.0], [121.3148094347442, 60.493105945758515, -28.0, 8.0], [120.055262451772, 63.03829141854009, -28.0, 8.0], [118.68552534393801, 65.52311927935477, -28.0, 8.0], [117.21815291714306, 67.93302892495073, -28.0, 8.0], [115.66569997728782, 70.25345975207617, -28.0, 8.0], [114.04072133027306, 72.46985115747917, -28.0, 8.0], [112.3212368789161, 74.62983925030453, -28.0, 8.0], [110.4837017687247, 76.77180268837643, -28.0, 8.0], [108.53832366963564, 78.8672946914622, -28.0, 8.0], [106.49531025158556, 80.88786847932928, -28.0, 8.0], [104.36486918451112, 82.805077271745, -28.0, 8.0], [102.15720813834906, 84.59047428847674, -28.0, 8.0], [99.88253478303602, 86.21561274929189, -28.0, 8.0], [97.55105678850869, 87.6520458739578, -28.0, 8.0], [95.17298182470375, 88.87132688224185, -28.0, 8.0], [92.73837233728732, 89.73237260453678, -28.0, 8.0], [90.16078601473428, 90.22770669918044, -28.0, 8.0], [87.47953178243905, 90.46322838782515, -28.0, 8.0], [84.73391856579596, 90.54483689212319, -28.0, 8.0], [81.96325529019933, 90.57843143372685, -28.0, 8.0], [79.20685088104351, 90.66991123428843, -28.0, 8.0], [76.50401426372288, 90.92517551546018, -28.0, 8.0], [73.89405436363177, 91.45012349889446, -28.0, 8.0], [71.41628010616449, 92.35065440624348, -28.0, 8.0], [68.77307850227896, 93.69622063584579, -28.0, 8.0], [66.05450503488649, 95.29286263321232, -28.0, 8.0], [63.329297041632856, 97.10998274275973, -28.0, 8.0], [60.666191860163934, 99.11698330890478, -28.0, 8.0], [58.133926828125496, 101.2832666760641, -28.0, 8.0], [55.80123928316336, 103.57823518865439, -28.0, 8.0], [53.73686656292337, 105.97129119109243, -28.0, 8.0], [52.009546005051334, 108.43183702779483, -28.0, 8.0], [50.68801494719304, 110.92927504317834, -28.0, 8.0], [49.8432224277365, 113.38519677074805, -28.0, 8.0], [49.344604577769815, 115.99452125351449, -28.0, 8.0], [49.13891893290945, 118.7243586420609, -28.0, 8.0], [49.172923028771855, 121.54181908697069, -28.0, 8.0], [49.39337440097349, 124.41401273882707, -28.0, 8.0], [49.747030585130844, 127.30804974821339, -28.0, 8.0], [50.18064911686035, 130.19104026571296, -28.0, 8.0], [50.64098753177848, 133.0300944419091, -28.0, 8.0], [51.074803365501694, 135.79232242738516, -28.0, 8.0], [51.55232512147457, 138.50266175238943, -28.0, 8.0], [52.16039205419948, 141.1955110318282, -28.0, 8.0], [52.87392811282639, 143.87406229086554, -28.0, 8.0], [53.66785724650525, 146.5415075546655, -28.0, 8.0], [54.517103404386, 149.2010388483919, -28.0, 8.0], [55.396590535618564, 151.85584819720893, -28.0, 8.0], [56.28124258935291, 154.50912762628042, -28.0, 8.0], [57.14598351473896, 157.1640691607705, -28.0, 8.0], [57.96573726092667, 159.82386482584315, -28.0, 8.0], [58.75951671626132, 162.48570664039096, -28.0, 8.0], [59.56190437576558, 165.1449985886964, -28.0, 8.0], [60.371178598605525, 167.80225064400784, -28.0, 8.0], [61.18561774394726, 170.45797277957388, -28.0, 8.0], [62.003500170956826, 173.1126749686429, -28.0, 8.0], [62.82310423880031, 175.76686718446342, -28.0, 8.0], [63.64270830664381, 178.421059400284, -28.0, 8.0], [64.46059073365338, 181.07576158935302, -28.0, 8.0], [65.2750298789951, 183.73148372491903, -28.0, 8.0]], "num_spline_nodes": 10, "road_bbox_size": [0.0, 0.0, 250.0, 250.0], "distance_to_boundary": -0.05041218422439542}, "seed": {"control_nodes": [[125.0, 0.0, -28.0, 8.0], [125.0, 25.0, -28.0, 8.0], [125.0, 50.0, -28.0, 8.0], [114.04072133027306, 72.46985115747917, -28.0, 8.0], [95.17298182470375, 88.87132688224185, -28.0, 8.0], [70.41628010616449, 92.35065440624348, -28.0, 8.0], [53.68801494719304, 110.92927504317834, -28.0, 8.0], [51.0748033655017, 135.79232242738516, -28.0, 8.0], [57.96573726092668, 159.82386482584315, -28.0, 8.0], [65.2750298789951, 183.73148372491903, -28.0, 8.0], [72.58432249706351, 207.63910262399492, -28.0, 8.0]],