{"name": "Road683", "members_distance": null, "m1": {"control_nodes": [[125.0, 0.0, -28.0, 8.0], [125.0, 25.0, -28.0, 8.0], [125.0, 50.0, -28.0, 8.0], [116.69070738193159, 69.90761889907589, -28.0, 8.0], [115.51181381324014, 99.81248635136953, -28.0, 8.0], [112.46508022811146, 118.62614014240258, -28.0, 8.0], [88.77044892079964, 143.85156500177627, -28.0, 8.0], [74.4309382583696, 152.81076374040876, -28.0, 8.0], [49.4461675828922, 151.93827632284624, -28.0, 8.0], [28.967366475667408, 166.2776872316224, -28.0, 8.0], [8.488565368442611, 180.61709814039855, -28.0, 8.0]], "sample_nodes": [[125.0, 25.0, -28.0, 8.0], [125.05089045847029, 27.79808238113238, -28.0, 8.0], [125.17811660464602, 30.626621667296657, -28.0, 8.0], [125.34351059467446, 33.47038940597689, -28.0, 8.0], [125.50890458470288, 36.31415714465713, -28.0, 8.0], [125.63613073087862, 39.14269643082142, -28.0, 8.0], [125.68702118934885, 41.94077881195378, -28.0, 8.0], [125.62340811626103, 44.69317583553831, -28.0, 8.0], [125.40712366776232, 47.38465904905904, -28.0, 8.0], [125.0, 50.0, -28.0, 8.0], [124.39122044248046, 52.32450114304845, -28.0, 8.0], [123.56252920740405, 54.541868735856994, -28.0, 8.0], [122.5744803875285, 56.685958926286034, -28.0, 8.0], [121.48762807561172, 58.79062786219607, -28.0, 8.0], [120.36252636441142, 60.889731691447466, -28.0, 8.0], [119.25972934668546, 63.01712656190072, -28.0, 8.0], [118.23979111519162, 65.20666862141626, -28.0, 8.0], [117.36326576268773, 67.4922140178545, -28.0, 8.0], [116.69070738193159, 69.90761889907589, -28.0, 8.0], [116.16710073160665, 72.9624516251816, -28.0, 8.0], [115.85924461903167, 76.21892765343196, -28.0, 8.0], [115.71674079331657, 79.61933524620959, -28.0, 8.0], [115.68919100357131, 83.10596266589698, -28.0, 8.0], [115.7261969989058, 86.62109817487668, -28.0, 8.0], [115.77736052843001, 90.10703003553127, -28.0, 8.0], [115.79228334125384, 93.50604651024321, -28.0, 8.0], [115.72056718648724, 96.76043586139515, -28.0, 8.0], [115.51181381324015, 99.81248635136954, -28.0, 8.0], [115.32329961854806, 102.10013011339066, -28.0, 8.0], [115.19825183061043, 104.2961854649117, -28.0, 8.0], [115.09339787233134, 106.41877196201418, -28.0, 8.0], [114.96546516661473, 108.48600916077947, -28.0, 8.0], [114.77118113636473, 110.51601661728924, -28.0, 8.0], [114.46727320448537, 112.52691388762491, -28.0, 8.0], [114.01046879388065, 114.53682052786802, -28.0, 8.0], [113.35749532745469, 116.56385609410009, -28.0, 8.0], [112.46508022811147, 118.62614014240259, -28.0, 8.0], [110.7989840431644, 121.51550447254735, -28.0, 8.0], [108.63934470955178, 124.52208568285059, -28.0, 8.0], [106.09411208095422, 127.586375894769, -28.0, 8.0], [103.27123601105234, 130.6488672297594, -28.0, 8.0], [100.27866635352677, 133.65005180927847, -28.0, 8.0], [97.22435296205809, 136.53042175478294, -28.0, 8.0], [94.21624569032694, 139.23046918772957, -28.0, 8.0], [91.36229439201391, 141.6906862295751, -28.0, 8.0], [88.77044892079964, 143.85156500177627, -28.0, 8.0], [87.12764820790552, 145.20818868253582, -28.0, 8.0], [85.56858471984523, 146.48986492311278, -28.0, 8.0], [84.06267697637587, 147.69001864563057, -28.0, 8.0], [82.57934349725458, 148.8020747722127, -28.0, 8.0], [81.08800280223855, 149.81945822498258, -28.0, 8.0], [79.55807341108489, 150.73559392606373, -28.0, 8.0], [77.95897384355075, 151.54390679757947, -28.0, 8.0], [76.26012261939326, 152.23782176165332, -28.0, 8.0], [74.4309382583696, 152.81076374040876, -28.0, 8.0], [71.99376527834265, 153.19719236001234, -28.0, 8.0], [69.34905139616761, 153.19271444901142, -28.0, 8.0], [66.54943064305996, 152.91307155630807, -28.0, 8.0], [63.64753705023509, 152.47400523080418, -28.0, 8.0], [60.69600464890842, 151.99125702140174, -28.0, 8.0], [57.74746747029538, 151.58056847700277, -28.0, 8.0], [54.85455954561138, 151.3576811465092, -28.0, 8.0], [52.06991490607185, 151.43833657882305, -28.0, 8.0], [49.44616758289221, 151.93827632284626, -28.0, 8.0], [46.972952334786186, 152.86380655215768, -28.0, 8.0], [44.59245250989524, 154.1023388046448, -28.0, 8.0], [42.286125023576346, 155.59127267567246, -28.0, 8.0], [40.035426791186495, 157.2680077606056, -28.0, 8.0], [37.82181472808268, 159.06994365480892, -28.0, 8.0], [35.62674574962186, 160.93447995364744, -28.0, 8.0], [33.43167677116107, 162.79901625248596, -28.0, 8.0], [31.218064708057256, 164.60095214668934, -28.0, 8.0], [28.967366475667408, 166.2776872316224, -28.0, 8.0]], "num_spline_nodes": 10, "road_bbox_size": [0.0, 0.0, 250.0, 250.0], "distance_to_boundary": -0.3053883841592917}, "seed": {"control_nodes": [[125.0, 0.0, -28.0, 8.0], [125.0, 25.0, -28.0, 8.0], [125.0, 50.0, -28.0, 8.0], [117.69070738193159, 73.90761889907589, -28.0, 8.0], [115.51181381324014, 98.81248635136953, -28.0, 8.0], [112.46508022811146, 123.62614014240258, -28.0, 8.0], [97.77044892079964, 143.85156500177627, -28.0, 8.0], [74.4309382583696, 152.81076374040876, -28.0, 8.0], [49.4461675828922, 151.93827632284624, -28.0, 8.0], [28.967366475667408, 166.2776872316224, -28.0, 8.0], [8.488565368442611, 180.61709814039855, -28.0, 8.0]],