{"name": "Road489", "members_distance": null, "m1": {"control_nodes": [[125.0, 0.0, -28.0, 8.0], [125.0, 25.0, -28.0, 8.0], [125.0, 50.0, -28.0, 8.0], [114.65023750651133, 70.2751631047092, -28.0, 8.0], [94.36639496603206, 86.32512210627166, -28.0, 8.0], [72.02688430360202, 99.28432084490417, -28.0, 8.0], [51.270182585062756, 99.7636483689058, -28.0, 8.0], [26.79138147783796, 116.10305927768195, -28.0, 8.0], [12.096750170526134, 136.32848413705563, -28.0, 8.0], [13.405149076599733, 161.29422250591998, -28.0, 8.0], [14.713547982673331, 186.25996087478433, -28.0, 8.0]], "sample_nodes": [[125.0, 25.0, -28.0, 8.0], [125.06090630431383, 27.798849225418955, -28.0, 8.0], [125.2131720650984, 30.62930562229966, -28.0, 8.0], [125.41111755411833, 33.47556560491126, -28.0, 8.0], [125.60906304313829, 36.321825587522866, -28.0, 8.0], [125.76132880392285, 39.15228198440358, -28.0, 8.0], [125.82223510823667, 41.95113120982252, -28.0, 8.0], [125.7461022278444, 44.70256967804884, -28.0, 8.0], [125.48725043451063, 47.39079380335163, -28.0, 8.0], [125.0, 50.0, -28.0, 8.0], [124.3397987487029, 52.4340087781908, -28.0, 8.0], [123.54077912916622, 54.83764446248536, -28.0, 8.0], [122.60995911787569, 57.204508427660556, -28.0, 8.0], [121.55435669131725, 59.52820204849324, -28.0, 8.0], [120.38098982597676, 61.8023266997603, -28.0, 8.0], [119.09687649834007, 64.02048375623855, -28.0, 8.0], [117.709034684893, 66.17627459270487, -28.0, 8.0], [116.22448236212149, 68.26330058393614, -28.0, 8.0], [114.65023750651133, 70.2751631047092, -28.0, 8.0], [112.82691966228371, 72.32736362345511, -28.0, 8.0], [110.82423115647688, 74.2868241013673, -28.0, 8.0], [108.67292629711966, 76.16448258371797, -28.0, 8.0], [106.40375939224089, 77.9712771157793, -28.0, 8.0], [104.04748474986934, 79.71814574282341, -28.0, 8.0], [101.63485667803386, 81.41602651012258, -28.0, 8.0], [99.19662948476329, 83.07585746294887, -28.0, 8.0], [96.76355747808641, 84.7085766465745, -28.0, 8.0], [94.36639496603206, 86.32512210627166, -28.0, 8.0], [91.97979708953875, 87.97200431644258, -28.0, 8.0], [89.55763384829004, 89.66340124095795, -28.0, 8.0], [87.10490790130024, 91.35805965518315, -28.0, 8.0], [84.62662190758374, 93.01472633448363, -28.0, 8.0], [82.12777852615483, 94.59214805422477, -28.0, 8.0], [79.61338041602787, 96.04907158977198, -28.0, 8.0], [77.08843023621718, 97.3442437164907, -28.0, 8.0], [74.55793064573712, 98.4364112097463, -28.0, 8.0], [72.02688430360203, 99.28432084490419, -28.0, 8.0], [69.7497608287343, 99.73357863952782, -28.0, 8.0], [67.45702127119891, 99.86658858495329, -28.0, 8.0], [65.15223216113047, 99.77645699003202, -28.0, 8.0], [62.83896002866358, 99.5562901636155, -28.0, 8.0], [60.5207714039328, 99.29919441455523, -28.0, 8.0], [58.20123281707272, 99.09827605170264, -28.0, 8.0], [55.88391079821798, 99.04664138390926, -28.0, 8.0], [53.572371877503116, 99.23739672002645, -28.0, 8.0], [51.270182585062756, 99.7636483689058, -28.0, 8.0], [48.49040339349461, 100.794722894507, -28.0, 8.0], [45.642749946635696, 102.13047192877266, -28.0, 8.0], [42.762730396954524, 103.72436520820811, -28.0, 8.0], [39.88585289691967, 105.5298724693186, -28.0, 8.0], [37.0476255989996, 107.50046344860942, -28.0, 8.0], [34.28355665566289, 109.58960788258591, -28.0, 8.0], [31.62915421937801, 111.75077550775329, -28.0, 8.0], [29.119926442613526, 113.93743606061688, -28.0, 8.0], [26.79138147783796, 116.10305927768194, -28.0, 8.0], [24.73961742773209, 118.10679146896435, -28.0, 8.0], [22.71140015556478, 120.17347464996189, -28.0, 8.0], [20.74153396059618, 122.3022231005327, -28.0, 8.0], [18.864823142086443, 124.49215110053503, -28.0, 8.0], [17.116071999295727, 126.74237292982701, -28.0, 8.0], [15.530084831484189, 129.05200286826692, -28.0, 8.0], [14.14166593791197, 131.42015519571282, -28.0, 8.0], [12.985619617839237, 133.84594419202298, -28.0, 8.0], [12.096750170526132, 136.32848413705563, -28.0, 8.0], [11.539662851683376, 138.89437546157458, -28.0, 8.0], [11.311855989906155, 141.55780410110359, -28.0, 8.0], [11.347473493781376, 144.2992625926407, -28.0, 8.0], [11.580659271895918, 147.0992434731839, -28.0, 8.0], [11.945557232836682, 149.9382392797311, -28.0, 8.0], [12.376311285190557, 152.79674254928037, -28.0, 8.0], [12.807065337544428, 155.6552458188296, -28.0, 8.0], [13.171963298485187, 158.49424162537682, -28.0, 8.0], [13.405149076599734, 161.29422250592, -28.0, 8.0]], "num_spline_nodes": 10, "road_bbox_size": [0.0, 0.0, 250.0, 250.0], "distance_to_boundary": -0.02334362531460732}, "seed": {"control_nodes": [[125.0, 0.0, -28.0, 8.0], [125.0, 25.0, -28.0, 8.0], [125.0, 50.0, -28.0, 8.0], [113.65023750651133, 72.2751631047092, -28.0, 8.0], [95.36639496603206, 89.32512210627166, -28.0, 8.0], [72.02688430360202, 98.28432084490417, -28.0, 8.0], [47.270182585062756, 101.7636483689058, -28.0, 8.0], [26.79138147783796, 116.10305927768195, -28.0, 8.0], [12.096750170526134, 136.32848413705563, -28.0, 8.0], [13.405149076599733, 161.29422250591998, -28.0, 8.0], [14.713547982673331, 186.25996087478433, -28.0, 8.0]],