{"name": "Road448", "members_distance": null, "m1": {"control_nodes": [[125.0, 0.0, -28.0, 8.0], [125.0, 25.0, -28.0, 8.0], [125.0, 50.0, -28.0, 8.0], [116.86079613857109, 73.63796438998293, -28.0, 8.0], [91.43214710214681, 91.37097416622886, -28.0, 8.0], [72.89146751595521, 94.14119905064248, -28.0, 8.0], [49.13476579741595, 96.62052657464412, -28.0, 8.0], [29.85092325693669, 114.67048557620657, -28.0, 8.0], [20.485758421538886, 137.85008194037627, -28.0, 8.0], [22.229670265142015, 162.78918319687187, -28.0, 8.0], [23.973582108745145, 187.72828445336748, -28.0, 8.0]], "sample_nodes": [[125.0, 25.0, -28.0, 8.0], [125.04465955479522, 27.785251224197626, -28.0, 8.0], [125.15630844178328, 30.581712618025016, -28.0, 8.0], [125.30145199486775, 33.3837790966673, -28.0, 8.0], [125.4465955479522, 36.185845575309585, -28.0, 8.0], [125.55824443494026, 38.98230696913698, -28.0, 8.0], [125.60290398973547, 41.767558193334594, -28.0, 8.0], [125.54707954624146, 44.535994163087565, -28.0, 8.0], [125.35727643836178, 47.282009793581004, -28.0, 8.0], [125.0, 50.0, -28.0, 8.0], [124.52922359114582, 52.72627782738408, -28.0, 8.0], [124.00542855789047, 55.48460488306789, -28.0, 8.0], [123.40488221328991, 58.25054892567922, -28.0, 8.0], [122.70385187040006, 60.99967771384589, -28.0, 8.0], [121.87860484227699, 63.70755900619573, -28.0, 8.0], [120.90540844197655, 66.34976056135653, -28.0, 8.0], [119.76052998255481, 68.90185013795613, -28.0, 8.0], [118.42023677706766, 71.33939549462231, -28.0, 8.0], [116.86079613857109, 73.63796438998293, -28.0, 8.0], [114.78255690220612, 76.09308848039254, -28.0, 8.0], [112.33480792001758, 78.49319424516611, -28.0, 8.0], [109.59585698891624, 80.80991921627339, -28.0, 8.0], [106.64401190581302, 83.01490092568406, -28.0, 8.0], [103.55758046761864, 85.07977690536788, -28.0, 8.0], [100.41487047124397, 86.97618468729452, -28.0, 8.0], [97.29418971359992, 88.67576180343376, -28.0, 8.0], [94.27384599159726, 90.15014578575531, -28.0, 8.0], [91.43214710214681, 91.37097416622886, -28.0, 8.0], [89.33762447219733, 92.10493052747638, -28.0, 8.0], [87.28467898497365, 92.64495044684253, -28.0, 8.0], [85.2591826279189, 93.0284902283858, -28.0, 8.0], [83.24700738847623, 93.29300617616474, -28.0, 8.0], [81.23402525408883, 93.47595459423786, -28.0, 8.0], [79.20610821219987, 93.61479178666366, -28.0, 8.0], [77.14912825025249, 93.74697405750067, -28.0, 8.0], [75.0489573556899, 93.90995771080745, -28.0, 8.0], [72.89146751595521, 94.14119905064248, -28.0, 8.0], [70.3545124219601, 94.36827696419225, -28.0, 8.0], [67.71236258941842, 94.46339520262485, -28.0, 8.0], [64.99910021731937, 94.48829393982447, -28.0, 8.0], [62.24880750465219, 94.50471334967533, -28.0, 8.0], [59.49556665040603, 94.57439360606156, -28.0, 8.0], [56.773459853570145, 94.75907488286738, -28.0, 8.0], [54.116569313133695, 95.12049735397697, -28.0, 8.0], [51.55897722808589, 95.72040119327447, -28.0, 8.0], [49.13476579741595, 96.62052657464412, -28.0, 8.0], [46.68197887204444, 97.89903584178381, -28.0, 8.0], [44.26880900228841, 99.4550944843023, -28.0, 8.0], [41.91150649512056, 101.24765009843371, -28.0, 8.0], [39.62632165751363, 103.23565028041227, -28.0, 8.0], [37.42950479644027, 105.37804262647202, -28.0, 8.0], [35.3373062188732, 107.63377473284723, -28.0, 8.0], [33.365976231785126, 109.96179419577193, -28.0, 8.0], [31.53176514214872, 112.32104861148034, -28.0, 8.0], [29.85092325693669, 114.67048557620657, -28.0, 8.0], [28.342635714608605, 116.9930736228803, -28.0, 8.0], [26.933583497950995, 119.41521216934926, -28.0, 8.0], [25.63134936079028, 121.92133557217862, -28.0, 8.0], [24.443516056952845, 124.49587818793367, -28.0, 8.0], [23.37766634026509, 127.12327437317956, -28.0, 8.0], [22.44138296455342, 129.78795848448158, -28.0, 8.0], [21.64224868364423, 132.47436487840488, -28.0, 8.0], [20.98784625136392, 135.1669279115147, -28.0, 8.0], [20.48575842153889, 137.8500819403763, -28.0, 8.0], [20.191885178197083, 140.54385840844446, -28.0, 8.0], [20.126593759526074, 143.2738386808815, -28.0, 8.0], [20.24416780059171, 146.03278199681358, -28.0, 8.0], [20.49889093645983, 148.81344759536705, -28.0, 8.0], [20.845046802196265, 151.608594715668, -28.0, 8.0], [21.236919032866865, 154.41098259684273, -28.0, 8.0], [21.628791263537455, 157.21337047801748, -28.0, 8.0], [21.9749471292739, 160.00851759831846, -28.0, 8.0], [22.229670265142012, 162.78918319687187, -28.0, 8.0]], "num_spline_nodes": 10, "road_bbox_size": [0.0, 0.0, 250.0, 250.0], "distance_to_boundary": -1.1460409578895048}, "seed": {"control_nodes": [[125.0, 0.0, -28.0, 8.0], [125.0, 25.0, -28.0, 8.0], [125.0, 50.0, -28.0, 8.0], [116.86079613857109, 73.63796438998293, -28.0, 8.0], [97.43214710214681, 89.37097416622886, -28.0, 8.0], [72.89146751595521, 94.14119905064248, -28.0, 8.0], [48.13476579741595, 97.62052657464412, -28.0, 8.0], [29.85092325693669, 114.67048557620657, -28.0, 8.0], [20.485758421538886, 137.85008194037627, -28.0, 8.0], [22.229670265142015, 162.78918319687187, -28.0, 8.0], [23.973582108745145, 187.72828445336748, -28.0, 8.0]],