{"name": "Road680", "members_distance": null, "m1": {"control_nodes": [[125.0, 0.0, -28.0, 8.0], [125.0, 25.0, -28.0, 8.0], [125.0, 50.0, -28.0, 8.0], [116.69070738193159, 73.90761889907589, -28.0, 8.0], [115.51181381324014, 100.81248635136953, -28.0, 8.0], [108.46508022811146, 116.62614014240258, -28.0, 8.0], [88.77044892079964, 143.85156500177627, -28.0, 8.0], [74.4309382583696, 152.81076374040876, -28.0, 8.0], [49.4461675828922, 151.93827632284624, -28.0, 8.0], [28.967366475667408, 166.2776872316224, -28.0, 8.0], [8.488565368442611, 180.61709814039855, -28.0, 8.0]], "sample_nodes": [[125.0, 25.0, -28.0, 8.0], [125.04517255241042, 27.784557631354026, -28.0, 8.0], [125.15810393343651, 30.579285043072414, -28.0, 8.0], [125.3049147287704, 33.37909734497299, -28.0, 8.0], [125.45172552410426, 36.17890964687358, -28.0, 8.0], [125.56465690513033, 38.973637058591976, -28.0, 8.0], [125.60982945754074, 41.758194689945995, -28.0, 8.0], [125.55336376702775, 44.52749765075347, -28.0, 8.0], [125.36138041928342, 47.2764610508322, -28.0, 8.0], [125.0, 50.0, -28.0, 8.0], [124.40390126776654, 52.69956350698061, -28.0, 8.0], [123.57823399909158, 55.35576042807277, -28.0, 8.0], [122.58633228068848, 57.9825520064697, -28.0, 8.0], [121.49153019927068, 60.59389948536473, -28.0, 8.0], [120.35716184155172, 63.203764107951116, -28.0, 8.0], [119.24656129424483, 65.82610711742217, -28.0, 8.0], [118.22306264406359, 68.47488975697111, -28.0, 8.0], [117.34999997772135, 71.16407326979127, -28.0, 8.0], [116.69070738193159, 73.90761889907589, -28.0, 8.0], [116.27654735420532, 76.84076469780823, -28.0, 8.0], [116.08637339646549, 79.8864096918297, -28.0, 8.0], [116.05453132015649, 83.00237036010805, -28.0, 8.0], [116.11536693672286, 86.14646318161107, -28.0, 8.0], [116.20322605760896, 89.2765046353066, -28.0, 8.0], [116.25245449425931, 92.3503112001624, -28.0, 8.0], [116.19739805811832, 95.3256993551463, -28.0, 8.0], [115.97240256063043, 98.16048557922606, -28.0, 8.0], [115.51181381324014, 100.81248635136953, -28.0, 8.0], [114.9997209534325, 102.77741899263171, -28.0, 8.0], [114.4246604313101, 104.61125685853038, -28.0, 8.0], [113.78459579444998, 106.34791271016982, -28.0, 8.0], [113.07749059042916, 108.02129930865436, -28.0, 8.0], [112.30130836682474, 109.66532941508822, -28.0, 8.0], [111.45401267121369, 111.31391579057569, -28.0, 8.0], [110.5335670511731, 113.00097119622106, -28.0, 8.0], [109.53793505428, 114.76040839312859, -28.0, 8.0], [108.46508022811146, 116.62614014240258, -28.0, 8.0], [106.78493268407934, 119.4794149838673, -28.0, 8.0], [104.87316613392362, 122.59768275863624, -28.0, 8.0], [102.77460177775654, 125.88577924870035, -28.0, 8.0], [100.53406081569034, 129.2485402360506, -28.0, 8.0], [98.19636444783721, 132.5908015026779, -28.0, 8.0], [95.80633387430936, 135.8173988305731, -28.0, 8.0], [93.408790295219, 138.8331680017273, -28.0, 8.0], [91.04855491067838, 141.5429447981314, -28.0, 8.0], [88.77044892079964, 143.85156500177627, -28.0, 8.0], [87.2213539254754, 145.2721496027315, -28.0, 8.0], [85.71207159987406, 146.58780508216242, -28.0, 8.0], [84.22080537477497, 147.79795269846076, -28.0, 8.0], [82.72575868095748, 148.90201371001842, -28.0, 8.0], [81.20513494920087, 149.8994093752272, -28.0, 8.0], [79.63713761028446, 150.7895609524788, -28.0, 8.0], [77.99997009498755, 151.57188970016506, -28.0, 8.0], [76.2718358340895, 152.2458168766778, -28.0, 8.0], [74.4309382583696, 152.81076374040873, -28.0, 8.0], [71.99376527834265, 153.19719236001234, -28.0, 8.0], [69.34905139616761, 153.19271444901142, -28.0, 8.0], [66.54943064305996, 152.91307155630807, -28.0, 8.0], [63.64753705023509, 152.47400523080418, -28.0, 8.0], [60.69600464890842, 151.99125702140174, -28.0, 8.0], [57.74746747029538, 151.58056847700277, -28.0, 8.0], [54.85455954561138, 151.3576811465092, -28.0, 8.0], [52.06991490607185, 151.43833657882305, -28.0, 8.0], [49.44616758289221, 151.93827632284626, -28.0, 8.0], [46.972952334786186, 152.86380655215768, -28.0, 8.0], [44.59245250989524, 154.1023388046448, -28.0, 8.0], [42.286125023576346, 155.59127267567246, -28.0, 8.0], [40.035426791186495, 157.2680077606056, -28.0, 8.0], [37.82181472808268, 159.06994365480892, -28.0, 8.0], [35.62674574962186, 160.93447995364744, -28.0, 8.0], [33.43167677116107, 162.79901625248596, -28.0, 8.0], [31.218064708057256, 164.60095214668934, -28.0, 8.0], [28.967366475667408, 166.2776872316224, -28.0, 8.0]], "num_spline_nodes": 10, "road_bbox_size": [0.0, 0.0, 250.0, 250.0], "distance_to_boundary": -0.44723055531993383}, "seed": {"control_nodes": [[125.0, 0.0, -28.0, 8.0], [125.0, 25.0, -28.0, 8.0], [125.0, 50.0, -28.0, 8.0], [117.69070738193159, 73.90761889907589, -28.0, 8.0], [115.51181381324014, 98.81248635136953, -28.0, 8.0], [112.46508022811146, 123.62614014240258, -28.0, 8.0], [97.77044892079964, 143.85156500177627, -28.0, 8.0], [74.4309382583696, 152.81076374040876, -28.0, 8.0], [49.4461675828922, 151.93827632284624, -28.0, 8.0], [28.967366475667408, 166.2776872316224, -28.0, 8.0], [8.488565368442611, 180.61709814039855, -28.0, 8.0]],