,direct_distance,end_time,max_angle,max_pivot_off,mean_angle,mean_pivot_off,median_angle,median_pivot_off,min_angle,min_pivot_off,num_l_turns,num_r_turns,num_straights,road_distance,safety,start_time,std_angle,std_pivot_off,test_duration,total_angle,test_id,duration
0,92.64423072414567,0,51.291570839893964,188.7855668291605,-21.4221888105057,38.392285954088294,0.26409181317194713,31.125805612338382,-308.8920851852622,0,4,4,4,191.35855691855065,NOT_EXECUTED,0,92.04389743160704,53.11028819093557,,-257.06626572606837,destination\00004_test.json,
1,121.08308928567554,0,313.8560140551647,188.7855668291605,-9.635875489011601,32.20689474960609,0.9698776965367175,23.854304010942034,-353.6470327819608,0,9,7,8,180.97666229304417,NOT_EXECUTED,0,118.7434405835885,42.11825902640463,,-231.2610117362783,destination\00003_test.json,
2,91.61173844303312,0,313.8560140551647,188.7855668291605,-10.903286352345248,31.097029013609042,0.0,25.790885059751822,-353.6470327819608,0,10,11,11,130.28523217596918,NOT_EXECUTED,0,102.8665363959278,38.5993946906045,,-348.90516327504776,destination\00002_test.json,
3,18.078635251603266,0,313.8560140551647,188.7855668291605,-11.17717138466446,30.328703786782864,0.7530546345343798,27.038810623453397,-353.6470327819608,0,15,12,13,210.3243467884496,NOT_EXECUTED,0,108.99923296829786,36.007185309133305,,-447.0868553865782,destination\00001_test.json,
