,direct_distance,full_road_diversity,max_angle,max_pivot_off,mean_angle,mean_pivot_off,mean_road_diversity,median_angle,median_pivot_off,min_angle,min_pivot_off,num_l_turns,num_r_turns,num_straights,road_distance,safety,std_angle,std_pivot_off,test_duration,total_angle,test_id
0,92.64423072414593,126.1383082559403,51.288003199265965,188.70959765306347,-21.42273088020922,38.38949656777451,10.511525687995025,0.26475995402818775,31.126388307088607,-308.899376693221,0,4,4,4,191.35853089018852,FAIL,92.0458824484561,53.0922085597384,18.352076292037964,-257.0727705625106,sample_tests\00004_test.json
1,121.08308928567571,115.31409425790899,313.85703216771276,65.0849328963377,2.150084058648817,26.021200109991057,9.609507854825749,3.141851552055809,13.010609955098703,-353.64723463469466,0,5,3,4,180.97664907738056,FAIL,143.89803700382188,28.371693138439262,13.410961389541626,25.80100870378584,sample_tests\00003_test.json
2,91.61173844303309,126.10201785864405,6.873293364522496,66.13756047523233,-14.705485515300184,27.767429267119695,15.762752232330506,-5.558623226360746,27.039046595784093,-52.79733255544701,0,1,4,3,130.2852318914422,FAIL,22.5923496044045,27.433614418293946,9.445077896118164,-117.64388412240149,sample_tests\00002_test.json
3,18.078635251603252,749.9600209707434,114.54664289256198,63.20775347676192,-12.274245188578192,27.257845980378445,93.74500262134292,7.986100586795567,30.25795209772845,-340.88900596427305,0,5,1,2,210.3243184252889,PASS,139.03383669247253,24.736608295890022,24.721208572387695,-98.19396150862548,sample_tests\00001_test.json
