,direct_distance,end_time,full_road_diversity,max_angle,max_pivot_off,mean_angle,mean_pivot_off,mean_road_diversity,median_angle,median_pivot_off,min_angle,min_pivot_off,num_l_turns,num_r_turns,num_straights,road_distance,safety,start_time,std_angle,std_pivot_off,test_duration,total_angle,test_id,duration
0,92.64423072414593,0,126.13830825594069,51.28800319926534,188.70959765305778,-21.422730880209393,38.38949656777401,10.511525687995057,0.26475995402789515,31.12638830708919,-308.89937669322165,0,4,4,4,191.35853089018852,FAIL,0,92.04588244845624,53.092208559736896,,-257.07277056251274,sample_tests\00004_test.json,
1,121.08308928567567,0,115.31409425790956,313.8570321677127,65.08493289633233,2.150084058648854,26.02120010999008,9.609507854825797,3.1418515520554653,13.010609955098797,-353.64723463469403,0,5,3,4,180.97664907738067,FAIL,0,143.89803700382174,28.371693138438143,,25.801008703786263,sample_tests\00003_test.json,
2,91.61173844303309,0,126.10201785864444,6.873293364522756,66.13756047523836,-14.705485515300305,27.76742926711987,15.762752232330556,-5.558623226360495,27.039046595782928,-52.79733255544657,0,1,4,3,130.28523189144224,FAIL,0,22.592349604404564,27.43361441829466,,-117.64388412240244,sample_tests\00002_test.json,
3,18.078635251603245,0,749.9600209707443,114.54664289256223,63.20775347676644,-12.2742451885781,27.257845980378917,93.74500262134303,7.986100586795331,30.257952097728406,-340.8890059642724,0,5,1,2,210.324318425289,PASS,0,139.0338366924724,24.736608295890875,,-98.19396150862481,sample_tests\00001_test.json,
