,direct_distance,end_time,full_road_diversity,max_angle,max_pivot_off,mean_angle,mean_pivot_off,mean_road_diversity,median_angle,median_pivot_off,min_angle,min_pivot_off,num_l_turns,num_r_turns,num_straights,road_distance,safety,start_time,std_angle,std_pivot_off,test_duration,total_angle,test_id,duration
0,92.64423072414593,0,126.13830825594069,51.28800319926534,188.70959765305778,-21.422730880209393,38.38949656777401,10.511525687995057,0.26475995402789515,31.12638830708919,-308.89937669322165,0,4,4,4,191.35853089018852,FAIL,0,92.04588244845624,53.092208559736896,,-257.07277056251274,sample_tests\00004_test.json,
1,121.08308928567567,0,241.45240251385025,313.8570321677127,188.70959765305778,-9.63632341078027,32.20534833888204,10.060516771410427,0.9705583338153734,23.854765632388087,-353.64723463469403,0,9,7,8,180.97664907738067,FAIL,0,118.74416240970605,42.106975533763,,-231.27176185872648,sample_tests\00003_test.json,
2,91.61173844303309,0,367.55442037249463,313.8570321677127,188.70959765305778,-10.90361393691028,31.0958685709415,11.486075636640457,0.0,25.7904978817986,-353.64723463469403,0,10,11,11,130.28523189144224,FAIL,0,102.86714399086937,38.59020981156038,,-348.91564598112893,sample_tests\00002_test.json,
3,18.078635251603245,0,1117.514441343239,313.8570321677127,188.70959765305778,-11.177740187243844,30.328264052828985,27.937861033580976,0.7531868965895994,27.039046595782928,-353.64723463469403,0,15,12,13,210.324318425289,PASS,0,108.999647864424,35.99961050130974,,-447.1096074897538,sample_tests\00001_test.json,
